"Document Title",Authors,"Author Affiliations","Publication Title",Date Added To Xplore,"Publication Year","Volume","Issue","Start Page","End Page","Abstract","ISSN",ISBNs,"DOI",Funding Information,PDF Link,"Author Keywords","IEEE Terms","INSPEC Controlled Terms","INSPEC Non-Controlled Terms","Mesh_Terms",Article Citation Count,Patent Citation Count,"Reference Count","License",Online Date,Issue Date,"Meeting Date","Publisher",Document Identifier
"A Algorithm for Detecting Concept Drift Based on Context in Process Mining","D. Fei; Z. Liqun; N. GuangYun; X. Xiaolei","Shandong Univ., Jinan, China; Shandong Univ., Jinan, China; Shandong Univ., Jinan, China; Shandong Univ., Jinan, China","2013 Fourth International Conference on Digital Manufacturing & Automation","16 Sep 2013","2013","","","5","8","In the field of process mining, we require certain techniques that can detect process changes in dynamic systems automatically. Through detecting changes in the process we can adjust and optimize the overall process timely. These technologies are named concept drift detection of process mining. The traditional concept drift algorithm in process mining domain mostly have high time complexity, high space complexity and low recognition rate of concept drift and without using the context in process. We arises a new algorithm that based on context has high recognition rate of concept drift, low time complexity and low space complexity. The algorithm reduces the extraction and calculation of sample properties by using the stability of the processes before and after the changes. The using of the time parameter and staff parameter could enhance the sensitivity of process's change.","","978-0-7695-5016-9","10.1109/ICDMA.2013.2","","https://ieeexplore.ieee.org/stamp/stamp.jsp?arnumber=6597920","Concept Drift;Process Mining;Context","Manufacturing;Automation","management of change;optimisation;process planning","concept drift detection;process complexity;process drift detection;process change sensitivity;staff parameter;time parameter;process stability;process optimization;process change detection;process mining","","1","1","8","","16 Sep 2013","","","IEEE","IEEE Conferences"
"Evaluation Goals for Online Process Mining: a Concept Drift Perspective","P. Ceravolo; G. Marques Tavares; S. B. Junior; E. Damiani","Computer Science, Universit degli Studi di Milano, 9304 Milano, MI Italy (e-mail: paolo.ceravolo@unimi.it); Computer Science, Universit degli Studi di Milano, 9304 Milano, Lombardia Italy (e-mail: gabriel.tavares@unimi.it); Computer Science Department, State University of Londrina, 207305 Londrina, PR Brazil (e-mail: barbon@uel.br); Electrical and Computer Engineering, Khalifa University of Science and Technology, 105955 Abu Dhabi, Abu Dhabi United Arab Emirates (e-mail: ernesto.damiani@ku.ac.ae)","IEEE Transactions on Services Computing","","2020","PP","99","1","1","Online process mining refers to a class of techniques for analyzing in real-time event streams generated by the execution of business processes. These techniques are crucial in the reactive monitoring of business processes, timely resource allocation and detection/prevention of dysfunctional behavior. Many interesting advances have been made by the research community in recent years, but there is no consensus on the exact set of properties these techniques have to achieve. This paper fills the gap by identifying a set of evaluation goals for online process mining and examining their fulfillment in the state of the art. We discuss parameters and techniques regulating the balance between conflicting goals and outline research needed for their improvement. Concept drift detection is crucial in this sense but, as demonstrated by our experiments, it is only partially supported by current solutions.","1939-1374","","10.1109/TSC.2020.3004532","","https://ieeexplore.ieee.org/stamp/stamp.jsp?arnumber=9124702","Online Process Mining;Event Stream;Requirements and Goals;Concept Drift","Business;Real-time systems;Memory management;Service computing;Data mining;Adaptation models;Analytical models","","","","1","","","IEEE","24 Jun 2020","","","IEEE","IEEE Early Access Articles"
"Process Mining over Unordered Event Streams","A. Awad; M. Weidlich; S. Sakr","Cairo University,Giza,Egypt; Humboldt-Universität zu Berlin,Berlin,Germany; University of Tartu,Tartu,Estonia","2020 2nd International Conference on Process Mining (ICPM)","22 Oct 2020","2020","","","81","88","Process mining is no longer limited to the one-off analysis of static event logs extracted from a single enterprise system. Rather, process mining may strive for immediate insights based on streams of events that are continuously generated by diverse information systems. This requires online algorithms that, instead of keeping the whole history of event data, work incrementally and update analysis results upon the arrival of new events. While such online algorithms have been proposed for several process mining tasks, from discovery through conformance checking to time prediction, they all assume that an event stream is ordered, meaning that the order of event generation coincides with their arrival at the analysis engine. Yet, once events are emitted by independent, distributed systems, this assumption may not hold true, which compromises analysis accuracy. In this paper, we provide the first contribution towards handling unordered event streams in process mining. Specifically, we formalize the notion of out-of-order arrival of events, where an online analysis algorithm needs to process events in an order different from their generation. Using directly-follows graphs as a basic model for many process mining tasks, we provide two approaches to handle such unorderedness, either through buffering or speculative processing. Our experiments with synthetic and real-life event data show that these techniques help mitigate the accuracy loss induced by unordered streams.","","978-1-7281-9832-3","10.1109/ICPM49681.2020.00022","","https://ieeexplore.ieee.org/stamp/stamp.jsp?arnumber=9230157","Process mining, event streams, unordered streams","Out of order;Data mining;Prediction algorithms;Task analysis;Predictive models;Engines;Computational modeling","business data processing;data mining;graph theory;information systems;program diagnostics","online algorithms;process mining;event stream;event generation;unordered event streams;online analysis algorithm;real-life event data;single enterprise system;diverse information systems;static event log extraction","","1","","30","","22 Oct 2020","","","IEEE","IEEE Conferences"
"Phenomenon of concept drift from process mining insight","M. V. Manoj Kumar; L. Thomas; B. Annappa","Department of CS&E, NITK, Surathkal, India; Department of CS&E, NITK, Surathkal, India; Department of CS&E, NITK, Surathkal, India","2014 IEEE International Advance Computing Conference (IACC)","27 Mar 2014","2014","","","517","522","Process mining is originated form the fact that the modern information systems systematically record and maintain history of the process which they monitor and support. Systematic study of the recorded information in process centric manner will help to understand the process in a better way. Process mining acts as enabling technology by facilitating process centric analysis of data, which other available data science like data mining etc. fails to provide. Process mining algorithms are able to provide excellent insights on the process which they analyze, but they fail to handle the change in the process. Concept drift is a phenomenon of change in the process while it is being analyzed and it is a non-stationary learning problem. As the process changes while it is being analyzed, end result of the analysis becomes obsolete. Process mining algorithms are static biased, they assume that process at the beginning of analysis period will remain as same at the end of analysis period. There is at most requirement to effectively deal with the change in process to conduct optimal analysis. The main focus of this paper is to identify different factors to be considered while designing the solution for the problem of concept drift and explain each of the identified factors briefly. As the phenomenon of concept drift is extensively under consideration for research in other scientific research disciplines, this article considers restricting the content strictly concerning to the context of process mining.","","978-1-4799-2572-8","10.1109/IAdCC.2014.6779378","","https://ieeexplore.ieee.org/stamp/stamp.jsp?arnumber=6779378","Change in process;Second order dynamics;process perspective;concept drift","Handheld computers;Conferences;Decision support systems;Hafnium compounds","data analysis;data mining;information systems;learning (artificial intelligence)","information systems;process centric data analysis;nonstationary learning problem;concept drift problem;process mining insight;optimal analysis;scientific research disciplines","","","","22","","27 Mar 2014","","","IEEE","IEEE Conferences"
"Heuristics-Based Process Mining on Extracted Philippine Public Procurement Event Logs","M. J. Sangil","Layertech Software Labs, Inc.,Daraga,Philippines","2020 7th International Conference on Behavioural and Social Computing (BESC)","16 Feb 2021","2020","","","1","4","Public procurement is a business process that is prone to corruption and administrative inefficiency, affecting quality of service delivery to the public. Using Bicol University's three-year procurement data as a sample, this paper explores the use of process mining on publicly-available procurement data to discover underlying structure of procurement processes of government entities in the Philippines, check for conformance with the prescribed process in the procurement law, and identify potentially problematic nodes. In this paper, event logs were generated from official public procurement data and mined with heuristics-based process mining algorithm, using free, open-sourced tools. The discovered processes revealed a concept drift in publication of contract award, a point for inspection and improvement for the agencies involved.","","978-1-7281-8605-4","10.1109/BESC51023.2020.9348306","","https://ieeexplore.ieee.org/stamp/stamp.jsp?arnumber=9348306","Procurement;Process mining;Conformance checking;Business process","Procurement;Social computing;Heuristic algorithms;Quality of service;Tools;Inspection;Data mining","business data processing;data mining;law administration;procurement;public administration;system monitoring","business process;procurement processes;Philippines;procurement law;official public procurement data;Bicol University three-year procurement data;heuristics-based process mining;process discovery;philippine public procurement event log extraction;official public procurement mining;open-sourced tool;free sourced tool","","","","20","","16 Feb 2021","","","IEEE","IEEE Conferences"
"Overlapping Analytic Stages in Online Process Mining","G. M. Tavares; P. Ceravolo; V. G. Turrisi Da Costa; E. Damiani; S. Barbon Junior",Londrina State University; Università degli Studi di Milano; Londrina State University; Khalifa University; Londrina State University,"2019 IEEE International Conference on Services Computing (SCC)","29 Aug 2019","2019","","","167","175","Process mining uses business event logs to understand the flow of activities, to identify anomalous cases and to enhance processes. Today, real-time process mining tools mainly deal with a single task at a time (process discovery, conformance checking, process enhancement or concept change detection). In this paper, we introduce an underlined layer overlapping with multiple online process mining tasks to smooth their integration. Following a case clustering approach, based on trace and time analysis, our proposal supports simultaneously?: process discovery, conformance checking, and concept drift detection. We evaluated our approach and compared it with other techniques using both real-life and synthetic data, obtaining promising results.","2474-2473","978-1-7281-2720-0","10.1109/SCC.2019.00037","","https://ieeexplore.ieee.org/stamp/stamp.jsp?arnumber=8813959","Process Mining;Concept Drift;Anomaly detection;Clustering;Stream Mining","","business data processing;data mining;pattern clustering","process discovery;conformance checking;process enhancement;multiple online process mining tasks;case clustering approach;concept drift detection;overlapping analytic stages;business event logs;process mining tools","","2","","25","","29 Aug 2019","","","IEEE","IEEE Conferences"
"Time-aware Concept Drift Detection Using the Earth Mover’s Distance","T. Brockhoff; M. S. Uysal; W. M. P. van der Aalst","RWTH Aachen University,Process and Data Science Group (PADS) Computer Sience 9,Aachen,Germany; RWTH Aachen University,Process and Data Science Group (PADS) Computer Sience 9,Aachen,Germany; RWTH Aachen University,Process and Data Science Group (PADS) Computer Sience 9,Aachen,Germany","2020 2nd International Conference on Process Mining (ICPM)","22 Oct 2020","2020","","","33","40","Modern business processes are embedded in a complex environment and, thus, subjected to continuous changes. While current approaches focus on the control flow only, additional perspectives, such as time, are neglected. In this paper, we investigate a more general concept drift detection framework that is based on the Earth Mover's Distance. Our approach is flexible in terms of incorporating additional perspectives thanks to the capability of defining custom feature representations, as well as expressive feature similarity measures. We demonstrate the former by incorporating the time perspective using both a time-binning-based trace descriptor and a suitable similarity measure that considers time and control flow. We evaluate the resulting sliding window detector on different types of control-flow and time drifts, and holistic drifts involving multiple perspectives.","","978-1-7281-9832-3","10.1109/ICPM49681.2020.00016","","https://ieeexplore.ieee.org/stamp/stamp.jsp?arnumber=9230247","Process Mining;Concept Drift Detection;Earth Mover’s Distance","Earth;Detectors;Time measurement;Probability distribution;Frequency measurement;Feature extraction;Data mining","business data processing;data analysis;data mining;feature extraction","Earth Mover Distance;business processes;complex environment;feature representations;feature similarity measures;time perspective;time-binning-based trace descriptor;control-flow;time drifts;time-aware concept drift detection","","","","31","","22 Oct 2020","","","IEEE","IEEE Conferences"
"Process Discovery from Event Stream Data in the Cloud - A Scalable, Distributed Implementation of the Flexible Heuristics Miner on the Amazon Kinesis Cloud Infrastructure","J. Evermann; J. Rehse; P. Fettke","Memorial Univ. of Newfoundland, St. John's, NL, Canada; Deutsches Forschungszentrum fur Kunstliche Intelligenz, Saarbrucken, Germany; Deutsches Forschungszentrum fur Kunstliche Intelligenz, Saarbrucken, Germany","2016 IEEE International Conference on Cloud Computing Technology and Science (CloudCom)","26 Jan 2017","2016","","","645","652","Cloud computing offers readily available, scalable infrastructure to tackle problems involving high data volume and velocity. Discovering processes from event streams, especially when the business processes execute in a cloud environment, is such a problem. Event stream data is generated rapidly with varying volume and must be processed on-the-fly, making stream processing an important use case for cloud computing. This paper describes a distributed, streaming implementation of the flexible heuristics miner on Amazon Kinesis, a cloud-based event stream infrastructure, showing how mining methods can scale effortlessly to tens of millions of events per minute.","2330-2186","978-1-5090-1445-3","10.1109/CloudCom.2016.0111","","https://ieeexplore.ieee.org/stamp/stamp.jsp?arnumber=7830752","Process mining;event stream processing;big data;cloud computing;flexible heuristics miner;distributed processing","Cloud computing;Data mining;Big data;Scalability;Frequency measurement;Business;Distributed databases","business data processing;cloud computing;data mining","cloud-based event stream infrastructure;cloud environment;cloud computing;business processes;Amazon Kinesis cloud infrastructure;flexible heuristics miner;scalable distributed implementation;event stream data processing","","1","","16","","26 Jan 2017","","","IEEE","IEEE Conferences"
"A Framework for Online Process Concept Drift Detection from Event Streams","N. Liu; J. Huang; L. Cui","State Key Lab. of Networking & Switching Technol. Beijing Univ. of Posts & Telecommun., Beijing, China; State Key Lab. of Networking & Switching Technol. Beijing Univ. of Posts & Telecommun., Beijing, China; Sch. of Software Eng., Shandong Univ., Jinan, China","2018 IEEE International Conference on Services Computing (SCC)","6 Sep 2018","2018","","","105","112","Business processes are prone to variations due to the phenomenon known as concept drift, which refers to the situation where the business process is changing while being executed. Concept drift detection of business processes is one of the most critical problems in process mining. Most of the state-of-the-art approaches use statistical hypothesis testing for change point detection by sliding-window-based analysis and feature extraction, which suffer from bad performance and missed detection of certain types of changes. To attack such challenges, this paper proposes a framework as well as detailed models and techniques for online process concept drift detection without any feature extraction. A streaming scheme is presented to detect, locate, and classify the concept drifts simultaneously without requiring any storage of the event traces that have been analyzed. Four types of process concept drifts which are sudden drift, gradual drift, recurring drift, and incremental drift can be precisely discovered, and noise as well as flexibility in business processes are fully considered. The efficacy of the approach is also validated by simulation experiments on large-scale business process event streams.","2474-2473","978-1-5386-7250-1","10.1109/SCC.2018.00021","","https://ieeexplore.ieee.org/stamp/stamp.jsp?arnumber=8456407","online process concept drift detection;process mining;process change point detection and localization","Business;Feature extraction;Testing;Process control;Monitoring;Data mining;Heuristic algorithms","business data processing;data mining;feature extraction;pattern classification;statistical testing","gradual drift;incremental drift;online process concept drift detection;process mining;change point detection;feature extraction;process concept drifts;sudden drift;business process event streams;statistical hypothesis testing;recurring drift;sliding window","","","","21","","6 Sep 2018","","","IEEE","IEEE Conferences"
"Handling Concept Drift for Predictions in Business Process Mining","L. Baier; J. Reimold; N. Kühl","Karlsruhe Institute of Technology (KIT),Karlsruhe,Germany; Karlsruhe Institute of Technology (KIT),Karlsruhe,Germany; Karlsruhe Institute of Technology (KIT),Karlsruhe,Germany","2020 IEEE 22nd Conference on Business Informatics (CBI)","15 Jul 2020","2020","1","","76","83","Predictive services nowadays play an important role across all business sectors. However, deployed machine learning models are challenged by changing data streams over time which is described as concept drift. Prediction quality of models can be largely influenced by this phenomenon. Therefore, concept drift is usually handled by retraining of the model. However, current research lacks a recommendation which data should be selected for the retraining of the machine learning model. Therefore, we systematically analyze different data selection strategies in this work. Subsequently, we instantiate our findings on a use case in process mining which is strongly affected by concept drift. We can show that we can improve accuracy from 0.5400 to 0.7010 with concept drift handling. Furthermore, we depict the effects of the different data selection strategies.","2378-1971","978-1-7281-9926-9","10.1109/CBI49978.2020.00016","","https://ieeexplore.ieee.org/stamp/stamp.jsp?arnumber=9140292","","Data models;Predictive models;Machine learning;Adaptation models;Business;Data mining;Computational modeling","business data processing;data mining;learning (artificial intelligence)","data selection;concept drift handling;business process mining;predictive services;business sectors;machine learning;data streams","","","","39","","15 Jul 2020","","","IEEE","IEEE Conferences"
"Unraveling Process Evolution by Handling Concept Drifts in Process Mining","T. Li; T. He; Z. Wang; Y. Zhang; D. Chu","Sch. of Comput. Sci. & Technol., Harbin Inst. of Technol., Harbin, China; Coll. of Comput. Sci. & Technol., Huaqiao Univ., Xiamen, China; Sch. of Comput. Sci. & Technol., Harbin Inst. of Technol., Harbin, China; Birmingham Bus. Sch., Univ. of Birmingham, Birmingham, UK; Sch. of Comput. Sci. & Technol., Harbin Inst. of Technol. (Weihai), Weihai, China","2017 IEEE International Conference on Services Computing (SCC)","14 Sep 2017","2017","","","442","449","Business processes change over time in response to changing circumstances, it is crucial for process managers to discover and understand such changes from event logs. While existing techniques in process mining cannot efficiently detect and locate concept drifts in uncompleted event logs. Hence, an appropriate method, which could prompt to unravel the process evolution, may greatly assist organizations to manage the flexibility and change of business processes in the context of business process management (BMP). In this paper, we first proposed an extensible feature and employed it with the sliding window technique and heuristic miner for detecting and locating concept drifts in uncompleted event logs. Then, Genetic Process Mining (GPM) was improved by the Weight Heuristic Miner (WHM) and Differential Evolution (DE) for mining the new process model of an evolving process. Finally, experimental results on four event logs which are created based on a real-world business process have validated the proposed method.","2474-2473","978-1-5386-2005-2","10.1109/SCC.2017.63","","https://ieeexplore.ieee.org/stamp/stamp.jsp?arnumber=8035016","the new process model;concept drift detection;GPM;process change;process mining;process evolution","Feature extraction;Computer science;Noise measurement;Organizations;Genetics;Analytical models","business data processing;data mining","uncompleted event logs;Genetic Process Mining;real-world business process;unraveling process evolution;process mining Business processes;business process management;sliding window technique;detecting locating concept drifts","","2","","17","","14 Sep 2017","","","IEEE","IEEE Conferences"
"Using Process Mining to Bridge the Gap between BI and BPM","W. v. d. Aalst","Eindhoven University of Technology, The Netherlands","Computer","8 Dec 2011","2011","44","12","77","80","Process mining techniques enable process-centric analytics through automated process discovery, conformance checking, and model enhancement.","1558-0814","","10.1109/MC.2011.384","","https://ieeexplore.ieee.org/stamp/stamp.jsp?arnumber=6096556","Discovery analytics;Process mining;Business intelligence;Business process management","Process design;Organizational aspects;Knowledge discovery;Business process re-engineering","business data processing;competitive intelligence;data mining","process mining;BI;BPM;process-centric analytics;automated process discovery;conformance checking;model enhancement","","5","","","","8 Dec 2011","","","IEEE","IEEE Magazines"
"Assessing Software Development Teams' Efficiency using Process Mining","J. Caldeira; F. Brito e Abreu; J. Reis; J. Cardoso","Instituto Universitário de Lisboa (ISCTE-IUL), Lisboa, Portugal; Instituto Universitário de Lisboa (ISCTE-IUL), Lisboa, Portugal; Instituto Universitário de Lisboa (ISCTE-IUL), Lisboa, Portugal; CISUC, Dept. of Informatics Engineering, University of Coimbra, Portugal","2019 International Conference on Process Mining (ICPM)","5 Aug 2019","2019","","","65","72","Context. Improving the efficiency and effectiveness of software development projects implies understanding their actual process. Given the same requirements specification, different software development teams may follow different strategies and that may lead to inappropriate use of tools or non-optimized allocation of effort on spurious activities, non-aligned with the desired goals. However, due to its intangibility, the actual process followed by each developer or team is often a black box. Objective. The overall goal of this study is to improve the knowledge on how to measure efficiency in development teams where a great deal of variability may exist due to the human-factor. The main focus is on the discovery of the underlying processes and compare them in terms of efficiency and effectiveness. By doing so, we expect to reveal potentially hidden costs and risks, so that corrective actions may take place on a timely manner during the software project life cycle. Method. Several independent teams of Java programmers, using the Eclipse IDE, were assigned the same software quality task, related to code smells detection for identifying refactoring opportunities and the quality of the outcomes were assessed by independent experts. The events corresponding to the activity of each team upon the IDE, while performing the given task, were captured. Then, we used process mining techniques to discover development process models, evaluate their quality and compare variants against a reference model used as ""best practice"". Results. Teams whose process model was less complex, had the best outcomes and vice-versa. Comparing less complex process variants with the """"best practice"""" process, showed that they were also the ones with less differences in the control-flow perspective, based on activities frequencies. We have also determined which teams were most efficient through process analysis. Conclusions. We confirmed that, even for a well-defined software development task, there may be a great deal of process variability due to the human factor. We were able to identify when developers were more or less focused in the essential tasks they were required to perform. Less focused teams had the more complex process models, due to the spurious / non-essential actions that were carried out. In other words, they were less efficient. Experts' opinion confirmed that those teams also were less effective in their expected delivery. We therefore concluded that a self-awareness of the performed process rendered by our approach, may be used to identify corrective actions that will improve process efficiency (less wasted effort) and may yield to better deliverables, i.e. improved process effectiveness.","","978-1-7281-0919-0","10.1109/ICPM.2019.00020","","https://ieeexplore.ieee.org/stamp/stamp.jsp?arnumber=8786041","software development;process mining;software process analytics;ide usage;efficiency assessment","Data mining;Task analysis;Tools;Java;Human factors;Software quality","data mining;human factors;Java;project management;software development management;software maintenance;software metrics;software quality","software project life cycle;software quality task;process variability;human factor;complex process models;process mining;software development projects;nonoptimized allocation;software development teams efficiency;Java programmers;Eclipse IDE;control-flow perspective","","3","","36","","5 Aug 2019","","","IEEE","IEEE Conferences"
"Service Mining: Using Process Mining to Discover, Check, and Improve Service Behavior","W. v. d. Aalst","Eindhoven University of Technology, Eindhoven and Queensland University of Technology, Brisbane","IEEE Transactions on Services Computing","9 Dec 2013","2013","6","4","525","535","Web services are an emerging technology to implement and integrate business processes within and across enterprises. Service orientation can be used to decompose complex systems into loosely coupled software components that may run remotely. However, the distributed nature of services complicates the design and analysis of service-oriented systems that support end-to-end business processes. Fortunately, services leave trails in so-called event logs and recent breakthroughs in process mining research make it possible to discover, analyze, and improve business processes based on such logs. Recently, the task force on process mining released the process mining manifesto. This manifesto is supported by 53 organizations and 77 process mining experts contributed to it. The active participation from end-users, tool vendors, consultants, analysts, and researchers illustrate the growing significance of process mining as a bridge between data mining and business process modeling. In this paper, we focus on the opportunities and challenges for service mining, i.e., applying process mining techniques to services. We discuss the guiding principles and challenges listed in the process mining manifesto and also highlight challenges specific for service-orientated systems.","1939-1374","","10.1109/TSC.2012.25","","https://ieeexplore.ieee.org/stamp/stamp.jsp?arnumber=6275430","Process mining;business process management;service discovery;conformance checking","Data mining;Web services;Computational modeling;Context;Analytical models;Customer services","business data processing;data mining;Web services","service mining;business process modeling;data mining;tool vendors;end-users;process mining experts;process mining manifesto;task force;event logs;end-to-end business processes;service-oriented systems;software components;complex systems;service orientation;enterprises;Web services;service behavior","","35","","39","","20 Aug 2012","","","IEEE","IEEE Journals"
"Dealing With Concept Drifts in Process Mining","R. P. J. C. Bose; W. M. P. van der Aalst; I. Žliobaitė; M. Pechenizkiy","Department of Mathematics and Computer Science, Eindhoven University of Technology, Eindhoven, The Netherlands; Department of Mathematics and Computer Science, Eindhoven University of Technology, Eindhoven, The Netherlands; Department of Information and Computer Science, Aalto University, Aalto, Finland; Department of Mathematics and Computer Science, Eindhoven University of Technology, Eindhoven, The Netherlands","IEEE Transactions on Neural Networks and Learning Systems","13 Dec 2013","2014","25","1","154","171","Although most business processes change over time, contemporary process mining techniques tend to analyze these processes as if they are in a steady state. Processes may change suddenly or gradually. The drift may be periodic (e.g., because of seasonal influences) or one-of-a-kind (e.g., the effects of new legislation). For the process management, it is crucial to discover and understand such concept drifts in processes. This paper presents a generic framework and specific techniques to detect when a process changes and to localize the parts of the process that have changed. Different features are proposed to characterize relationships among activities. These features are used to discover differences between successive populations. The approach has been implemented as a plug-in of the ProM process mining framework and has been evaluated using both simulated event data exhibiting controlled concept drifts and real-life event data from a Dutch municipality.","2162-2388","","10.1109/TNNLS.2013.2278313","","https://ieeexplore.ieee.org/stamp/stamp.jsp?arnumber=6634264","Concept drift;flexibility;hypothesis tests;process changes;process mining","Data mining;Process control;Organizations;Data models;Predictive models;Context","business data processing;data mining","concept drifts;business processes;process management;ProM process mining framework;event data simulation;Dutch municipality","","82","","58","","16 Oct 2013","","","IEEE","IEEE Journals"
"Process Mining for Cloud-Based Applications: A Systematic Literature Review","N. M. El-Gharib; D. Amyot",University of Ottawa; University of Ottawa,"2019 IEEE 27th International Requirements Engineering Conference Workshops (REW)","19 Dec 2019","2019","","","34","43","Process mining uses event log data to discover processes, hence enabling multiple requirements elicitation activities. As the number of applications deployed on a cloud infrastructure is increasing, it becomes important to understand their processes and the ways these existing systems are actually used. However, the cloud brings new challenges to process mining that deserve special attention. This paper reports on a systematic literature review based on a selection of 27 papers. The aim is to assess the applicability of process mining techniques to cloud-based applications, to document the processes of these existing systems. We observe there is a growing interest in applying process mining to these areas, and we report on algorithms, tools, and validation approaches taken. We also report on many cloud-specific challenges for process mining, which require further attention from the research community.","","978-1-7281-5165-6","10.1109/REW.2019.00012","","https://ieeexplore.ieee.org/stamp/stamp.jsp?arnumber=8933636","Cloud applications;Process mining;Requirements elicitation;User behavior","Cloud computing;Data mining;Heuristic algorithms;Web services;Big Data;Monitoring;Computational modeling","cloud computing;data mining","cloud-based applications;systematic literature review;process mining techniques;requirements elicitation activities","","1","","43","","19 Dec 2019","","","IEEE","IEEE Conferences"
"Online Discovery of Declarative Process Models from Event Streams","A. Burattin; M. Cimitile; F. M. Maggi; A. Sperduti","University of Innsbruck, Austria; Unitelma Sapienza University, Italy; University of Tartu, Estonia; University of Padua, Italy","IEEE Transactions on Services Computing","7 Dec 2015","2015","8","6","833","846","Today's business processes are often controlled and supported by information systems. These systems record real-time information about business processes during their executions. This enables the analysis at runtime of the process behavior. However, many modern systems produce “big data”, i.e., collections of data sets so large and complex that it becomes impossible to store and process all of them. Moreover, few processes are in steady-state but, due to changing circumstances, they evolve and systems need to adapt continuously. In this paper, we present a novel framework for the discovery of LTL-based declarative process models from streaming event data in settings where it is impossible to store all events over an extended period of time or where processes evolve while being analyzed. The framework continuously updates a set of valid business constraints based on the events occurred in the event stream. In addition, our approach is able to provide meaningful information about the most significant concept drifts, i.e., changes occurring in a process during its execution. We report about experimental results obtained using synthetic logs and a real-life event log pertaining to the treatment of patients diagnosed with cancer in a large Dutch academic hospital.","1939-1374","","10.1109/TSC.2015.2459703","","https://ieeexplore.ieee.org/stamp/stamp.jsp?arnumber=7164336","Process Discovery;Event Stream Analysis;Big Data;Declarative Process Models;Concept Drifts;Operational Decision Support.;Process discovery;event stream analysis;big data;declarative process models;concept drifts;operational decision support","Approximation algorithms;Data models;Data mining;Algorithm design and analysis;Data structures;Big data","Big Data;business data processing;data mining;information systems","online discovery of declarative process models;event streams;business processes;information systems;process behavior;big data;LTL-based declarative process model discovery;streaming event data;synthetic logs;event log;patient treatment;cancer;Dutch academic hospital","","40","","42","","22 Jul 2015","","","IEEE","IEEE Journals"
"A Cross-Organizational Process Mining Framework for Obtaining Insights from Software Products: Accurate Comparison Challenges","Ü. Aksu; D. M. M. Schunselaar; H. A. Reijers","Vrije Univ. Amsterdam, Amsterdam, Netherlands; Vrije Univ. Amsterdam, Amsterdam, Netherlands; Vrije Univ. Amsterdam, Amsterdam, Netherlands","2016 IEEE 18th Conference on Business Informatics (CBI)","12 Dec 2016","2016","01","","153","162","Software vendors offer various software products to large numbers of enterprises to support their organization, in particular Enterprise Resource Planning (ERP) software. Each of these enterprises use the same product for similar goals, albeit with different processes and configurations. Therefore, software vendors want to obtain insights into how the enterprises use the software product, what the differences are in usage between enterprises, and the reasons behind these differences. Cross-organizational process mining is a possible solution to address these needs, as it aims at comparing enterprises based on their usage. In this paper, we present a novel Cross-Organizational Process Mining Framework which takes as input, besides event log, semantics (meaning of terms in an enterprise) and organizational context (characteristics of an enterprise). The framework provides reasoning capabilities to determine what to compare and how. Besides, the framework enables one to create a catalog of metrics by deducing diagnostics from the usage. By using this catalog, the framework can monitor the (positive) effects of changes on processes. An enterprise operating in a similar context might also benefit from the same changes. To accommodate these improvement suggestions, the framework creates an improvement catalog of observed changes. Later, we provide a set of challenges which have to be met in order to obtain the inputs from current products to show the feasibility of the framework. Next to this, we provide preliminary results showing they can be met and illustrate an example application of the framework in cooperation with an ERP software vendor.","2378-1971","978-1-5090-3231-0","10.1109/CBI.2016.25","","https://ieeexplore.ieee.org/stamp/stamp.jsp?arnumber=7780310","Cross-Organizational Process Mining;Framework;ERP","Organizations;Measurement;Semantics;Context;Software;Data mining","data mining;DP industry;enterprise resource planning;organisational aspects;reasoning about programs;software product lines","cross-organizational process mining;software products;enterprise resource planning software;reasoning capabilities;ERP software vendor;metrics catalog","","3","","16","","12 Dec 2016","","","IEEE","IEEE Conferences"
"Towards Goal-Oriented Process Mining","M. Ghasemi","Sch. of Electr. Eng. & Comput. Sci., Univ. of Ottawa, Ottawa, ON, Canada","2018 IEEE 26th International Requirements Engineering Conference (RE)","14 Oct 2018","2018","","","484","489","The growth of our digital world makes it possible to record many types of events. In particular, the number of business processes whose events are being logged is significantly increasing. Process mining is an approach that exploits event logs to discover real processes executed in organizations, enabling them to (re) design and improve process models. Goal modeling, on the other hand, is a requirements engineering approach mainly used to analyze what-if situations and support decision making. Common problems with process mining include the complexity of discovered ""spaghetti"" processes and a lack of goal-process alignment. Current process mining practices are mainly oriented towards activities and do not profit from considering stakeholder goals and requirements to manage complexity and alignment. Involving goal-related factors can augment the precision and interpretability of mined models and lead to better opportunities to satisfy stakeholders. In this research, I propose two methods (for goal-oriented process and enhancement discovery, and for conformance checking) that show potentially synergetic effects achievable by combining process mining and goal-oriented modeling. The paper reports on the research method, the gap/problems being addressed, preliminary solutions, expected contributions, and main foreseen challenges.","2332-6441","978-1-5386-7418-5","10.1109/RE.2018.00066","","https://ieeexplore.ieee.org/stamp/stamp.jsp?arnumber=8491173","Process Mining;Goal Modeling;Requirements Engineering, Event Logs;Data-Driven;Goal Mining","Requirements engineering;Conferences;Medical services","business data processing;data mining;decision making;formal specification;systems analysis","stakeholder goals;goal-oriented modeling;business processes;event logs;requirements engineering approach;goal-process alignment;spaghetti processes;goal-oriented process mining;what-if situations;decision making;potentially synergetic effects","","2","","13","","14 Oct 2018","","","IEEE","IEEE Conferences"
"Handling Concept Drift in Predictive Process Monitoring","M. Maisenbacher; M. Weidlich","Humboldt-Univ. zu Berlin, Berlin, Germany; Humboldt-Univ. zu Berlin, Berlin, Germany","2017 IEEE International Conference on Services Computing (SCC)","14 Sep 2017","2017","","","1","8","Predictive process monitoring emerged as a technique to anticipate the outcome of a running instance of a business process. To this end, it first constructs a forecast model based on an encoding of traces of past process executions that are labelled with the prediction target. This model is then used to predict the outcome of a running process instance. However, existing approaches neglect that real-world processes are subject to continuous change, so that prediction models need to adapt to concept drift. In this paper, we take up ideas on incremental learning from general data mining and present a paradigm for predictive process monitoring under concept drift. It is grounded in a systematic experimental study that answers the questions of which encoding of process traces and which incremental learning strategies are particularly suited for predictive monitoring of continuously evolving processes.","2474-2473","978-1-5386-2005-2","10.1109/SCC.2017.10","","https://ieeexplore.ieee.org/stamp/stamp.jsp?arnumber=8034961","Predictive Monitoring;Concept Drift;Incremental Learning","Monitoring;Business;Encoding;Process control;Predictive models;Data mining;Supervised learning","business data processing;data mining;learning (artificial intelligence);process monitoring","concept drift;predictive process monitoring;running instance;business process;forecast model;process executions;prediction target;running process instance;real-world processes;prediction models;process traces;predictive monitoring","","3","","33","","14 Sep 2017","","","IEEE","IEEE Conferences"
"A Self-Adaptive Process Mining Algorithm Based on Information Entropy to Deal With Uncertain Data","W. Li; Y. Fan; W. Liu; M. Xin; H. Wang; Q. Jin","School of Computer Engineering and Science, Shanghai University, Shanghai, China; School of Computer Engineering and Science, Shanghai University, Shanghai, China; School of Computer Engineering and Science, Shanghai University, Shanghai, China; School of Computer Engineering and Science, Shanghai University, Shanghai, China; Department of ICT and Natural Sciences, Norwegian University of Science and Technology, Aalesund, Norway; Faculty of Human Sciences, Waseda University, Tokorozawa, Japan","IEEE Access","23 Sep 2019","2019","7","","131681","131691","Process mining is a technology to gain knowledge of the business process by using the event logs and achieve a model of the process, which contributes to the detection and improvement of the business process. However, most existing process mining algorithms have drawbacks associated with managing uncertain data, and the method of using the frequency threshold alone needs to be enhanced. This paper improves correlation measures in heuristic mining to build a correlation matrix based on an improved frequency matrix. Combined with the maximum entropy principle, a self-adaptive method to determine the threshold is given, which is used to remove the uncertain data relationship in the logs. Furthermore, this study identifies a selective and parallel structure through a modified frequency matrix, and we can get a Petri net-based process model from a directed graph. The recognition of parallel structures contributes to eliminating imbalances when calculating the threshold to deal with the uncertain data. Finally, this paper presents an algorithm framework for adaptively removing uncertain data. This study represents a new attempt to use entropy to remove uncertain data in the field of Business Process Management (BPM). The threshold to deal with the uncertain data does not need to set the parameters in advance. Therefore, the proposed algorithm is self-adaptive and universal. Experimental results show that the algorithm proposed in this study has a higher degree of behavioral and structural appropriateness, and fitness, for the uncertain log data compared to traditional algorithms.","2169-3536","","10.1109/ACCESS.2019.2939565","National Key R&D Program of China(grant numbers:2017YFE0117500); National Natural Science Foundation of China(grant numbers:61762002); ","https://ieeexplore.ieee.org/stamp/stamp.jsp?arnumber=8826260","Process mining;entropy;maximum entropy principle;uncertain data;BPM","Data mining;Entropy;Trajectory;Data models;Task analysis;Information entropy","business data processing;data mining;directed graphs;entropy;Petri nets","uncertain data relationship;Petri net-based process model;frequency threshold;heuristic mining;self-adaptive method;frequency matrix;self-adaptive process mining algorithm;business process management","","2","","32","CCBY","6 Sep 2019","","","IEEE","IEEE Journals"
"LCDD: Detecting Business Process Drifts Based on Local Completeness","L. Lin; L. Wen; L. Lin; J. Pei; H. Yang","School Of Software, Tsinghua University, 12442 Beijing, Beijing, China, 100084 (e-mail: leilei_lin@126.com); Tsinghua University, School of Software, Beijing, Beijing, China, 100084 (e-mail: wenlj@tsinghua.edu.cn); Tsinghua University, 12442 Beijing, Beijing, China, (e-mail: lin-l16@mails.tsinghua.edu.cn); School of Software, Tsinghua University, Beijing, Beijing, China, (e-mail: 12283776@qq.com); Tsinghua University, 12442 Beijing, Beijing, China, (e-mail: hedong_yang@126.com)","IEEE Transactions on Services Computing","","2020","PP","99","1","1","Flexibility and evolution have been a hot topic in the context of business process management. Business process drift detection is a family of methods to detect changes by analyzing the event log, but existing methods have some disadvantages in dealing with concept drifts. First, most of these methods detect changes depending on an exploration of a potentially large feature space and are time consuming. Second, with the size of lag period becoming small, the accuracies of some methods will drop rapidly. In this paper, we address these problems by proposing a novel drift detection technique called LCDD that significantly differs from existing methods. The core idea is to find out new features and disappeared features from traces after the log fragment meets local completeness. To begin with, we use the relations of direct succession as the lightweight feature, which are compared between complete window and detection window. Then, we find new direct successions and stable disappeared direct successions by just moving detection window. Finally, the forgetting mechanism is used to abandon some direct successions after finding a change point. An extensive empirical evaluation shows that LCDD is faster and more accurate.","1939-1374","","10.1109/TSC.2020.3032787","National Natural Science Foundation of China(grant numbers:61472207,71690231); the National Key Research and Development Program of China(grant numbers:2019YFB1704003); ","https://ieeexplore.ieee.org/stamp/stamp.jsp?arnumber=9234652","Process mining;concept drift;direct succession;change detection;log completeness","Task analysis;Data mining;Feature extraction;Microsoft Windows;Steady-state;Process modeling","","","","","","","IEEE","21 Oct 2020","","","IEEE","IEEE Early Access Articles"
"Insuring Sensitive Processes through Process Mining","J. Munoz-Gama; I. Echizen","Univ. Politec. de Catalunya, Barcelona, Spain; Nat. Inst. of Inf., Tokyo, Japan","2012 9th International Conference on Ubiquitous Intelligence and Computing and 9th International Conference on Autonomic and Trusted Computing","18 Oct 2012","2012","","","447","454","Any system, company or complex task is composed by processes, i.e., sequences of actions performed in some established order. Some of these processes are considered sensitive for the role they play within the system, or for the sensitive data they manage. In such cases, the trust in this processes is desirable, requiring their verification, monitoring, auditing, but also the possibility of being insured by a third party. In this approach we propose a schema for insuring sensitive process based on the use of formal models and Process Mining techniques (i.e. process management techniques that allows for the analysis of processes based on event logs). The experimental results presented show that this new approach could be useful in the context of insurance and analysis of processes.","","978-1-4673-3084-8","10.1109/UIC-ATC.2012.83","","https://ieeexplore.ieee.org/stamp/stamp.jsp?arnumber=6332034","process mining;insurance schema;trust model;risk;accountability","Insurance;Companies;Analytical models;Process control;Data mining;Videos;Licenses","data mining;formal specification","sensitive processes;process mining;sensitive data;formal models","","2","","21","","18 Oct 2012","","","IEEE","IEEE Conferences"
"Process Cube for Software Defect Resolution","M. Gupta; A. Sureka","Indraprastha Inst. of Inf. Technol. - Delhi (IIITD), New Delhi, India; Indraprastha Inst. of Inf. Technol. - Delhi (IIITD), New Delhi, India","2014 21st Asia-Pacific Software Engineering Conference","23 Apr 2015","2014","1","","239","246","Online Analytical Processing (OLAP) cube is a multi-dimensional dataset used for analyzing data in a Data Warehouse (DW) for the purpose of extracting actionable intelligence. Process mining consists of analyzing event log data produced from Process Aware Information Systems (PAIS) for the purpose of discovering and improving business processes. Process cube is a concept which falls at the intersection of OLAP cube and process mining. Process cube facilitates process mining from multiple-dimensions and enables comparison of process mining results across various dimensions. We present an application of process cube to software defect resolution process to analyze and compare process data from a multi-dimensional perspective. We present a framework, a novel perspective to mine software repositories using process cube. Each cell of process cube is defined by metrics from multiple process mining perspectives like control flow, time, conformance and organizational perspective. We conduct a case-study on Google Chromium project data in which the software defect resolution process spans three software repositories: Issue Tracking System (ITS), Peer Code Review System (PCR) and Version Control System (VCS). We define process cube with 9 dimensions as issue report timestamp, priority, state, closed status, OS, component, bug type, reporter and owner. We define hierarchies along various dimensions and cluster members to handle sparsity. We apply OLAP cube operations such as slice, dice, roll-up and drill-down, and create materialized sub log for each cell. We demonstrate the solution approach by discovering process map and compare process mining results from Control Flow and Time perspective for Performance and Security issues.","1530-1362","978-1-4799-7426-9","10.1109/APSEC.2014.45","","https://ieeexplore.ieee.org/stamp/stamp.jsp?arnumber=7091316","Empirical Software Engineering;Issue Tracking System;Mining Software Repositories;OLAP;Peer Code Review System;Process Cube;Process Mining;Version Control System","Data mining;Security;Software;Process control;Google;Measurement;Chromium","configuration management;data mining;data warehouses;program debugging;software engineering;software maintenance","online analytical processing cube;multidimensional dataset;data warehouse;DW;actionable intelligence extraction;process mining;event log data analysis;process aware information systems;PAIS;software defect resolution process;software repositories;control flow;organizational perspective;conformance perspective;Google Chromium project data;issue tracking system;ITS;peer code review system;PCR;version control system;VCS;issue report timestamp;issue report priority;issue report state;issue report closed status;issue report OS;issue report component;bug type;reporter;owner;OLAP cube operations;security issues;performance issues","","4","","16","","23 Apr 2015","","","IEEE","IEEE Conferences"
"Methods of Introducing Continuous Process Mining to Service Management for Mobile APPs","J. Du; H. Cai; L. Jiang; C. Huang","Sch. of Software, Shanghai Jiao Tong Univ., Shanghai, China; Sch. of Software, Shanghai Jiao Tong Univ., Shanghai, China; Sch. of Software, Shanghai Jiao Tong Univ., Shanghai, China; Sch. of Software, Shanghai Jiao Tong Univ., Shanghai, China","2017 IEEE 14th International Conference on e-Business Engineering (ICEBE)","23 Nov 2017","2017","","","134","141","Precise and continuous service management is needed in today's mobile application development, with consideration of Continuous Delivery. This paper presents a framework to introduce sustained process discovery to service management for mobile APPs. Leveraging service logs accumulated at runtime, this framework bridges the gap between traditional process mining techniques and mobile APPs, demonstrating a log conversion method to deduce the missing case identifiers and gathering multiple versions of the process model, providing rich information for user behavior analysis, auto scaling of computing resources, etc. A case study is conducted based on a Chinese m-health APP to show our approach can provide comprehensive supports in many application scenarios. Experimental results demonstrate that our framework successfully handles with the incompleteness of original service logs by correctly deducing missing case identifiers in most cases.","","978-1-5386-1412-9","10.1109/ICEBE.2017.29","","https://ieeexplore.ieee.org/stamp/stamp.jsp?arnumber=8119141","Process discovery;log analysis;service management;data cleaning","Mobile communication;Analytical models;Computational modeling;Data models;Data mining;Adaptation models;Mobile applications","data mining;health care;mobile computing","missing case identifiers;process model;Chinese m-health APP;original service logs;mobile APPs;continuous service management;mobile application development;traditional process mining techniques;log conversion method;continuous delivery;continuous process mining;user behavior analysis","","","","15","","23 Nov 2017","","","IEEE","IEEE Conferences"
"Detecting Sudden and Gradual Drifts in Business Processes from Execution Traces","A. Maaradji; M. Dumas; M. L. Rosa; A. Ostovar","Queensland University of Technology, Brisbane City, QLD, Australia; University of Tartu, Tartu, Estonia; Queensland University of Technology, Brisbane City, QLD, Australia; Queensland University of Technology, Brisbane City, QLD, Australia","IEEE Transactions on Knowledge and Data Engineering","11 Sep 2017","2017","29","10","2140","2154","Business processes are prone to unexpected changes, as process workers may suddenly or gradually start executing a process differently in order to adjust to changes in workload, season, or other external factors. Early detection of business process changes enables managers to identify and act upon changes that may otherwise affect process performance. Business process drift detection refers to a family of methods to detect changes in a business process by analyzing event logs extracted from the systems that support the execution of the process. Existing methods for business process drift detection are based on an explorative analysis of a potentially large feature space and in some cases they require users to manually identify specific features that characterize the drift. Depending on the explored feature space, these methods miss various types of changes. Moreover, they are either designed to detect sudden drifts or gradual drifts but not both. This paper proposes an automated and statistically grounded method for detecting sudden and gradual business process drifts under a unified framework. An empirical evaluation shows that the method detects typical change patterns with significantly higher accuracy and lower detection delay than existing methods, while accurately distinguishing between sudden and gradual drifts.","1558-2191","","10.1109/TKDE.2017.2720601","Australian Research Council Discovery(grant numbers:DP150103356); Estonian Research Council; ","https://ieeexplore.ieee.org/stamp/stamp.jsp?arnumber=7959545","Business process management;process mining;change detection;concept drift","Feature extraction;Space exploration;Delays;Scalability;Insurance","business data processing","sudden business process drifts;gradual business process drifts;unexpected changes;process workers;business process changes;business process drift detection","","3","","33","Traditional","27 Jun 2017","","","IEEE","IEEE Journals"
"Streaming Process Discovery Method for Semi-Structured Business Processes","A. Batyuk; V. Voityshyn","Lviv Polytechnic National University,Dept. of Automated Control Systems,Lviv,Ukraine; Lviv Polytechnic National University,Dept. of Automated Control Systems,Lviv,Ukraine","2020 IEEE Third International Conference on Data Stream Mining & Processing (DSMP)","23 Sep 2020","2020","","","444","448","A streaming process discovery method for semi-structured business processes is proposed. The method is further development of the Fuzzy Miner which originally was intended for stationary event data sets. The streaming Fuzzy Miner supports concept drift of a business process model so that recent events are considered more important as the earlier ones. The method was used to represent business process models in the real-time business process monitoring information technology.","","978-1-7281-3214-3","10.1109/DSMP47368.2020.9204201","","https://ieeexplore.ieee.org/stamp/stamp.jsp?arnumber=9204201","process mining;streaming process discovery;concept drift;Fuzzy Miner;RTBPM","Measurement;Data models;Data mining;Task analysis;Real-time systems;Process control","business data processing;data mining","streaming process discovery method;semistructured business processes;stationary event data sets;streaming Fuzzy Miner;business process model;real-time business process monitoring information technology","","","","22","","23 Sep 2020","","","IEEE","IEEE Conferences"
"Behavior Pattern Mining: Apply Process Mining Technology to Common Event Logs of Information Systems","J. Song; T. Luo; S. Chen","Ph.D candidate, Graduate University of Chinese Academy of Sciences, No. 19A Yuquan Road, Beijing, P.R.C, Beijing, 100049, China. phone: 86-10-88256663-40; fax: 86-10-88256668; e-mail: songjl@mails.gucas.ac.cn; Professor, Graduate University of Chinese Academy of Sciences, No. 19A Yuquan Road, Beijing, P.R.C, Beijing, 100049, China. e-mail: tjluo@gucas.ac.cn; Ph.D candidate, Graduate University of Chinese Academy of Sciences, No. 19A Yuquan Road, Beijing, P.R.C, Beijing, 100049, China. e-mail: chensu@mails.gucas.ac.cn","2008 IEEE International Conference on Networking, Sensing and Control","20 May 2008","2008","","","1800","1805","Although information systems support a wide range of recreational and social activities, the pattern of users' behavior in such systems is not clear. We extend the process mining technology to work on common event logs that have no workflow cases reference, and name the new technology as behavior pattern mining. This paper gives out a brief survey on issues, challenges, approaches and related tools in behavior pattern mining area, and compares behavior pattern mining with workflow mining technology, which is the other sub field of process mining. To reply the problems proposed by behavior pattern mining, the process mining area gets its new motivation.","","978-1-4244-1685-1","10.1109/ICNSC.2008.4525516","","https://ieeexplore.ieee.org/stamp/stamp.jsp?arnumber=4525516","","Information systems;Pattern analysis;Collaborative work;Online Communities/Technical Collaboration;Information technology;Space technology;Computer networks;Psychology;Information analysis;Acceleration","behavioural sciences computing;data mining;information systems","behavior pattern mining;common event logs;information systems;process mining technology;workflow mining technology","","6","","23","","20 May 2008","","","IEEE","IEEE Conferences"
"On the Representational Bias in Process Mining","W. M. P. van der Aalst","Dept. of Math. & Comput. Sci., Eindhoven Univ. of Technol., Eindhoven, Netherlands","2011 IEEE 20th International Workshops on Enabling Technologies: Infrastructure for Collaborative Enterprises","18 Aug 2011","2011","","","2","7","Process mining serves a bridge between data mining and business process modeling. The goal is to extract process related knowledge from event data stored in information systems. One of the most challenging process mining tasks is process discovery, i.e., the automatic construction of process models from raw event logs. Today there are dozens of process discovery techniques generating process models using different notations (Petri nets, EPCs, BPMN, heuristic nets, etc.). This paper focuses on the representational bias used by these techniques. We will show that the choice of target model is very important for the discovery process itself. The representational bias should not be driven by the desired graphical representation but by the characteristics of the underlying processes and process discovery techniques. Therefore, we analyze the role of the representational bias in process mining.","1524-4547","978-1-4577-0134-4","10.1109/WETICE.2011.64","","https://ieeexplore.ieee.org/stamp/stamp.jsp?arnumber=5990012","","Data mining;Registers;Noise;Data models;Noise measurement;Organizations","business process re-engineering;data mining;information systems","process mining;data mining;business process modeling;information systems;process discovery technique;representational bias","","12","","16","","18 Aug 2011","","","IEEE","IEEE Conferences"
"TOAD: Trace Ordering for Anomaly Detection","F. Richter; Y. Lu; L. Zellner; J. Sontheim; T. Seidl","Ludwig-Maximilians-Universitat München,Münich,Germany; Ludwig-Maximilians-Universitat München,Münich,Germany; Ludwig-Maximilians-Universitat München,Münich,Germany; Ludwig-Maximilians-Universitat München,Münich,Germany; Ludwig-Maximilians-Universitat München,Münich,Germany","2020 2nd International Conference on Process Mining (ICPM)","22 Oct 2020","2020","","","169","176","Outlier detection is one of the most important tasks to keep your processes in control. Unawareness of critical anomalies can lead to exhausting expenses, hence, it is highly beneficial to treat process failures as soon as possible. However, anomalies are difficult to detect due to their rarity though they occur too often to neglect the necessity of its detection. Even if the detection problem is solved, the treatment of singular anomalies and the adjustment of the process based on each abnormal trace is tedious and costly regarding time and money. To increase the efficiency of later anomaly treatment, we propose a novel strategy to detect collective anomalies. However, this is not equivalent to anomaly clustering as a post-processing step. TOAD orders process instances by similarity and detects abnormal accumulations of deviating cases. These collections are abnormal due to their aggregated behavior. Assuming that similar deviations are caused by the same reason, the treatment of such an anomaly is more cost-efficient than the handling of deviating singletons. Applying TOAD to an event log yields a ranking of significant, temporally abnormal trace collections, that provide a baseline for further analysis.","","978-1-7281-9832-3","10.1109/ICPM49681.2020.00033","","https://ieeexplore.ieee.org/stamp/stamp.jsp?arnumber=9230026","Anomaly Detection, Process Mining, Density based Clustering","Anomaly detection;Task analysis;Optics;Complexity theory;Maintenance engineering;Integrated circuit modeling;Hydraulic systems","data mining;security of data","process failures;anomaly treatment;TOAD;outlier detection;trace ordering for anomaly detection;trace collections","","","","17","","22 Oct 2020","","","IEEE","IEEE Conferences"
"Change Mining in Business Process Variability: A Comparative Study","A. Hmami; H. Sbai; M. Fredj","AlQualsadi research team, ENSIAS, University Mohammed V of Rabat,Morocco; Faculty of sciences and technology, University Hassan II of Casablanca,Mohammedia,Morocco; AlQualsadi research team, ENSIAS, University Mohammed V of Rabat,Morocco","2019 4th World Conference on Complex Systems (WCCS)","12 Dec 2019","2019","","","1","5","Process mining is a new approach that links data analysis techniques and business process management. It aims to allow for an automatic discovery of process, a verification of conformance and enhancement, to create a strong and useful process. This field is enriched by change mining techniques that seek to align processes with business needs. However, most of existing approaches in this context are interested in managing the changes of a single process. Meanwhile, company activities are related to a combination of multiple variants of a process, which is known as a configurable process. In this paper, we conduct a comparative study of existing change mining approaches in business process management field. The purpose of our study is to analyze how the concept of change mining can be related to business process variability.","","978-1-7281-1232-9","10.1109/ICoCS.2019.8930792","","https://ieeexplore.ieee.org/stamp/stamp.jsp?arnumber=8930792","Process mining;Change mining;Configurable process;Variability","Data mining;Task analysis;Manuals;Companies","business data processing;data analysis;data mining","business process variability;process mining;links data analysis techniques;strong process;useful process;change mining techniques;align processes;configurable process;change mining approaches;business process management field","","","","29","","12 Dec 2019","","","IEEE","IEEE Conferences"
"Visual Drift Detection for Sequence Data Analysis of Business Processes","A. Yeshchenko; C. Di Ciccio; J. Mendling; A. Polyvyanyy","Information Systems and Operations, Vienna University of Economics and Business, 27254 Wien, Wien, Austria, (e-mail: anton.yeshchenko@wu.ac.at); Department of Computer Science, Sapienza University of Rome, 9311 Rome, Rome, Italy, (e-mail: diciccio@di.uniroma1.it); Information Systems and Operations, Vienna University of Economics and Business, 27254 Wien, Wien, Austria, (e-mail: jan.mendling@wu.ac.at); School of Computing and Information Systems, The University of Melbourne, 2281 Melbourne, Victoria, Australia, (e-mail: artem.polyvyanyy@unimelb.edu.au)","IEEE Transactions on Visualization and Computer Graphics","","2021","PP","99","1","1","Event sequence data is increasingly available in various application domains, such as business process management, software engineering, or medical pathways. Processes in these domains are typically represented as process diagrams or flow charts. So far, various techniques have been developed for automatically generating such diagrams from event sequence data. An open challenge is the visual analysis of drift phenomena when processes change over time. In this paper, we address this research gap. Our contribution is a system for fine-granular process drift detection and corresponding visualizations for event logs of executed business processes. We evaluated our system both on synthetic and real-world data. On synthetic logs, we achieved an average F-score of 0.96 and outperformed all the state-of-the-art methods. On real-world logs, we identified all types of process drifts in a comprehensive manner. Finally, we conducted a user study highlighting that our visualizations are easy to use and useful as perceived by process mining experts. In this way, our work contributes to research on process mining, event sequence analysis, and visualization of temporal data.","1941-0506","","10.1109/TVCG.2021.3050071","H2020 Marie Skodowska-Curie Actions(grant numbers:RISE BPM 645751); MIUR grant Dipartimenti di eccellenza 2018-2022; Australian Respiratory Council(grant numbers:DP180102839); ","https://ieeexplore.ieee.org/stamp/stamp.jsp?arnumber=9316994","Sequence data;Visualization;Temporal data;Process mining;Process drifts;Declarative process models","Business;Data visualization;Data mining;Visualization;Erbium;Antibiotics;Guidelines","","","","","","","IEEE","8 Jan 2021","","","IEEE","IEEE Early Access Articles"
"Identifying Software Process Management Challenges: Survey of Practitioners in a Large Global IT Company","M. Gupta; A. Sureka; S. Padmanabhuni; A. M. Asadullah","Indraprastha Inst. of Inf. Technol., Delhi, India; Indraprastha Inst. of Inf. Technol., Delhi, India; Infosys Ltd., Bangalore, India; Infosys Ltd., Bangalore, India","2015 IEEE/ACM 12th Working Conference on Mining Software Repositories","6 Aug 2015","2015","","","346","356","Process mining consists of mining event logs generated from business process execution supported by Information Systems (IS). Process mining of software repositories has diverse applications because vast data is generated during Software Development Life Cycle (SDLC) and archived in IS such as Version Control System (VCS), Peer Code Review (PCR) System, Issue Tracking System (ITS), and mail archives. There is need to explore its applications on different repositories to aid managers in process management. We conduct two phase surveys and interviews with managers in a large, global, IT company. The first survey and in-person interviews identify the process challenges encountered by them that can be addressed by novel applications of process mining. We filter, group and abstract responses formulating 30 generic problem statements. On the basis of process mining type, we classify identified problems to eight categories such as control analysis, organizational analysis, conformance analysis, and preventive analysis. The second survey asks distinct participants the importance of solving identified problems. We calculate proposed Net Importance Metric (NIM) using 1262 ratings from 43 participants. Combined analysis of NIM and first survey responses reveals that the problems mentioned by few practitioners in first survey are considered important by majority in the second survey. We elaborate on possible solutions and challenges for most frequent and important problems. We believe solving these validated problems will help managers in improving project quality and productivity.","2160-1860","978-0-7695-5594-2","10.1109/MSR.2015.39","","https://ieeexplore.ieee.org/stamp/stamp.jsp?arnumber=7180093","Process Mining;Qualitative Study;Software Development Life Cycle;Software Repositories","Data mining;Software;Process control;Interviews;Measurement;Companies","business process re-engineering;data mining;information systems;information technology;software process improvement","software process management;global IT company;process mining;event logs mining;business process execution;information systems;IS;software development life cycle;SDLC;net importance metric;NIM;project quality;productivity","","1","","32","","6 Aug 2015","","","IEEE","IEEE Conferences"
"Mining batch activation rules from event logs","N. Martin; A. Solti; J. Mendling; B. Depaire; A. Caris","Research group Business Informatics, Hasselt University, Diepenbeek, Limburg Belgium (e-mail: niels.martin@uhasselt.be); Department of Information Systems and Operations, Vienna University of Economics and Business, Wien, Wien Austria (e-mail: solti@ai.wu.ac.at); Information Systems and Operations, WU Vienna, Wien, Wien Austria 1020 (e-mail: jan.mendling@wu.ac.at); Faculty of Business Economics, Hasselt University, Diepenbeek, Limburg Belgium 3590 (e-mail: benoit.depaire@uhasselt.be); Research group Logistics, Hasselt University, Diepenbeek, Limburg Belgium (e-mail: an.caris@uhasselt.be)","IEEE Transactions on Services Computing","","2019","PP","99","1","1","Batch processing refers to an organization of work in which cases are synchronized such that they can be processed as a group. Prior research has studied batch processing mainly from a deductive angle, trying to identify optimal rules for composing batches. As a consequence, we lack methodological support to investigate according to which rules human resources build batches in work settings where batching rules are not strictly enforced. In this paper, we address this research gap by developing a technique to inductively mine batch activation rules from process execution data. The obtained batch activation rules can be used for various purposes, including to explicate the real-life batching behavior of human resources; to determine the compliance between the prescribed and actual batching behavior; or to investigate the influence of alternative batching behavior on service levels. The evaluation of our technique using both synthetic and real-world data demonstrates its effectiveness. With this work we complement prescriptive research on batch processing with a descriptive technique that is empirically grounded in process execution data.","1939-1374","","10.1109/TSC.2019.2912163","","https://ieeexplore.ieee.org/stamp/stamp.jsp?arnumber=8697128","batch processing;batch activation rules;batching logic;event log;process mining","Batch production systems;Data mining;Blood;Analytical models;Data models;Synchronization;Business","","","","","","","IEEE","23 Apr 2019","","","IEEE","IEEE Early Access Articles"
"Detecting Sudden Drift for Single-Instance Log in Software Development Process","J. Yuan; T. Li; R. Zhu; Z. Ma; J. Peng; Y. Huang",Yunnan University; Yunnan University; Yunnan University; Yunnan University; Yunnan University; Yunnan University,"2020 Prognostics and Health Management Conference (PHM-Besançon)","12 Jun 2020","2020","","","354","359","The current algorithm for detecting drift in the business process can only detect the drift of the log of multi-instance. However, the log generated in the software development process is mainly single-instance. Hence, this paper proposes an algorithm for detecting sudden drift of the log of single-instance. First, we apply the LDA topic model for the topic extraction of log in the software development process to obtain the log of single-instance. Then the location of the drift point of the single-instance log can be detected according to the change of the lowest frequency of direct successor relation. Finally, the location numbers of the actual drift points were obtained by corresponding to original data. Multiple sets of simulated data evaluate this algorithm. The results show that this algorithm can effectively detect the sudden drift location of the single-instance log in the software development process.","2166-5656","978-1-7281-5675-0","10.1109/PHM-Besancon49106.2020.00069","","https://ieeexplore.ieee.org/stamp/stamp.jsp?arnumber=9115499","software development process, process drift, LDA topic model, single-instance, frequency detection","","business process re-engineering;software engineering","software development process;single-instance log;business process;drift point;sudden drift location;LDA topic model","","","","17","","12 Jun 2020","","","IEEE","IEEE Conferences"
"Estimating Global Completeness of Event Logs: A Comparative Study","J. Pei; L. Wen; H. Yang; J. Wang; X. Ye","School of Software, Tsinghua University, Beijing, China; School of Software, Tsinghua University, Beijing, China; School of Software, Tsinghua University, Beijing, China; School of Software, Tsinghua University, Beijing, China; School of Software, Tsinghua University, Beijing, China","IEEE Transactions on Services Computing","9 Apr 2021","2021","14","2","441","457","Event logs are the basis of process mining techniques and tools that extract process behavior information for better understanding and optimization of business processes. While it has been widely realized that the degree of completeness of event logs may largely determine the effectiveness of these techniques, how to estimate the completeness of event logs has not yet been fully addressed. This is mainly because ground-truth process models are usually unknown. To attack this problem, we pay a closer look to several concepts and implicit assumptions in the log completeness estimation problem and characterize it as a special case of the species estimation problem in the field of statistics. Although species estimation is still an open problem, a number of statistic models and techniques with approximate solutions have been available. To investigate the relevance of these methods for event log completeness estimation, we have designed and conducted a wide scope of empirical study and quantitative experiments on both real-world and synthesized event logs to compare the performance of these methods. In addition, the completeness estimation of several important and widely used real-world events logs are reported for the first time together with some best practice experience learned through this research.","1939-1374","","10.1109/TSC.2018.2805912","National Key Research and Development Program of China(grant numbers:2016YFB1001101); National Natural Science Foundation of China(grant numbers:61472207,71690231,61325008); Tsinghua TNList Lab Key Projects; ","https://ieeexplore.ieee.org/stamp/stamp.jsp?arnumber=8291718","Quality and metrics;business process management;process mining;event logs;completeness","Estimation;Task analysis;Measurement;Computational modeling;Algorithm design and analysis;Prediction algorithms","business data processing;data mining","event logs completeness;species estimation problem;log completeness estimation problem;ground-truth process models;business processes;process mining techniques;real-world events logs","","1","","56","IEEE","14 Feb 2018","","","IEEE","IEEE Journals"
"A process tree-based algorithm for the detection of implicit dependencies","M. Chabrol; B. Dalmas; S. Norre; S. Rodier","LIMOS CNRS UMR 6158, Blaise Pascal University, Clermont-Ferrand, France; LIMOS CNRS UMR 6158, Blaise Pascal University, Clermont-Ferrand, France; LIMOS CNRS UMR 6158, Blaise Pascal University, Clermont-Ferrand, France; CRCGM EA 3849, Blaise Pascal University, Clermont-Ferrand, France","2016 IEEE Tenth International Conference on Research Challenges in Information Science (RCIS)","25 Aug 2016","2016","","","1","11","Process Mining aims to extract information from event logs to highlight the underlying business processes. It is useful in situations where there is no detailed and complete knowledge of how an overall system works, such as in a hospital where most processes are complex and ad-hoc. Many Process Mining discovery techniques have been proposed so far, but many challenges are still to be faced. Implicit dependencies are one of them. Choice-related phenomenon, implicit dependencies are not taken into account in most algorithms and graphical representations. In this paper, we propose the Implicit Dependencies Miner, a Process Tree based algorithm able to detect relevant dependencies.","2151-1357","978-1-4799-8710-8","10.1109/RCIS.2016.7549357","","https://ieeexplore.ieee.org/stamp/stamp.jsp?arnumber=7549357","Process Mining;Implicit Dependencies;Process Tree","Petri nets;Data mining;Logic gates;Context;Unified modeling language;Mathematical model;Information systems","data mining;hospitals;medical information systems;tree data structures","process tree-based algorithm;implicit dependency detection;information extraction;event logs;business processes;hospitals;complex ad-hoc processes;process mining discovery technique;choice-related phenomenon;implicit dependency miner","","2","","24","","25 Aug 2016","","","IEEE","IEEE Conferences"
"Mediating between modeled and observed behavior: The quest for the “right” process: Keynote","W. M. P. van der Aalst","Department of Mathematics and Computer Science, Eindhoven University of Technology PO Box 513, NL-5600 MB Eindhoven, The Netherlands","IEEE 7th International Conference on Research Challenges in Information Science (RCIS)","15 Aug 2013","2013","","","1","12","Operational processes leave trails in the information systems supporting them. Such event data are the starting point for process mining - an emerging scientific discipline relating modeled and observed behavior. Whereas an event log describes example behavior of the underlying process, a process model aims to describe an abstraction of the same process. Models may be descriptive or normative. Descriptive models aim to describe the underlying process and are used for discussion, performance analysis, obtaining insights, and prediction. Normative models describe the desired behavior and are used for workflow management, system configuration, auditing, compliance management, and conformance checking. Differences between modeled and observed behavior may point to undesirable deviations or inadequate models. In this paper, we discuss challenges related to finding the “right” process, i.e., the process model that describes the real underlying process or a process that behaves as desired.","2151-1357","978-1-4673-2914-9","10.1109/RCIS.2013.6577675","","https://ieeexplore.ieee.org/stamp/stamp.jsp?arnumber=6577675","","Unified modeling language;Data mining;Data models;Computational modeling;Analytical models;Predictive models;Cost function","data mining","information system;modeled behavior;observed behavior;process mining;event log;descriptive model;normative model;workflow management;system configuration;auditing;compliance management;conformance checking","","12","","43","","15 Aug 2013","","","IEEE","IEEE Conferences"
"Online Model Generation for Scalable Predictive Process Monitoring","P. Rico; F. Cuadrado; J. C. Dueñas","Universidad Politécnica de Madrid,Madrid,Spain; Universidad Politécnica de Madrid,Madrid,Spain; Universidad Politécnica de Madrid,Madrid,Spain","2021 International Young Engineers Forum (YEF-ECE)","9 Aug 2021","2021","","","7","12","Predictive process monitoring techniques are intended to forecast outcomes of running process instances. This is achieved through the use of predictive models inferred from past event logs. However, the use of such procedures in scenarios where there is an initial lack of previous data or concept drift can be especially challenging. To overcome those limitations, this paper is focused on enabling online model generation, addressing problems such as uncertainty about process completeness. Further, a scalable streaming system based on Apache Flink platform is built and applied on an incident management system dataset in order to assess prediction performance. The results presented show the capacity of these techniques to support predictive process monitoring.","","978-1-6654-1264-3","10.1109/YEF-ECE52297.2021.9505122","","https://ieeexplore.ieee.org/stamp/stamp.jsp?arnumber=9505122","process mining;predictive monitoring;streaming system;apache flink","Process monitoring;Uncertainty;Scalability;Computational modeling;Predictive models;Big Data;Data models","","","","","","13","","9 Aug 2021","","","IEEE","IEEE Conferences"
"ORANGE: Outcome-Oriented Predictive Process Monitoring Based on Image Encoding and CNNs","V. Pasquadibisceglie; A. Appice; G. Castellano; D. Malerba; G. Modugno","Department of Computer Science, University of Bari Aldo Moro, Bari, Italy; Department of Computer Science, University of Bari Aldo Moro, Bari, Italy; Department of Computer Science, University of Bari Aldo Moro, Bari, Italy; Department of Computer Science, University of Bari Aldo Moro, Bari, Italy; MTM Project srl, Monopoli, Italy","IEEE Access","15 Oct 2020","2020","8","","184073","184086","The outcome-oriented predictive process monitoring is a family of predictive process mining techniques that have witnessed rapid development and increasing adoption in the past few years. Boosted by the recent successful applications of deep learning in predictive process mining, we propose ORANGE, a novel deep learning method for learning outcome-oriented predictive process models. The main innovation of this study is that we adopt an imagery representation of the ongoing traces, which delineates potential data patterns that arise at neighbour pixels. Leveraging a collection of images representing ongoing traces, we train a Convolutional Neural Network (CNN) to predict the outcome of an ongoing trace. The empirical study shows the feasibility of the proposed method by investigating its accuracy on different benchmark outcome prediction problems in comparison to state-of-art competitor methods. In addition, we show how ORANGE can be integrated as an Intelligent Assistant into a CVM realized by MTM Project srl company to support sales agents in their negotiations. This case study shows that ORANGE can be effectively used to smartly monitor the outcome of ongoing negotiations by early highlighting negotiations that are candidate to be completed successfully.","2169-3536","","10.1109/ACCESS.2020.3029323","Programma Operativo Nazionale Ricerca e Innovazione (PON-RI)-Big Data Analytics for Process Improvement in Organizational Development-Codice Unico di Progetto (CUP)(grant numbers:H94F180002600062014-2020); Programma Operativo Regionale (POR) Puglia Fondo Europeo di Sviluppo Regionale-Fondo Sociale Europeo (FESR-FSE)-Bando Innolabs from 2014 to 2020; Research Project Knowledge Community for Efficient Training (KOMETA) through Virtual Technologies; Regione Puglia; ","https://ieeexplore.ieee.org/stamp/stamp.jsp?arnumber=9216173","Predictive process analytics;outcome prediction;computer vision;convolutional neural networks;spatial data modeling","Monitoring;Feature extraction;Machine learning;Data mining;Computer vision;Predictive models;Computer architecture","data mining;image coding;learning (artificial intelligence);neural nets;process monitoring","sales agents;ORANGE project srl company;MTM;CVM;CNN;benchmark outcome prediction problems;ongoing trace;outcome-oriented predictive process models;deep learning method;predictive process mining;outcome-oriented predictive process monitoring","","1","","50","CCBY","7 Oct 2020","","","IEEE","IEEE Journals"
"Control-flow discovery from event streams","A. Burattin; A. Sperduti; W. M. P. van der Aalst","Department of Mathematics, University of Padua, Italy; Department of Mathematics, University of Padua, Italy; Department of Mathematics and Computer Science, Eindhoven University of Technology, The Netherlands","2014 IEEE Congress on Evolutionary Computation (CEC)","22 Sep 2014","2014","","","2420","2427","Process Mining represents an important research field that connects Business Process Modeling and Data Mining. One of the most prominent task of Process Mining is the discovery of a control-flow starting from event logs. This paper focuses on the important problem of control-flow discovery starting from a stream of event data. We propose to adapt Heuristics Miner, one of the most effective control-flow discovery algorithms, to the treatment of streams of event data. Two adaptations, based on Lossy Counting and Lossy Counting with Budget, as well as a sliding window based version of Heuristics Miner, are proposed and experimentally compared against both artificial and real streams. Experimental results show the effectiveness of control-flow discovery algorithms for streams on artificial and real datasets.","1941-0026","978-1-4799-1488-3","10.1109/CEC.2014.6900341","","https://ieeexplore.ieee.org/stamp/stamp.jsp?arnumber=6900341","","Data mining;Data structures;Heuristic algorithms;Business;Computational modeling;Frequency measurement;Educational institutions","business data processing;data mining","event streams;process mining;business process modeling;data mining;heuristics miner;control-flow discovery algorithms;lossy counting with budget;sliding window based version","","38","","30","","22 Sep 2014","","","IEEE","IEEE Conferences"
"Control-Flow Modeling with D<sc>eclare</sc>: Behavioral Properties, Computational Complexity, and Tools","V. Fionda; A. Guzzo","DeMaCS, University of Calabria, Rende, Italy; DeMaCS, University of Calabria, Rende, Italy","IEEE Transactions on Knowledge and Data Engineering","2 Apr 2020","2020","32","5","898","911","Declarative approaches to control-flow modeling use logic-based languages to formalize a number of constraints that valid traces must satisfy. The most noticeable example is the DECLARE framework based on linear temporal logic. Despite the interest that DECLARE has been attracting, the current knowledge about its formal properties was rather limited. The goal of this paper is to fill this gap by: (i) analyzing the behavioral properties of DECLARE by comparing it with the modeling capabilities of traditional procedural design approaches, in particular, block-structured processes; (ii) analyzing DECLARE from the computational point of view. As for the former point, we identify both the block-structured processes constructs that can be simulated in DECLARE and the features of DECLARE that can be encoded in block-structured processes. As for the latter point, we show that checking whether a given set of DECLARE patterns admits a satisfying trace is an NP-hard problem. In particular, we identify some DECLARE specifications whose satisfying traces are all of exponential length and some useful DECLARE fragments where a satisfying trace whose length is polynomially bounded is guaranteed to exist. The paper also discusses the declare2sat prototype system and the results of a thorough experimental validation.","1558-2191","","10.1109/TKDE.2019.2897309","POR project; ","https://ieeexplore.ieee.org/stamp/stamp.jsp?arnumber=8633413","Declarative process modelling;linear temporal logic;declare;process mining","Lenses;Computational modeling;Process control;Tools;Analytical models;NP-hard problem;Computational complexity","computational complexity;formal specification;temporal logic","control-flow modeling;behavioral properties;declarative approaches;logic-based languages;DECLARE framework;linear temporal logic;formal properties;computational complexity;procedural design approaches;block-structured processes;NP-hard problem;declare2sat prototype system","","","","42","IEEE","3 Feb 2019","","","IEEE","IEEE Journals"
"Efficient Process Discovery From Event Streams Using Sequential Pattern Mining","M. Hassani; S. Siccha; F. Richter; T. Seidl","Data Manage. & Data Exploration Group, RWTH Aachen Univ., Aachen, Germany; Data Manage. & Data Exploration Group, RWTH Aachen Univ., Aachen, Germany; Data Manage. & Data Exploration Group, RWTH Aachen Univ., Aachen, Germany; Data Manage. & Data Exploration Group, RWTH Aachen Univ., Aachen, Germany","2015 IEEE Symposium Series on Computational Intelligence","11 Jan 2016","2015","","","1366","1373","Process mining is an emerging research area that applies the well-established data mining solutions to the challenging business process modeling problems. Mining streams of business processes in the real time as they are generated is a necessity to obtain an instant knowledge from big process data. In this paper, we introduce an efficient approach for exploring and counting process fragments from a stream of events to infer a process model using the Heuristics Miner algorithm. Our novel approach, called StrProM, builds prefix-trees to extract sequential patterns of events from the stream. StrProM uses a batch-based approach to continuously update and prune these prefix-trees. The final models are generated from those trees after applying a novel decaying mechanism over their statistics. The extensive experimental evaluation demonstrates the superiority of our approach over a state-of-the-art technique in terms of execution time using a real dataset, while delivering models of a comparable quality.","","978-1-4799-7560-0","10.1109/SSCI.2015.195","","https://ieeexplore.ieee.org/stamp/stamp.jsp?arnumber=7376771","","Data mining;Business;Heuristic algorithms;Adaptation models;Context modeling;Process modeling;Real-time systems","business data processing;data handling;data mining;pattern recognition;statistical analysis;trees (mathematics)","process discovery;event streams;sequential pattern mining;data mining;business process modeling;business process stream mining;heuristics miner algorithm;StrProM;sequential pattern extraction;batch-based approach;prefix-tree update;prefix-tree pruning;decaying mechanism;statistics","","23","","34","","11 Jan 2016","","","IEEE","IEEE Conferences"
"A Differentiate Analysis for Credit Card Fraud Detection","M. Akter Hossain; M. N. Uddin","Department of Computer Science & Engineering, East Delta University, Chattogram, Bangladesh; School of Science, Engineering & Technology, East Delta University, Chattogram, Bangladesh","2018 International Conference on Innovations in Science, Engineering and Technology (ICISET)","27 Jun 2019","2018","","","328","333","With the swift progress of internet and electronic commerce, online money transaction has increased over time. People mostly eager to use online money transference and because of the internet is now available almost everywhere. Therefore, any attackers could be plan attacks from anywhere to forage any victim. There was various way from the previous attacks that victims became hunts by duplicate copy of the website, cards, ID numbers, rearranging provisional codes, fake documentations or signatures and so on. The genuine transaction and fraudulent transactions are almost similar, that's why it's very hard to figure out a real or fake transaction. One way could be effective if we know the behavioral pattern of card's owner. In this manner, we have introduced a Fraud Detection Engine (FDE) along with a Feature Selection Tool (FST). After gets a transaction request, FDE engine have searched for any sorts of intruder based on its key selective features. FST is one of those feature, which have used to match the cluster patterns with the requester behavioral pattern. Cluster pattern are cardholder's behavioral patterns which have trained by using of feedforward neural network. Therefore, examine all of the key features with vector analytical method or simply vector method. Proposed technique has applied from collected and previously driven on many studies datasets.","","978-1-5386-8524-2","10.1109/ICISET.2018.8745592","","https://ieeexplore.ieee.org/stamp/stamp.jsp?arnumber=8745592","fraud detector;deep learning network;support vector machine","","credit transactions;electronic commerce;feedforward neural nets;fraud;Internet;security of data","differentiate analysis;credit card fraud detection;electronic commerce;online money transaction;online money transference;duplicate copy;website;ID numbers;provisional codes;fake documentations;signatures;genuine transaction;fraudulent transactions;real transaction;fake transaction;FST;transaction request;FDE engine;key selective features;cluster pattern;requester behavioral pattern;cardholder;feature selection tool;fraud detection engine","","3","","26","","27 Jun 2019","","","IEEE","IEEE Conferences"
"How can Machine Learning Support the Practice of Modeling and Simulation? —A Review and Directions for Future Research","M. Elbattah","Université de Picardie Jules Verne,Laboratoire MIS,Amiens,France","2019 IEEE/ACM 23rd International Symposium on Distributed Simulation and Real Time Applications (DS-RT)","16 Jan 2020","2019","","","1","7","The following topics are dealt with: traffic engineering computing; formal verification; cloud computing; digital simulation; road traffic; protocols; vehicular ad hoc networks; Internet of Things; mobile computing; energy consumption.","1550-6525","978-1-7281-2923-5","10.1109/DS-RT47707.2019.8958703","","https://ieeexplore.ieee.org/stamp/stamp.jsp?arnumber=8958703","","","cloud computing;formal verification;Internet of Things;mobile computing;road traffic;traffic engineering computing;vehicular ad hoc networks","traffic engineering computing;formal verification;cloud computing;digital simulation;road traffic;protocols;vehicular ad hoc networks;Internet of Things;mobile computing;energy consumption","","","","34","","16 Jan 2020","","","IEEE","IEEE Conferences"
"Towards Liquid Models: An Evolutionary Modeling Approach","A. Mazak; M. Wimmer","Inst. of Software Technol. & Interactive Syst., Tech. Univ. Wien, Vienna, Austria; Inst. of Software Technol. & Interactive Syst., Tech. Univ. Wien, Vienna, Austria","2016 IEEE 18th Conference on Business Informatics (CBI)","12 Dec 2016","2016","01","","104","112","Today, we recognize a discrepancy between design time models concentrating on the desired behavior of a system and its real world correspondents reflecting deviations taking place at runtime. In order to close this gap, design time models must not be static, but evolutionary artifacts so called liquid models. Such liquid models are the cornerstone of our future research project CDL-MINT: Model Integrated Smart Production. In this position paper, we present an early result of this project: the liquid models architecture for linking design models to runtime concerns, which are derived from distributed and heterogeneous systems during operation. We elaborate on the proposed technologies for the respective architecture layers and identify the research challenges ahead.","2378-1971","978-1-5090-3231-0","10.1109/CBI.2016.20","","https://ieeexplore.ieee.org/stamp/stamp.jsp?arnumber=7780305","runtime models;operational models;model mining;model improvement","Load modeling;Runtime;Data models;Adaptation models;Unified modeling language;Liquids;Data mining","production engineering computing;project management","evolutionary modeling approach;design time model;system behavior;evolutionary artifacts;liquid models;CDL-MINT research project;model-integrated smart production;distributed system;heterogeneous system","","13","","55","","12 Dec 2016","","","IEEE","IEEE Conferences"
"Index","M. Zhou; H. -X. Li; M. Weijnen",NA; NA; NA,"Contemporary Issues in Systems Science and Engineering","","2015","","","835","850","<P>No Abstract.</P>","","9781119036968","10.1002/9781119036821.index","","https://ieeexplore.ieee.org/xpl/ebooks/bookPdfWithBanner.jsp?fileName=7090287.pdf&bkn=7089495&pdfType=chapter","","","","","","","","","","22 Apr 2015","","","IEEE","Wiley-IEEE Press eBook Chapters"
"Process Mining Put into Context","W. M. P. van der Aalst; S. Dustdar",Eindhoven University of Technology; Technical University of Vienna,"IEEE Internet Computing","9 Jan 2012","2012","16","1","82","86","Process mining techniques help organizations discover and analyze business processes based on raw event data. The recently released ""Process Mining Manifesto"" presents guiding principles and challenges for process mining. Here, the authors summarize the manifesto's main points and argue that analysts should take into account the context in which events occur when analyzing processes.","1941-0131","","10.1109/MIC.2012.12","","https://ieeexplore.ieee.org/stamp/stamp.jsp?arnumber=6123703","process mining;business intelligence;business process management","","business data processing;data mining;organisational aspects","process mining techniques;organizations;business processes;raw event data;process mining manifesto","","56","","6","","9 Jan 2012","","","IEEE","IEEE Magazines"
"[Front matter]","",,"2020 International Joint Conference on Neural Networks (IJCNN)","28 Sep 2020","2020","","","4","117","Conference proceedings front matter may contain various advertisements, welcome messages, committee or program information, and other miscellaneous conference information. This may in some cases also include the cover art, table of contents, copyright statements, title-page or half title-pages, blank pages, venue maps or other general information relating to the conference that was part of the original conference proceedings.","2161-4407","978-1-7281-6926-2","10.1109/IJCNN48605.2020.9207579","","https://ieeexplore.ieee.org/stamp/stamp.jsp?arnumber=9207579","","","","","","","","","","28 Sep 2020","","","IEEE","IEEE Conferences"
