"Document Title",Authors,"Author Affiliations","Publication Title",Date Added To Xplore,"Publication Year","Volume","Issue","Start Page","End Page","Abstract","ISSN",ISBNs,"DOI",Funding Information,PDF Link,"Author Keywords","IEEE Terms","Mesh_Terms",Article Citation Count,Patent Citation Count,"Reference Count","License",Online Date,Issue Date,"Meeting Date","Publisher",Document Identifier
"A Algorithm for Detecting Concept Drift Based on Context in Process Mining","D. Fei; Z. Liqun; N. GuangYun; X. Xiaolei","Shandong University, Jinan, Shandong, China; Shandong University, Jinan, Shandong, China; Shandong University, Jinan, Shandong, China; Shandong University, Jinan, Shandong, China","2013 Fourth International Conference on Digital Manufacturing & Automation","16 Sep 2013","2013","","","5","8","In the field of process mining, we require certain techniques that can detect process changes in dynamic systems automatically. Through detecting changes in the process we can adjust and optimize the overall process timely. These technologies are named concept drift detection of process mining. The traditional concept drift algorithm in process mining domain mostly have high time complexity, high space complexity and low recognition rate of concept drift and without using the context in process. We arises a new algorithm that based on context has high recognition rate of concept drift, low time complexity and low space complexity. The algorithm reduces the extraction and calculation of sample properties by using the stability of the processes before and after the changes. The using of the time parameter and staff parameter could enhance the sensitivity of process's change.","","978-0-7695-5016-9","10.1109/ICDMA.2013.2","","https://ieeexplore.ieee.org/stamp/stamp.jsp?arnumber=6597920","Concept Drift;Process Mining;Context","Manufacturing;Automation","","1","3","8","IEEE","16 Sep 2013","","","IEEE","IEEE Conferences"
"Evaluation Goals for Online Process Mining: A Concept Drift Perspective","P. Ceravolo; G. M. Tavares; S. B. Junior; E. Damiani","Università degli Studi di Milano, Milano, Italy; Università degli Studi di Milano, Milano, Italy; Computer Science Department, State University of Londrina, Londrina, PR Brazil; Università degli Studi di Milano (UNIMI), Milan, Italy","IEEE Transactions on Services Computing","5 Aug 2022","2022","15","4","2473","2489","Online process mining refers to a class of techniques for analyzing in real-time event streams generated by the execution of business processes. These techniques are crucial in the reactive monitoring of business processes, timely resource allocation and detection/prevention of dysfunctional behavior. Many interesting advances have been made by the research community in recent years, but there is no consensus on the exact set of properties these techniques have to achieve. This article fills the gap by identifying a set of evaluation goals for online process mining and examining their fulfillment in the state of the art. We discuss parameters and techniques regulating the balance between conflicting goals and outline research needed for their improvement. Concept drift detection is crucial in this sense but, as demonstrated by our experiments, it is only partially supported by current solutions.","1939-1374","","10.1109/TSC.2020.3004532","National Council for Scientific and Technological Development(grant numbers:420562/2018-4); Fundação Araucària; Universita degli Studi di Milano; ","https://ieeexplore.ieee.org/stamp/stamp.jsp?arnumber=9124702","Online process mining;event stream;requirements and goals;concept drift","Business;Real-time systems;Memory management;Service computing;Data mining;Adaptation models;Analytical models","","19","","73","IEEE","24 Jun 2020","","","IEEE","IEEE Journals"
"PrefixCDD: Effective Online Concept Drift Detection over Event Streams using Prefix Trees","J. Huete; A. A. Qahtan; M. Hassani","Eindhoven University of Technology, Eindhoven, The Netherlands; Utrecht University, Utrecht, The Netherlands; Eindhoven University of Technology, Eindhoven, The Netherlands","2023 IEEE 47th Annual Computers, Software, and Applications Conference (COMPSAC)","2 Aug 2023","2023","","","328","333","Process mining focuses on applying data mining techniques over business process data. Recently, with the improvements in sensoring, collection, and storage of event data, a big demand for both shorter mining time and adaptive models of streaming process events arose. This increased the interest in streaming process mining. Some techniques within this field attempt to identify drifts (change points) from evolving process data streams. Existing work on supervised and unsupervised-learning approaches over data streams have several limitations with regards to the nature of the drifts, the excessive storage required to store and process the stream, and the performance over real-world datasets. This paper contributes PrefixCDD, an efficient unsupervised-learning novel approach for online concept drift detection (CDD) over event streams. Our proposed approach utilizes a data structure, where the data stream components are stored in a set of prefix-trees. It transforms then the discrete data into continuous one using a Principal Component Analysis (PCA) approach over the trees. Then, ADWIN is used to focus on up-to-date information, making it appealing to work with the decaying mechanism logic behind our algorithm. Using six artificial and three real-life datasets, PrefixCDD outperforms state-of-the-art techniques in terms of detecting existing drifts of different natures, discovering them shortly after they appear, and the overall execution time.","0730-3157","979-8-3503-2697-0","10.1109/COMPSAC57700.2023.00051","","https://ieeexplore.ieee.org/stamp/stamp.jsp?arnumber=10196975","Process Mining;Stream Process Mining;Concept Drift Detection;Unsupervised-Learning;Event Streams","Adaptation models;Software algorithms;Transforms;Data structures;Software;Data models;Data mining","","1","","17","IEEE","2 Aug 2023","","","IEEE","IEEE Conferences"
"Phenomenon of concept drift from process mining insight","M. V. Manoj Kumar; L. Thomas; B. Annappa","Department of CS&E NITK, Surathkal, India; Department of CS&E NITK, Surathkal, India; Department of CS&E NITK, Surathkal, India","2014 IEEE International Advance Computing Conference (IACC)","27 Mar 2014","2014","","","517","522","Process mining is originated form the fact that the modern information systems systematically record and maintain history of the process which they monitor and support. Systematic study of the recorded information in process centric manner will help to understand the process in a better way. Process mining acts as enabling technology by facilitating process centric analysis of data, which other available data science like data mining etc. fails to provide. Process mining algorithms are able to provide excellent insights on the process which they analyze, but they fail to handle the change in the process. Concept drift is a phenomenon of change in the process while it is being analyzed and it is a non-stationary learning problem. As the process changes while it is being analyzed, end result of the analysis becomes obsolete. Process mining algorithms are static biased, they assume that process at the beginning of analysis period will remain as same at the end of analysis period. There is at most requirement to effectively deal with the change in process to conduct optimal analysis. The main focus of this paper is to identify different factors to be considered while designing the solution for the problem of concept drift and explain each of the identified factors briefly. As the phenomenon of concept drift is extensively under consideration for research in other scientific research disciplines, this article considers restricting the content strictly concerning to the context of process mining.","","978-1-4799-2572-8","10.1109/IAdCC.2014.6779378","","https://ieeexplore.ieee.org/stamp/stamp.jsp?arnumber=6779378","Change in process;Second order dynamics;process perspective;concept drift","Handheld computers;Conferences;Decision support systems;Hafnium compounds","","","","22","IEEE","27 Mar 2014","","","IEEE","IEEE Conferences"
"A Framework for Online Process Concept Drift Detection from Event Streams","N. Liu; J. Huang; L. Cui","State Key Laboratory of Networking and Switching Technology, Beijing University of Posts and Telecommunications, Beijing, China; School of Software Engineering, shandong University, Jinan, China; School of Software Engineering, shandong University, Jinan, China","2018 IEEE International Conference on Services Computing (SCC)","6 Sep 2018","2018","","","105","112","Business processes are prone to variations due to the phenomenon known as concept drift, which refers to the situation where the business process is changing while being executed. Concept drift detection of business processes is one of the most critical problems in process mining. Most of the state-of-the-art approaches use statistical hypothesis testing for change point detection by sliding-window-based analysis and feature extraction, which suffer from bad performance and missed detection of certain types of changes. To attack such challenges, this paper proposes a framework as well as detailed models and techniques for online process concept drift detection without any feature extraction. A streaming scheme is presented to detect, locate, and classify the concept drifts simultaneously without requiring any storage of the event traces that have been analyzed. Four types of process concept drifts which are sudden drift, gradual drift, recurring drift, and incremental drift can be precisely discovered, and noise as well as flexibility in business processes are fully considered. The efficacy of the approach is also validated by simulation experiments on large-scale business process event streams.","2474-2473","978-1-5386-7250-1","10.1109/SCC.2018.00021","","https://ieeexplore.ieee.org/stamp/stamp.jsp?arnumber=8456407","online process concept drift detection;process mining;process change point detection and localization","Business;Feature extraction;Testing;Process control;Monitoring;Data mining;Heuristic algorithms","","9","","21","IEEE","6 Sep 2018","","","IEEE","IEEE Conferences"
"An efficient drift detection approach using data entropy in business processes","M. Yaghoubi; M. Nazari","Faculty of Engineering, Golestan University, Gorgan, Iran; Faculty of Engineering, Golestan University, Gorgan, Iran","2021 5th National Conference on Advances in Enterprise Architecture (NCAEA)","31 Jan 2022","2021","","","17","22","Business processes evolve due to adaption to variable environmental conditions. It is vital for organization managers to discover process changes in order to prevent performance issues in organizational processes. These changes may occur suddenly, gradually, periodically, or incrementally. This paper proposes an algorithm for detecting concept drift in event logs for sudden drifts, based on the entropy of trace variants in the execution of processes. In the proposed approach, two sliding window approach is leveraged to extract features of trace variants is given intervals. By counting the number and variety of traces in the reference and detection windows, two feature vectors are created for each window. Comparing two feature vectors that are obtained from two sliding windows by the entropy of feature vectors and SymGtest distance function of trace variants, possible drifts are detected. Experiments on synthetic databases show the accuracy of the method and its superiority to state-of-the-art methods.","","978-1-6654-0791-5","10.1109/NCAEA54556.2021.9690508","","https://ieeexplore.ieee.org/stamp/stamp.jsp?arnumber=9690508","Concept drift;event log;process mining;business processes;entropy","Databases;Organizations;Feature extraction;Entropy;Complexity theory;Time complexity","","","","18","IEEE","31 Jan 2022","","","IEEE","IEEE Conferences"
"Process Mining over Unordered Event Streams","A. Awad; M. Weidlich; S. Sakr","Cairo University, Giza, Egypt; Humboldt-Universität zu Berlin, Berlin, Germany; University of Tartu, Tartu, Estonia","2020 2nd International Conference on Process Mining (ICPM)","22 Oct 2020","2020","","","81","88","Process mining is no longer limited to the one-off analysis of static event logs extracted from a single enterprise system. Rather, process mining may strive for immediate insights based on streams of events that are continuously generated by diverse information systems. This requires online algorithms that, instead of keeping the whole history of event data, work incrementally and update analysis results upon the arrival of new events. While such online algorithms have been proposed for several process mining tasks, from discovery through conformance checking to time prediction, they all assume that an event stream is ordered, meaning that the order of event generation coincides with their arrival at the analysis engine. Yet, once events are emitted by independent, distributed systems, this assumption may not hold true, which compromises analysis accuracy. In this paper, we provide the first contribution towards handling unordered event streams in process mining. Specifically, we formalize the notion of out-of-order arrival of events, where an online analysis algorithm needs to process events in an order different from their generation. Using directly-follows graphs as a basic model for many process mining tasks, we provide two approaches to handle such unorderedness, either through buffering or speculative processing. Our experiments with synthetic and real-life event data show that these techniques help mitigate the accuracy loss induced by unordered streams.","","978-1-7281-9832-3","10.1109/ICPM49681.2020.00022","","https://ieeexplore.ieee.org/stamp/stamp.jsp?arnumber=9230157","Process mining, event streams, unordered streams","Out of order;Data mining;Prediction algorithms;Task analysis;Predictive models;Engines;Computational modeling","","12","","30","IEEE","22 Oct 2020","","","IEEE","IEEE Conferences"
"Trace Clustering Techniques for Process Mining","L. N. N; J. V","Department of CSE, CMR Institute of Technology, Bengaluru, India; Department of CSE, CMR Institute of Technology, Bengaluru, India","2023 Third International Conference on Advances in Electrical, Computing, Communication and Sustainable Technologies (ICAECT)","15 May 2023","2023","","","1","6","Process mining connects the fields of process science and data science. Process mining is a set of techniques used for obtaining knowledge by extracting insights from processes by the means of analysing the event logs, generated during the execution of the process. The process models that are generated using the process mining techniques may be structured or semi structured, it may be complex and difficult to comprehend. The complexity can be reduced using trace clustering. In this work, two clustering algorithms the K-means and Hierarchical clustering and applied to event logs before building the process models. The efficiency of these two algorithms on log data is analysed and it is shown that the complexity of the process models is reduced and it is easy to comprehend the models.","","978-1-6654-9400-7","10.1109/ICAECT57570.2023.10117842","","https://ieeexplore.ieee.org/stamp/stamp.jsp?arnumber=10117842","Trace clustering;Process model;Petrinet;Event log","Analytical models;Computational modeling;PROM;Buildings;Clustering algorithms;Data science;Data models","","","","13","IEEE","15 May 2023","","","IEEE","IEEE Conferences"
"Wanna improve process mining results?","R. P. J. C. Bose; R. S. Mans; W. M. P. van der Aalst","Eindhoven University of Technology, Netherlands; Eindhoven University of Technology, Netherlands; Eindhoven University of Technology, Netherlands","2013 IEEE Symposium on Computational Intelligence and Data Mining (CIDM)","16 Sep 2013","2013","","","127","134","The growing interest in process mining is fueled by the increasing availability of event data. Process mining techniques use event logs to automatically discover process models, check conformance, identify bottlenecks and deviations, suggest improvements, and predict processing times. Lion's share of process mining research has been devoted to analysis techniques. However, the proper handling of problems and challenges arising in analyzing event logs used as input is critical for the success of any process mining effort. In this paper, we identify four categories of process characteristics issues that may manifest in an event log (e.g. process problems related to event granularity and case heterogeneity) and 27 classes of event log quality issues (e.g., problems related to timestamps in event logs, imprecise activity names, and missing events). The systematic identification and analysis of these issues calls for a consolidated effort from the process mining community. Five real-life event logs are analyzed to illustrate the omnipresence of process and event log issues. We hope that these findings will encourage systematic logging approaches (to prevent event log issues), repair techniques (to alleviate event log issues) and analysis techniques (to deal with the manifestation of process characteristics in event logs).","","978-1-4673-5895-8","10.1109/CIDM.2013.6597227","","https://ieeexplore.ieee.org/stamp/stamp.jsp?arnumber=6597227","Process Mining;Data Quality;Event Log;Preprocessing;Data Cleansing;Outliers","Data mining;Business;Information systems;Computational intelligence;Educational institutions;Electronic mail;Systematics","","100","1","39","IEEE","16 Sep 2013","","","IEEE","IEEE Conferences"
"Heuristics-Based Process Mining on Extracted Philippine Public Procurement Event Logs","M. J. Sangil","Layertech Software Labs, Inc., Daraga, Philippines","2020 7th International Conference on Behavioural and Social Computing (BESC)","16 Feb 2021","2020","","","1","4","Public procurement is a business process that is prone to corruption and administrative inefficiency, affecting quality of service delivery to the public. Using Bicol University's three-year procurement data as a sample, this paper explores the use of process mining on publicly-available procurement data to discover underlying structure of procurement processes of government entities in the Philippines, check for conformance with the prescribed process in the procurement law, and identify potentially problematic nodes. In this paper, event logs were generated from official public procurement data and mined with heuristics-based process mining algorithm, using free, open-sourced tools. The discovered processes revealed a concept drift in publication of contract award, a point for inspection and improvement for the agencies involved.","","978-1-7281-8605-4","10.1109/BESC51023.2020.9348306","","https://ieeexplore.ieee.org/stamp/stamp.jsp?arnumber=9348306","Procurement;Process mining;Conformance checking;Business process","Procurement;Social computing;Heuristic algorithms;Quality of service;Tools;Inspection;Data mining","","2","","20","IEEE","16 Feb 2021","","","IEEE","IEEE Conferences"
"Process Duration Modelling and Concept Drift Detection for Business Process Mining","L. Yang; S. McClean; M. Donnelly; K. Burke; K. Khan","School of Computing, Ulster University, NI, UK; School of Computing, Ulster University, NI, UK; School of Computing, Ulster University, NI, UK; Macsi, University of Limerick, Limerick, Ireland; British Telecom, UK","2021 IEEE SmartWorld, Ubiquitous Intelligence & Computing, Advanced & Trusted Computing, Scalable Computing & Communications, Internet of People and Smart City Innovation (SmartWorld/SCALCOM/UIC/ATC/IOP/SCI)","18 Nov 2021","2021","","","653","658","Customer behaviour within business processes can change over time, making it difficult for market understanding and decision making. Detecting such variations, also referred to as concept drift, can provide insight into the evolution of the business environment, offer opportunities for model refinement and provide target-oriented services to improve customer satisfaction. Concept drift in the control-flow perspective has been extensively studied but there is a research gap in detecting process duration drift. In this paper, we use gamma mixture models (GMMs) with an expectation-maximization (EM) algorithm to fit process durations and then detect variations in their histogram, density and cumulative distributions. Specifically, three metrics: the overall difference in back-to-back histograms, the Kullback-Leibler (KL) divergence and the maximum difference in cumulative distributions are used to evaluate how different the process durations are. Furthermore, three corresponding statistical tests: the multinomial test, log-likelihood ratio (LLR) test and Kolmogorov-Smirnov (KS) test are applied to determine whether, or not, the differences are statistically significant. The approach is applied to a public real-life hospital billing process where two concept drift occurrences are discovered. The main contribution of this paper is the approach aiming for detecting process duration changes.","","978-1-6654-1236-0","10.1109/SWC50871.2021.00097","Invest Northern Ireland; ","https://ieeexplore.ieee.org/stamp/stamp.jsp?arnumber=9604453","Business process;Process duration;Gamma mixture model;EM algorithm;Concept drift","Histograms;Technological innovation;Smart cities;Hospitals;Decision making;Process control;Mixture models","","3","","21","IEEE","18 Nov 2021","","","IEEE","IEEE Conferences"
"Process Discovery from Event Stream Data in the Cloud - A Scalable, Distributed Implementation of the Flexible Heuristics Miner on the Amazon Kinesis Cloud Infrastructure","J. Evermann; J. -R. Rehse; P. Fettke","Memorial University of Newfoundland, St. John's, Canada; Deutsches Forschungszentrum fur Künstliche Intelligenz, Universität des Saarlandes, Saarbrücken, Germany; Deutsches Forschungszentrum fur Künstliche Intelligenz, Universität des Saarlandes, Saarbrücken, Germany","2016 IEEE International Conference on Cloud Computing Technology and Science (CloudCom)","26 Jan 2017","2016","","","645","652","Cloud computing offers readily available, scalable infrastructure to tackle problems involving high data volume and velocity. Discovering processes from event streams, especially when the business processes execute in a cloud environment, is such a problem. Event stream data is generated rapidly with varying volume and must be processed on-the-fly, making stream processing an important use case for cloud computing. This paper describes a distributed, streaming implementation of the flexible heuristics miner on Amazon Kinesis, a cloud-based event stream infrastructure, showing how mining methods can scale effortlessly to tens of millions of events per minute.","2330-2186","978-1-5090-1445-3","10.1109/CloudCom.2016.0111","","https://ieeexplore.ieee.org/stamp/stamp.jsp?arnumber=7830752","Process mining;event stream processing;big data;cloud computing;flexible heuristics miner;distributed processing","Cloud computing;Data mining;Big data;Scalability;Frequency measurement;Business;Distributed databases","","3","","16","IEEE","26 Jan 2017","","","IEEE","IEEE Conferences"
"Overlapping Analytic Stages in Online Process Mining","G. M. Tavares; P. Ceravolo; V. G. Turrisi Da Costa; E. Damiani; S. Barbon Junior","Londrina State University (UEL), Londrina, Brazil; Università degli Studi di Milano (UNIMI), Crema, Italy; Londrina State University (UEL), Londrina, Brazil; Khalifa University (KUST), Abu Dhabi, UAE; Londrina State University (UEL), Londrina, Brazil","2019 IEEE International Conference on Services Computing (SCC)","29 Aug 2019","2019","","","167","175","Process mining uses business event logs to understand the flow of activities, to identify anomalous cases and to enhance processes. Today, real-time process mining tools mainly deal with a single task at a time (process discovery, conformance checking, process enhancement or concept change detection). In this paper, we introduce an underlined layer overlapping with multiple online process mining tasks to smooth their integration. Following a case clustering approach, based on trace and time analysis, our proposal supports simultaneously?: process discovery, conformance checking, and concept drift detection. We evaluated our approach and compared it with other techniques using both real-life and synthetic data, obtaining promising results.","2474-2473","978-1-7281-2720-0","10.1109/SCC.2019.00037","","https://ieeexplore.ieee.org/stamp/stamp.jsp?arnumber=8813959","Process Mining;Concept Drift;Anomaly detection;Clustering;Stream Mining","","","10","","25","IEEE","29 Aug 2019","","","IEEE","IEEE Conferences"
"Time-aware Concept Drift Detection Using the Earth Mover’s Distance","T. Brockhoff; M. S. Uysal; W. M. P. van der Aalst","Process and Data Science Group (PADS) Computer Sience 9, RWTH Aachen University, Aachen, Germany; Process and Data Science Group (PADS) Computer Sience 9, RWTH Aachen University, Aachen, Germany; Process and Data Science Group (PADS) Computer Sience 9, RWTH Aachen University, Aachen, Germany","2020 2nd International Conference on Process Mining (ICPM)","22 Oct 2020","2020","","","33","40","Modern business processes are embedded in a complex environment and, thus, subjected to continuous changes. While current approaches focus on the control flow only, additional perspectives, such as time, are neglected. In this paper, we investigate a more general concept drift detection framework that is based on the Earth Mover's Distance. Our approach is flexible in terms of incorporating additional perspectives thanks to the capability of defining custom feature representations, as well as expressive feature similarity measures. We demonstrate the former by incorporating the time perspective using both a time-binning-based trace descriptor and a suitable similarity measure that considers time and control flow. We evaluate the resulting sliding window detector on different types of control-flow and time drifts, and holistic drifts involving multiple perspectives.","","978-1-7281-9832-3","10.1109/ICPM49681.2020.00016","","https://ieeexplore.ieee.org/stamp/stamp.jsp?arnumber=9230247","Process Mining;Concept Drift Detection;Earth Mover’s Distance","Earth;Detectors;Time measurement;Probability distribution;Frequency measurement;Feature extraction;Data mining","","13","","31","IEEE","22 Oct 2020","","","IEEE","IEEE Conferences"
"Handling Concept Drift for Predictions in Business Process Mining","L. Baier; J. Reimold; N. Kühl","Karlsruhe Institute of Technology (KIT), Karlsruhe, Germany; Karlsruhe Institute of Technology (KIT), Karlsruhe, Germany; Karlsruhe Institute of Technology (KIT), Karlsruhe, Germany","2020 IEEE 22nd Conference on Business Informatics (CBI)","15 Jul 2020","2020","1","","76","83","Predictive services nowadays play an important role across all business sectors. However, deployed machine learning models are challenged by changing data streams over time which is described as concept drift. Prediction quality of models can be largely influenced by this phenomenon. Therefore, concept drift is usually handled by retraining of the model. However, current research lacks a recommendation which data should be selected for the retraining of the machine learning model. Therefore, we systematically analyze different data selection strategies in this work. Subsequently, we instantiate our findings on a use case in process mining which is strongly affected by concept drift. We can show that we can improve accuracy from 0.5400 to 0.7010 with concept drift handling. Furthermore, we depict the effects of the different data selection strategies.","2378-1971","978-1-7281-9926-9","10.1109/CBI49978.2020.00016","","https://ieeexplore.ieee.org/stamp/stamp.jsp?arnumber=9140292","","Data models;Predictive models;Machine learning;Adaptation models;Business;Data mining;Computational modeling","","6","","39","IEEE","15 Jul 2020","","","IEEE","IEEE Conferences"
"Online Model Generation for Scalable Predictive Process Monitoring","P. Rico; F. Cuadrado; J. C. Dueñas","Universidad Politécnica de Madrid, Madrid, Spain; Universidad Politécnica de Madrid, Madrid, Spain; Universidad Politécnica de Madrid, Madrid, Spain","2021 International Young Engineers Forum (YEF-ECE)","9 Aug 2021","2021","","","7","12","Predictive process monitoring techniques are intended to forecast outcomes of running process instances. This is achieved through the use of predictive models inferred from past event logs. However, the use of such procedures in scenarios where there is an initial lack of previous data or concept drift can be especially challenging. To overcome those limitations, this paper is focused on enabling online model generation, addressing problems such as uncertainty about process completeness. Further, a scalable streaming system based on Apache Flink platform is built and applied on an incident management system dataset in order to assess prediction performance. The results presented show the capacity of these techniques to support predictive process monitoring.","","978-1-6654-1264-3","10.1109/YEF-ECE52297.2021.9505122","","https://ieeexplore.ieee.org/stamp/stamp.jsp?arnumber=9505122","process mining;predictive monitoring;streaming system;apache flink","Process monitoring;Uncertainty;Scalability;Computational modeling;Predictive models;Big Data;Data models","","","","13","IEEE","9 Aug 2021","","","IEEE","IEEE Conferences"
"Streaming Process Discovery Method for Semi-Structured Business Processes","A. Batyuk; V. Voityshyn","Dept. of Automated Control Systems, Lviv Polytechnic National University, Lviv, Ukraine; Dept. of Automated Control Systems, Lviv Polytechnic National University, Lviv, Ukraine","2020 IEEE Third International Conference on Data Stream Mining & Processing (DSMP)","23 Sep 2020","2020","","","444","448","A streaming process discovery method for semi-structured business processes is proposed. The method is further development of the Fuzzy Miner which originally was intended for stationary event data sets. The streaming Fuzzy Miner supports concept drift of a business process model so that recent events are considered more important as the earlier ones. The method was used to represent business process models in the real-time business process monitoring information technology.","","978-1-7281-3214-3","10.1109/DSMP47368.2020.9204201","","https://ieeexplore.ieee.org/stamp/stamp.jsp?arnumber=9204201","process mining;streaming process discovery;concept drift;Fuzzy Miner;RTBPM","Measurement;Data models;Data mining;Task analysis;Real-time systems;Process control","","3","","22","IEEE","23 Sep 2020","","","IEEE","IEEE Conferences"
"STARDUST: A Novel Process Mining Approach to Discover Evolving Models From Trace Streams","V. Pasquadibisceglie; A. Appice; G. Castellano; N. Fiorentino; D. Malerba","Dipartimento di Informatica, Università degli Studi Aldo Moro di Bari, via Orabona, Bari, Italy; Dipartimento di Informatica, Università degli Studi Aldo Moro di Bari, via Orabona, Bari, Italy; Dipartimento di Informatica, Università degli Studi Aldo Moro di Bari, via Orabona, Bari, Italy; Dipartimento di Informatica, Università degli Studi Aldo Moro di Bari, via Orabona, Bari, Italy; Dipartimento di Informatica, Università degli Studi Aldo Moro di Bari, via Orabona, Bari, Italy","IEEE Transactions on Services Computing","8 Aug 2023","2023","16","4","2970","2984","In this article we introduce ${{\sf STARDUST}}$STARDUST (event STream Analysis for pRocess Discovery Using Sampling sTragies), a process discovery approach that analyses a trace stream, in order to discover a process model that may change over time. The basic idea is to adopt a sampling technique to select the most representative trace variants to be considered for the process discovery, then to alert a concept drift as the trace variants to be sampled change over time and, finally, to trigger the discovery of a new process model as a drift is alerted. We formulate the proposed approach under the assumption that the trace distribution commonly follows the Pareto's principle (i.e., a few trace variants covers the majority of cases) which is commonly satisfied in several business processes. Experimental results on various benchmark event logs handled as streams show the effectiveness of the proposed approach also compared to a state-of-the- art concept drift detection approach.","1939-1374","","10.1109/TSC.2022.3215502","","https://ieeexplore.ieee.org/stamp/stamp.jsp?arnumber=9925089","Process discovery;stream data mining;concept drift;sampling;pareto's principle","Business;Data models;Data mining;Computational modeling;Feature extraction;Context modeling;Process control","","","","40","IEEE","19 Oct 2022","","","IEEE","IEEE Journals"
"Using Process Mining to Bridge the Gap between BI and BPM","W. v. d. Aalst","Eindhoven University of Technology, The Netherlands","Computer","8 Dec 2011","2011","44","12","77","80","Process mining techniques enable process-centric analytics through automated process discovery, conformance checking, and model enhancement.","1558-0814","","10.1109/MC.2011.384","","https://ieeexplore.ieee.org/stamp/stamp.jsp?arnumber=6096556","Discovery analytics;Process mining;Business intelligence;Business process management","Process design;Organizational aspects;Knowledge discovery;Business process re-engineering","","28","","","IEEE","8 Dec 2011","","","IEEE","IEEE Magazines"
"Handling Concept Drift in Predictive Process Monitoring","M. Maisenbacher; M. Weidlich",Humboldt-Universität zu Berlin; Humboldt-Universität zu Berlin,"2017 IEEE International Conference on Services Computing (SCC)","14 Sep 2017","2017","","","1","8","Predictive process monitoring emerged as a technique to anticipate the outcome of a running instance of a business process. To this end, it first constructs a forecast model based on an encoding of traces of past process executions that are labelled with the prediction target. This model is then used to predict the outcome of a running process instance. However, existing approaches neglect that real-world processes are subject to continuous change, so that prediction models need to adapt to concept drift. In this paper, we take up ideas on incremental learning from general data mining and present a paradigm for predictive process monitoring under concept drift. It is grounded in a systematic experimental study that answers the questions of which encoding of process traces and which incremental learning strategies are particularly suited for predictive monitoring of continuously evolving processes.","2474-2473","978-1-5386-2005-2","10.1109/SCC.2017.10","","https://ieeexplore.ieee.org/stamp/stamp.jsp?arnumber=8034961","Predictive Monitoring;Concept Drift;Incremental Learning","Monitoring;Business;Encoding;Process control;Predictive models;Data mining;Supervised learning","","20","","33","IEEE","14 Sep 2017","","","IEEE","IEEE Conferences"
"Screening Process Mining and Value Stream Techniques on Industrial Manufacturing Processes: Process Modelling and Bottleneck Analysis","J. Rudnitckaia; H. S. Venkatachalam; R. Essmann; T. Hruška; A. W. Colombo","Faculty of Information Technology, Brno University of Technology, Brno, Czech Republic; Hochschule Emden/Leer, University of Applied Sciences Emden/Leer, Emden, Germany; Head of Production Intelligence, Honeywell, Lotte, Germany; Faculty of Information Technology, Brno University of Technology, Brno, Czech Republic; Hochschule Emden/Leer, University of Applied Sciences Emden/Leer, Emden, Germany","IEEE Access","8 Mar 2022","2022","10","","24203","24214","One major result of the Industrial Digitalization is the access to a large set of digitalized data and information, i.e. Big Data. The market of analytic tools offers a huge variety of algorithms and software to exploit big datasets. Implementing their advantages into one approach brings better results and empower possibilities for process analysis. Its application in the manufacturing industry requires a high level of effort and remains to be challenging due to product complexity, human-centric processes, and data quality. In this manuscript, the authors combine process mining and value streams methods for analyzing the data from the information management system, applying the approach to the data delivered by one specific manufacturing system. The manufacturing process to be examined is the process of assembling gas meters in the manufacture. This specific and important part of the whole supply-chain process was taken as suitable for the study due to almost full-automated line with data about each process activity of the value-stream in the information system. The paper applies process mining algorithms in discovering a descriptive process model that plays the main role as a basis for further analysis. At the same time, modern techniques of the bottleneck analysis are described, and two new comprehensible methods of bottlenecks detection (TimeLag and Confidence intervals methods), as well as their advantages, will be discussed. Achieved results can be subsequently used for other sources of big data and industrial-compliant Information Management Systems.","2169-3536","","10.1109/ACCESS.2022.3152211","Brno University of Technology Project “Application of AI Methods to Cyber Security and Control Systems” (2020–2022)(grant numbers:FIT-S-20-6293); German Academic Exchange Service (DAAD) through the Deutsch-Argentinisches Hochschulzentrum (CUAA-DAHZ) by the Binational Studies with Double-Degree: Master in Industrial Informatics with Specialization in Industrial Cyber-Physical Systems(grant numbers:57530192); ","https://ieeexplore.ieee.org/stamp/stamp.jsp?arnumber=9715073","Bottleneck analysis;manufacturing process;process mining;process modelling;information management system;value stream","Data mining;Manufacturing;Information management;Production;Manufacturing processes;Companies;Analytical models","","2","","29","CCBYNCND","16 Feb 2022","","","IEEE","IEEE Journals"
"Online Discovery of Declarative Process Models from Event Streams","A. Burattin; M. Cimitile; F. M. Maggi; A. Sperduti","University of Innsbruck, Austria; Unitelma Sapienza University, Italy; University of Tartu, Estonia; University of Padua, Italy","IEEE Transactions on Services Computing","7 Dec 2015","2015","8","6","833","846","Today's business processes are often controlled and supported by information systems. These systems record real-time information about business processes during their executions. This enables the analysis at runtime of the process behavior. However, many modern systems produce “big data”, i.e., collections of data sets so large and complex that it becomes impossible to store and process all of them. Moreover, few processes are in steady-state but, due to changing circumstances, they evolve and systems need to adapt continuously. In this paper, we present a novel framework for the discovery of LTL-based declarative process models from streaming event data in settings where it is impossible to store all events over an extended period of time or where processes evolve while being analyzed. The framework continuously updates a set of valid business constraints based on the events occurred in the event stream. In addition, our approach is able to provide meaningful information about the most significant concept drifts, i.e., changes occurring in a process during its execution. We report about experimental results obtained using synthetic logs and a real-life event log pertaining to the treatment of patients diagnosed with cancer in a large Dutch academic hospital.","1939-1374","","10.1109/TSC.2015.2459703","","https://ieeexplore.ieee.org/stamp/stamp.jsp?arnumber=7164336","Process Discovery;Event Stream Analysis;Big Data;Declarative Process Models;Concept Drifts;Operational Decision Support.;Process discovery;event stream analysis;big data;declarative process models;concept drifts;operational decision support","Approximation algorithms;Data models;Data mining;Algorithm design and analysis;Data structures;Big data","","61","","42","IEEE","22 Jul 2015","","","IEEE","IEEE Journals"
"Dealing With Concept Drifts in Process Mining","R. P. J. C. Bose; W. M. P. van der Aalst; I. Žliobaitė; M. Pechenizkiy","Department of Mathematics and Computer Science, Eindhoven University of Technology, Eindhoven, MB, The Netherlands; Department of Mathematics and Computer Science, Eindhoven University of Technology, Eindhoven, MB, The Netherlands; Department of Information and Computer Science, Aalto University, Aalto, Finland; Department of Mathematics and Computer Science, Eindhoven University of Technology, Eindhoven, MB, The Netherlands","IEEE Transactions on Neural Networks and Learning Systems","13 Dec 2013","2014","25","1","154","171","Although most business processes change over time, contemporary process mining techniques tend to analyze these processes as if they are in a steady state. Processes may change suddenly or gradually. The drift may be periodic (e.g., because of seasonal influences) or one-of-a-kind (e.g., the effects of new legislation). For the process management, it is crucial to discover and understand such concept drifts in processes. This paper presents a generic framework and specific techniques to detect when a process changes and to localize the parts of the process that have changed. Different features are proposed to characterize relationships among activities. These features are used to discover differences between successive populations. The approach has been implemented as a plug-in of the ProM process mining framework and has been evaluated using both simulated event data exhibiting controlled concept drifts and real-life event data from a Dutch municipality.","2162-2388","","10.1109/TNNLS.2013.2278313","","https://ieeexplore.ieee.org/stamp/stamp.jsp?arnumber=6634264","Concept drift;flexibility;hypothesis tests;process changes;process mining","Data mining;Process control;Organizations;Data models;Predictive models;Context","","125","","58","IEEE","16 Oct 2013","","","IEEE","IEEE Journals"
"Unraveling Process Evolution by Handling Concept Drifts in Process Mining","T. Li; T. He; Z. Wang; Y. Zhang; D. Chu","School of Computer Science and Technology, Harbin Institute of Technology, Harbin, Heilongjiang, China; College of Computer Science and Technology, Huaqiao University, Xiamen, Fujian, China; School of Computer Science and Technology, Harbin Institute of Technology, Harbin, Heilongjiang, China; Birmingham Business School, University of Birmingham, Birmingham, UK; School of Computer Science and Technology, Harbin Institute of Technology (Weihai), Weihai, Shandong, China","2017 IEEE International Conference on Services Computing (SCC)","14 Sep 2017","2017","","","442","449","Business processes change over time in response to changing circumstances, it is crucial for process managers to discover and understand such changes from event logs. While existing techniques in process mining cannot efficiently detect and locate concept drifts in uncompleted event logs. Hence, an appropriate method, which could prompt to unravel the process evolution, may greatly assist organizations to manage the flexibility and change of business processes in the context of business process management (BMP). In this paper, we first proposed an extensible feature and employed it with the sliding window technique and heuristic miner for detecting and locating concept drifts in uncompleted event logs. Then, Genetic Process Mining (GPM) was improved by the Weight Heuristic Miner (WHM) and Differential Evolution (DE) for mining the new process model of an evolving process. Finally, experimental results on four event logs which are created based on a real-world business process have validated the proposed method.","2474-2473","978-1-5386-2005-2","10.1109/SCC.2017.63","","https://ieeexplore.ieee.org/stamp/stamp.jsp?arnumber=8035016","the new process model;concept drift detection;GPM;process change;process mining;process evolution","Feature extraction;Computer science;Noise measurement;Organizations;Genetics;Analytical models","","8","","17","IEEE","14 Sep 2017","","","IEEE","IEEE Conferences"
"High-Level Event Mining: A Framework","B. Bakullari; W. M. P. van der Aalst","Department of Computer Science, Chair of Process and Data Science (PADS), RWTH Aachen University; Department of Computer Science, Chair of Process and Data Science (PADS), RWTH Aachen University","2022 4th International Conference on Process Mining (ICPM)","14 Dec 2022","2022","","","136","143","Process mining methods often analyze processes in terms of the individual end-to-end process runs. Process behavior, however, may materialize as a general state of many involved process components, which can not be captured by looking at the individual process instances. A more holistic state of the process can be determined by looking at the events that occur close in time and share common process capacities. In this work, we conceptualize such behavior using high-level events and propose a new framework for detecting and logging such high-level events. The output of our method is a new high-level event log, which collects all generated high-level events together with the newly assigned event attributes: activity, case, and timestamp. Existing process mining techniques can then be applied on the produced high-level event log to obtain further insights. Experiments on both simulated and real-life event data show that our method is able to automatically discover how system-level patterns such as high traffic and workload emerge, propagate and dissolve throughout the process.","","979-8-3503-9714-7","10.1109/ICPM57379.2022.9980816","","https://ieeexplore.ieee.org/stamp/stamp.jsp?arnumber=9980816","high-level events;high-level event log;process performance;workload","Behavioral sciences;Data mining","","1","","14","IEEE","14 Dec 2022","","","IEEE","IEEE Conferences"
"Detecting Sudden Drift for Single-Instance Log in Software Development Process","J. Yuan; T. Li; R. Zhu; Z. Ma; J. Peng; Y. Huang","School of Software, Yunnan University, Kunming, China; Yunnan Key Laboratory of Software Engineering, Yunnan University, Kunming, China; School of Software, Yunnan University, Kunming, China; School of Software, Yunnan University, Kunming, China; School of Software, Yunnan University, Kunming, China; School of Software, Yunnan University, Kunming, China","2020 Prognostics and Health Management Conference (PHM-Besançon)","12 Jun 2020","2020","","","354","359","The current algorithm for detecting drift in the business process can only detect the drift of the log of multi-instance. However, the log generated in the software development process is mainly single-instance. Hence, this paper proposes an algorithm for detecting sudden drift of the log of single-instance. First, we apply the LDA topic model for the topic extraction of log in the software development process to obtain the log of single-instance. Then the location of the drift point of the single-instance log can be detected according to the change of the lowest frequency of direct successor relation. Finally, the location numbers of the actual drift points were obtained by corresponding to original data. Multiple sets of simulated data evaluate this algorithm. The results show that this algorithm can effectively detect the sudden drift location of the single-instance log in the software development process.","2166-5656","978-1-7281-5675-0","10.1109/PHM-Besancon49106.2020.00069","","https://ieeexplore.ieee.org/stamp/stamp.jsp?arnumber=9115499","software development process, process drift, LDA topic model, single-instance, frequency detection","Software algorithms;Software;Data mining;Detection algorithms;Business","","","","17","IEEE","12 Jun 2020","","","IEEE","IEEE Conferences"
"Service Mining: Using Process Mining to Discover, Check, and Improve Service Behavior","W. v. d. Aalst","Eindhoven University of Technology, Eindhoven and Queensland University of Technology, Brisbane","IEEE Transactions on Services Computing","9 Dec 2013","2013","6","4","525","535","Web services are an emerging technology to implement and integrate business processes within and across enterprises. Service orientation can be used to decompose complex systems into loosely coupled software components that may run remotely. However, the distributed nature of services complicates the design and analysis of service-oriented systems that support end-to-end business processes. Fortunately, services leave trails in so-called event logs and recent breakthroughs in process mining research make it possible to discover, analyze, and improve business processes based on such logs. Recently, the task force on process mining released the process mining manifesto. This manifesto is supported by 53 organizations and 77 process mining experts contributed to it. The active participation from end-users, tool vendors, consultants, analysts, and researchers illustrate the growing significance of process mining as a bridge between data mining and business process modeling. In this paper, we focus on the opportunities and challenges for service mining, i.e., applying process mining techniques to services. We discuss the guiding principles and challenges listed in the process mining manifesto and also highlight challenges specific for service-orientated systems.","1939-1374","","10.1109/TSC.2012.25","","https://ieeexplore.ieee.org/stamp/stamp.jsp?arnumber=6275430","Process mining;business process management;service discovery;conformance checking","Data mining;Web services;Computational modeling;Context;Analytical models;Customer services","","48","","39","IEEE","20 Aug 2012","","","IEEE","IEEE Journals"
"Software Architecture Design of the Real- Time Processes Monitoring Platform","A. Batyuk; V. Voityshyn; V. Verhun","Dept. of Automated Control Systems, Lviv Polytechnic National University, Lviv, Ukraine; Dept. of Automated Control Systems, Lviv Polytechnic National University, Lviv, Ukraine; Dept. of Automated Control Systems, Lviv Polytechnic National University, Lviv, Ukraine","2018 IEEE Second International Conference on Data Stream Mining & Processing (DSMP)","4 Oct 2018","2018","","","98","101","Understanding of how business processes are executed in real-life is vitally important for a company. Any process leaves a digital footprint that can be transformed into so-called event logs and analyzed with process mining techniques. A software platform with the purpose of near realtime processes monitoring is implemented. Design of the represented platform is based on the lambda architecture combining online and offline process mining algorithms with advanced analytics based on machine learning.","","978-1-5386-2874-4","10.1109/DSMP.2018.8478589","","https://ieeexplore.ieee.org/stamp/stamp.jsp?arnumber=8478589","process mining;event data;event logs;business process management;BPM;XES;lambda architecture","Data mining;Software;Computer architecture;Real-time systems;Task analysis;Monitoring;Software algorithms","","17","","23","IEEE","4 Oct 2018","","","IEEE","IEEE Conferences"
"A Conformance Checking-Based Approach for Sudden Drift Detection in Business Processes","V. Gallego-Fontenla; J. C. Vidal; M. Lama","Centro Singular de Investigación en Tecnoloxías Intelixentes (CiTIUS), Universidade de Santiago de Compostela, Galicia, Spain; Centro Singular de Investigación en Tecnoloxías Intelixentes (CiTIUS), Universidade de Santiago de Compostela, Galicia, Spain; Centro Singular de Investigación en Tecnoloxías Intelixentes (CiTIUS), Universidade de Santiago de Compostela, Galicia, Spain","IEEE Transactions on Services Computing","6 Feb 2023","2023","16","1","13","26","Real life business processes change over time, in both planned and unexpected ways. The detection of these changes is crucial for organizations to ensure that the expected and the real behavior are as similar as possible. These changes over time are called concept drifts and its detection is a big challenge in process mining since the inherent complexity of the data makes difficult distinguishing between a change and an anomalous execution. In this article, we present C2D2 (Conformance Checking-based Drift Detection), a new approach to detect sudden control-flow changes in the process models from event traces. C2D2 combines discovery techniques with conformance checking methods to perform an offline detection. Our approach has been validated with a synthetic benchmarking dataset formed by 68 logs, showing an improvement in the accuracy while maintaining a very low delay in the drift detection.","1939-1374","","10.1109/TSC.2021.3120031","Ministerio de Educación, Cultura y Deporte(grant numbers:FPU17/05138); European Regional Development Fund - ERDF Program; Consellería de Educación, Universidade e Formación Profesional(grant numbers:ED431G-2019/04); European Regional Development Fund; Spanish Ministerio de Ciencia e Innovación(grant numbers:PID2020-112623GB-I00,PDC2021-121072-C21); ","https://ieeexplore.ieee.org/stamp/stamp.jsp?arnumber=9573336","Business processes;concept drift;process mining;conformance checking-based detection","Measurement;Process control;Organizations;Delays;Probability;Computational modeling;Clustering algorithms","","4","","44","IEEE","14 Oct 2021","","","IEEE","IEEE Journals"
"Assessing Software Development Teams' Efficiency using Process Mining","J. Caldeira; F. Brito e Abreu; J. Reis; J. Cardoso","ISTAR-IUL, Instituto Universitário de Lisboa (ISCTE-IUL), Lisboa, Portugal; ISTAR-IUL, Instituto Universitário de Lisboa (ISCTE-IUL), Lisboa, Portugal; ISTAR-IUL, Instituto Universitário de Lisboa (ISCTE-IUL), Lisboa, Portugal; CISUC, Portugal Huawei Munich Research Center, Germany","2019 International Conference on Process Mining (ICPM)","5 Aug 2019","2019","","","65","72","Context. Improving the efficiency and effectiveness of software development projects implies understanding their actual process. Given the same requirements specification, different software development teams may follow different strategies and that may lead to inappropriate use of tools or non-optimized allocation of effort on spurious activities, non-aligned with the desired goals. However, due to its intangibility, the actual process followed by each developer or team is often a black box. Objective. The overall goal of this study is to improve the knowledge on how to measure efficiency in development teams where a great deal of variability may exist due to the human-factor. The main focus is on the discovery of the underlying processes and compare them in terms of efficiency and effectiveness. By doing so, we expect to reveal potentially hidden costs and risks, so that corrective actions may take place on a timely manner during the software project life cycle. Method. Several independent teams of Java programmers, using the Eclipse IDE, were assigned the same software quality task, related to code smells detection for identifying refactoring opportunities and the quality of the outcomes were assessed by independent experts. The events corresponding to the activity of each team upon the IDE, while performing the given task, were captured. Then, we used process mining techniques to discover development process models, evaluate their quality and compare variants against a reference model used as ""best practice"". Results. Teams whose process model was less complex, had the best outcomes and vice-versa. Comparing less complex process variants with the """"best practice"""" process, showed that they were also the ones with less differences in the control-flow perspective, based on activities frequencies. We have also determined which teams were most efficient through process analysis. Conclusions. We confirmed that, even for a well-defined software development task, there may be a great deal of process variability due to the human factor. We were able to identify when developers were more or less focused in the essential tasks they were required to perform. Less focused teams had the more complex process models, due to the spurious / non-essential actions that were carried out. In other words, they were less efficient. Experts' opinion confirmed that those teams also were less effective in their expected delivery. We therefore concluded that a self-awareness of the performed process rendered by our approach, may be used to identify corrective actions that will improve process efficiency (less wasted effort) and may yield to better deliverables, i.e. improved process effectiveness.","","978-1-7281-0919-0","10.1109/ICPM.2019.00020","","https://ieeexplore.ieee.org/stamp/stamp.jsp?arnumber=8786041","software development;process mining;software process analytics;ide usage;efficiency assessment","Data mining;Task analysis;Tools;Java;Human factors;Software quality","","9","","36","IEEE","5 Aug 2019","","","IEEE","IEEE Conferences"
"Visualization for enabling human-in-the-loop in trace clustering-based process mining tasks","T. R. Neubauer; G. Pamponet Sobrinho; M. Fantinato; S. M. Peres","School of Arts, Science and Humanities, University of Sao Paulo, São Paulo, Brazil; School of Arts, Science and Humanities, University of Sao Paulo, São Paulo, Brazil; School of Arts, Science and Humanities, University of Sao Paulo, São Paulo, Brazil; School of Arts, Science and Humanities, University of Sao Paulo, São Paulo, Brazil","2021 IEEE International Conference on Big Data (Big Data)","13 Jan 2022","2021","","","3548","3556","Process mining encompasses a series of tasks aimed at discovering knowledge about business processes from event logs underlying information systems deployed in organizations. Considering real-world business processes, high-complexity issues often prevent process mining techniques from producing satisfactory results. Business processes’ complexity arises from: (i) high behavioral variability as presented in unstructured processes, e.g. knowledge intensive processes, in which decisions commonly dependent on human actions; (ii) data volume, as it can reach big data levels in organizations with high-volume operations. Trace clustering can support mitigating high-complexity related issues. The process instance profiles resulting from trace clustering divide a complex problem into smaller and simpler ones. However, interpreting clustering results frequently requires decision-making and reasoning that might benefit from domain experts’ knowledge. Especially, in trace clustering-based process mining tasks, domain experts involvement enable results evaluation from the business process perspective. In this paper, a proposal for a trace clustering results visualization is presented. This visualization strategy supports evaluation from a business process perspective, enabling human-in-the-loop strategies. In order to illustrate the usefulness and appropriateness of the visualization, we present three use cases modeled on real-world event logs.","","978-1-6654-3902-2","10.1109/BigData52589.2021.9671985","","https://ieeexplore.ieee.org/stamp/stamp.jsp?arnumber=9671985","human-in-the-loop;process mining;trace clustering;visualization","Conferences;Decision making;Data visualization;Organizations;Big Data;Complexity theory;Data mining","","4","","43","IEEE","13 Jan 2022","","","IEEE","IEEE Conferences"
"A Self-Adaptive Process Mining Algorithm Based on Information Entropy to Deal With Uncertain Data","W. Li; Y. Fan; W. Liu; M. Xin; H. Wang; Q. Jin","School of Computer Engineering and Science, Shanghai University, Shanghai, China; School of Computer Engineering and Science, Shanghai University, Shanghai, China; School of Computer Engineering and Science, Shanghai University, Shanghai, China; School of Computer Engineering and Science, Shanghai University, Shanghai, China; Department of ICT and Natural Sciences, Norwegian University of Science and Technology, Aalesund, Norway; Faculty of Human Sciences, Waseda University, Tokorozawa, Japan","IEEE Access","23 Sep 2019","2019","7","","131681","131691","Process mining is a technology to gain knowledge of the business process by using the event logs and achieve a model of the process, which contributes to the detection and improvement of the business process. However, most existing process mining algorithms have drawbacks associated with managing uncertain data, and the method of using the frequency threshold alone needs to be enhanced. This paper improves correlation measures in heuristic mining to build a correlation matrix based on an improved frequency matrix. Combined with the maximum entropy principle, a self-adaptive method to determine the threshold is given, which is used to remove the uncertain data relationship in the logs. Furthermore, this study identifies a selective and parallel structure through a modified frequency matrix, and we can get a Petri net-based process model from a directed graph. The recognition of parallel structures contributes to eliminating imbalances when calculating the threshold to deal with the uncertain data. Finally, this paper presents an algorithm framework for adaptively removing uncertain data. This study represents a new attempt to use entropy to remove uncertain data in the field of Business Process Management (BPM). The threshold to deal with the uncertain data does not need to set the parameters in advance. Therefore, the proposed algorithm is self-adaptive and universal. Experimental results show that the algorithm proposed in this study has a higher degree of behavioral and structural appropriateness, and fitness, for the uncertain log data compared to traditional algorithms.","2169-3536","","10.1109/ACCESS.2019.2939565","National Key R&D Program of China(grant numbers:2017YFE0117500); National Natural Science Foundation of China(grant numbers:61762002); ","https://ieeexplore.ieee.org/stamp/stamp.jsp?arnumber=8826260","Process mining;entropy;maximum entropy principle;uncertain data;BPM","Data mining;Entropy;Trajectory;Data models;Task analysis;Information entropy","","6","","32","CCBY","6 Sep 2019","","","IEEE","IEEE Journals"
"LCDD: Detecting Business Process Drifts Based on Local Completeness","L. Lin; L. Wen; L. Lin; J. Pei; H. Yang","Tsinghua University, Beijing, China; School of Software, Tsinghua University, Beijing, China; Tsinghua University, Beijing, China; Tsinghua University, Beijing, China; Tsinghua University, Beijing, China","IEEE Transactions on Services Computing","5 Aug 2022","2022","15","4","2086","2099","Flexibility and evolution have been a hot topic in the context of business process management. However, contemporary process mining techniques assume processes to be in a steady state, which will result in a mixed-model mined from the event log. Business process drift detection is a family of methods to detect changes by analyzing the event log, but existing methods have some disadvantages in dealing with concept drifts. First, most of these methods detect changes depending on an exploration of a potentially large feature space and are time consuming. Second, with the size of delay period becoming small, the accuracies of some methods will drop rapidly. In this article, we address these problems by proposing a novel drift detection technique called LCDD that significantly differs from existing methods. The core idea is to find out new features and disappeared features from traces after the log fragment meets local completeness. To begin with, we use the relations of direct succession as the lightweight feature, which are compared between two windows (complete window and detection window). Then, we find new direct successions and stable disappeared direct successions by just moving detection window. Finally, the forgetting mechanism is used to abandon some direct successions after finding a change point. An extensive empirical evaluation shows that LCDD is faster and more accurate.","1939-1374","","10.1109/TSC.2020.3032787","National Key Research and Development Program of China(grant numbers:2019YFB1704003); National Natural Science Foundation of China(grant numbers:71690231,61472207); Tsinghua BNRist; ","https://ieeexplore.ieee.org/stamp/stamp.jsp?arnumber=9234652","Process mining;concept drift;direct succession;change detection;log completeness","Task analysis;Data mining;Feature extraction;Microsoft Windows;Steady-state;Process modeling","","2","","31","IEEE","21 Oct 2020","","","IEEE","IEEE Journals"
"Measuring the Stability of Process Outcome Predictions in Online Settings","S. Lee; M. Comuzzi; X. Lu; H. A. Reijers","Utrecht University, Utrecht, The Netherlands; Ulsan National Institute of Science and Technology, Ulsan, Republic of Korea; Utrecht University, Utrecht, The Netherlands; Utrecht University, Utrecht, The Netherlands","2023 5th International Conference on Process Mining (ICPM)","9 Oct 2023","2023","","","105","112","Predictive Process Monitoring aims to forecast the future progress of process instances using historical event data. As predictive process monitoring is increasingly applied in online settings to enable timely interventions, evaluating the performance of the underlying models becomes crucial for ensuring their consistency and reliability over time. This is especially important in high risk business scenarios where incorrect predictions may have severe consequences. However, predictive models are currently usually evaluated using a single, aggregated value or a time-series visualization, which makes it challenging to assess their performance and, specifically, their stability over time. This paper proposes an evaluation framework for assessing the stability of models for online predictive process monitoring. The framework introduces four performance meta-measures: the frequency of significant performance drops, the magnitude of such drops, the recovery rate, and the volatility of performance. To validate this framework, we applied it to two artificial and two real-world event logs. The results demonstrate that these meta-measures facilitate the comparison and selection of predictive models for different risk-taking scenarios. Such insights are of particular value to enhance decision-making in dynamic business environments.","","979-8-3503-5839-1","10.1109/ICPM60904.2023.10271960","","https://ieeexplore.ieee.org/stamp/stamp.jsp?arnumber=10271960","predictive monitoring;process outcome;event stream;performance evaluation","Process monitoring;Performance evaluation;Decision making;Predictive models;Stability analysis;Reliability;High frequency","","","","15","IEEE","9 Oct 2023","","","IEEE","IEEE Conferences"
"A Variable Sliding Window Algorithm Based on Concept Drift for Frequent Pattern Mining Over Data Streams*","Y. Yin; P. Li; J. Chen","School of Computer Science, Nanjing University of Posts and Telecommunications, Nanjing, China; School of Computer Science, Nanjing University of Posts and Telecommunications, Nanjing, China; School of Computer Science, Nanjing University of Posts and Telecommunications, Nanjing, China","2022 IEEE 28th International Conference on Parallel and Distributed Systems (ICPADS)","27 Mar 2023","2023","","","818","825","Sliding window is a widely used model in the process of mining frequent patterns in data streams. In order to determine the exact size of the sliding window, it is necessary to know the time and scale of the change over data streams in advance. However, the prior knowledge is difficult to determine, and the fixed-size sliding window in the traditional algorithms obviously cannot adapt to this change, which have poor performance on the latest concepts of data streams. Based on the above shortcomings, this paper proposes a new frequent pattern mining algorithm based on concept drift using variable sliding window: VSWCDD (Variable Sliding Window-Concept Drift Detection), which is suitable for mining frequent patterns in changing data streams. The window size is dynamically determined by whether the concept drift occurs in the data stream. During the mining process, the mining result variables and the cause variables about the concept drift are monitored simultaneously. When the data stream is stable and there is no concept change, the window size keeps expansion. When the concept drift occurs, the window size changes according to the difference between detection nodes. Extensive experiments on both real and synthetic data show that the VSW-CDD algorithm proposed in this paper can timely detect the concept drift in the data stream and adapt to the new concepts by adjusting the window size. Finally, the latest frequent patterns in the data streams are mined and has a better effect for click data streams on e-commerce sites and medical data. Compared with other algorithms, the algorithm in this paper also has better performance in terms of recall and adaptation.","2690-5965","978-1-6654-7315-6","10.1109/ICPADS56603.2022.00111","","https://ieeexplore.ieee.org/stamp/stamp.jsp?arnumber=10077997","data stream mining;variable sliding window;concept drift;frequent patterns","Heuristic algorithms;Distributed databases;Data models;Data mining;Electronic commerce;Biomedical monitoring;Monitoring","","","","23","IEEE","27 Mar 2023","","","IEEE","IEEE Conferences"
"Process Mining for Cloud-Based Applications: A Systematic Literature Review","N. M. El-Gharib; D. Amyot","School of Electrical Engineering and Computer Science, University of Ottawa, Ottawa, Canada; School of Electrical Engineering and Computer Science, University of Ottawa, Ottawa, Canada","2019 IEEE 27th International Requirements Engineering Conference Workshops (REW)","19 Dec 2019","2019","","","34","43","Process mining uses event log data to discover processes, hence enabling multiple requirements elicitation activities. As the number of applications deployed on a cloud infrastructure is increasing, it becomes important to understand their processes and the ways these existing systems are actually used. However, the cloud brings new challenges to process mining that deserve special attention. This paper reports on a systematic literature review based on a selection of 27 papers. The aim is to assess the applicability of process mining techniques to cloud-based applications, to document the processes of these existing systems. We observe there is a growing interest in applying process mining to these areas, and we report on algorithms, tools, and validation approaches taken. We also report on many cloud-specific challenges for process mining, which require further attention from the research community.","","978-1-7281-5165-6","10.1109/REW.2019.00012","","https://ieeexplore.ieee.org/stamp/stamp.jsp?arnumber=8933636","Cloud applications;Process mining;Requirements elicitation;User behavior","Cloud computing;Data mining;Heuristic algorithms;Web services;Big Data;Monitoring;Computational modeling","","3","","43","IEEE","19 Dec 2019","","","IEEE","IEEE Conferences"
"A Cross-Organizational Process Mining Framework for Obtaining Insights from Software Products: Accurate Comparison Challenges","Ü. Aksu; D. M. M. Schunselaar; H. A. Reijers","Vrije Universiteit, Amsterdam, The Netherlands; Vrije Universiteit, Amsterdam, The Netherlands; Vrije Universiteit, Amsterdam, The Netherlands","2016 IEEE 18th Conference on Business Informatics (CBI)","12 Dec 2016","2016","01","","153","162","Software vendors offer various software products to large numbers of enterprises to support their organization, in particular Enterprise Resource Planning (ERP) software. Each of these enterprises use the same product for similar goals, albeit with different processes and configurations. Therefore, software vendors want to obtain insights into how the enterprises use the software product, what the differences are in usage between enterprises, and the reasons behind these differences. Cross-organizational process mining is a possible solution to address these needs, as it aims at comparing enterprises based on their usage. In this paper, we present a novel Cross-Organizational Process Mining Framework which takes as input, besides event log, semantics (meaning of terms in an enterprise) and organizational context (characteristics of an enterprise). The framework provides reasoning capabilities to determine what to compare and how. Besides, the framework enables one to create a catalog of metrics by deducing diagnostics from the usage. By using this catalog, the framework can monitor the (positive) effects of changes on processes. An enterprise operating in a similar context might also benefit from the same changes. To accommodate these improvement suggestions, the framework creates an improvement catalog of observed changes. Later, we provide a set of challenges which have to be met in order to obtain the inputs from current products to show the feasibility of the framework. Next to this, we provide preliminary results showing they can be met and illustrate an example application of the framework in cooperation with an ERP software vendor.","2378-1971","978-1-5090-3231-0","10.1109/CBI.2016.25","","https://ieeexplore.ieee.org/stamp/stamp.jsp?arnumber=7780310","Cross-Organizational Process Mining;Framework;ERP","Organizations;Measurement;Semantics;Context;Software;Data mining","","3","","16","IEEE","12 Dec 2016","","","IEEE","IEEE Conferences"
"Towards Goal-Oriented Process Mining","M. Ghasemi","School of Electrical Engineering and Computer Science, University of Ottawa, Ottawa, Canada","2018 IEEE 26th International Requirements Engineering Conference (RE)","14 Oct 2018","2018","","","484","489","The growth of our digital world makes it possible to record many types of events. In particular, the number of business processes whose events are being logged is significantly increasing. Process mining is an approach that exploits event logs to discover real processes executed in organizations, enabling them to (re) design and improve process models. Goal modeling, on the other hand, is a requirements engineering approach mainly used to analyze what-if situations and support decision making. Common problems with process mining include the complexity of discovered ""spaghetti"" processes and a lack of goal-process alignment. Current process mining practices are mainly oriented towards activities and do not profit from considering stakeholder goals and requirements to manage complexity and alignment. Involving goal-related factors can augment the precision and interpretability of mined models and lead to better opportunities to satisfy stakeholders. In this research, I propose two methods (for goal-oriented process and enhancement discovery, and for conformance checking) that show potentially synergetic effects achievable by combining process mining and goal-oriented modeling. The paper reports on the research method, the gap/problems being addressed, preliminary solutions, expected contributions, and main foreseen challenges.","2332-6441","978-1-5386-7418-5","10.1109/RE.2018.00066","","https://ieeexplore.ieee.org/stamp/stamp.jsp?arnumber=8491173","Process Mining;Goal Modeling;Requirements Engineering, Event Logs;Data-Driven;Goal Mining","Requirements engineering;Conferences;Medical services","","6","","13","IEEE","14 Oct 2018","","","IEEE","IEEE Conferences"
"Systematic Mapping Review on Log Preparation for Process Mining","L. F. P. Southier; S. C. de Freitas; A. Pizzini; E. A. P. Santos; E. E. Scalabrin","Graduate Program in Informatics (PPGIa), Pontifícia Universidade Catôlica do Paraná, Curitiba, Brazil; Graduate Program in Informatics (PPGIa), Pontifícia Universidade Catôlica do Paraná, Curitiba, Brazil; Graduate Program in Informatics (PPGIa), Pontifícia Universidade Catôlica do Paraná, Curitiba, Brazil; CEPPAD - UFPR, Curitiba, Brazil; Graduate Program in Informatics (PPGIa), Pontifícia Universidade Catôlica do Paraná, Curitiba, Brazil","2023 26th International Conference on Computer Supported Cooperative Work in Design (CSCWD)","22 Jun 2023","2023","","","1619","1624","Process Mining (PM) is a research discipline that helps organizations track and optimize processes to support their business. Further, it focuses on providing process analysis techniques and tools, and several of its applications have been described in the literature. The start point for PM is using event logs generated by information systems to analyze processes. These event logs need to be extracted from databases and prepared for use because the quality of the event logs used as input is critical to the success of any PM effort. In this article, we present a systematic mapping review to provide the reader with highlights of the state-of-the-art techniques for event log preparation. Based on the retrieved studies, we identified six main categories of log preparation techniques: extraction, cleaning, repair, non-adequate granularity, quality evaluation, and privacy. The results are explored quantitatively and qualitatively. All results are made available through spreadsheets and charts. We believe this paper is a starting point for researchers to identify the studies that would help them prepare event logs for PM.","2768-1904","979-8-3503-3168-4","10.1109/CSCWD57460.2023.10152649","","https://ieeexplore.ieee.org/stamp/stamp.jsp?arnumber=10152649","Business Process Management;Process Mining;Log Preparation;Log Preprocessing","Privacy;Systematics;Federated learning;Databases;Organizations;Maintenance engineering;Cleaning","","","","44","IEEE","22 Jun 2023","","","IEEE","IEEE Conferences"
"Visual Drift Detection for Event Sequence Data of Business Processes","A. Yeshchenko; C. Di Ciccio; J. Mendling; A. Polyvyanyy","Vienna Universtiy of Economics and Business, Vienna, Austria; Sapienza University of Rome, Roma, Italy; Vienna Universtiy of Economics and Business, Vienna, Austria; University of Melbourne, Parkville, VIC, Australia","IEEE Transactions on Visualization and Computer Graphics","30 Jun 2022","2022","28","8","3050","3068","Event sequence data is increasingly available in various application domains, such as business process management, software engineering, or medical pathways. Processes in these domains are typically represented as process diagrams or flow charts. So far, various techniques have been developed for automatically generating such diagrams from event sequence data. An open challenge is the visual analysis of drift phenomena when processes change over time. In this article, we address this research gap. Our contribution is a system for fine-granular process drift detection and corresponding visualizations for event logs of executed business processes. We evaluated our system both on synthetic and real-world data. On synthetic logs, we achieved an average F-score of 0.96 and outperformed all the state-of-the-art methods. On real-world logs, we identified all types of process drifts in a comprehensive manner. Finally, we conducted a user study highlighting that our visualizations are easy to use and useful as perceived by process mining experts. In this way, our work contributes to research on process mining, event sequence analysis, and visualization of temporal data.","1941-0506","","10.1109/TVCG.2021.3050071","EU H2020 program(grant numbers:645751); Australian Research Council(grant numbers:DP180102839); MUR; Sapienza University; ","https://ieeexplore.ieee.org/stamp/stamp.jsp?arnumber=9316994","Sequence data;visualization;temporal data;process mining;process drifts;declarative process models","Business;Data visualization;Data mining;Visualization;Erbium;Antibiotics;Guidelines","Computer Graphics;Software","16","","68","IEEE","8 Jan 2021","","","IEEE","IEEE Journals"
"Methods of Introducing Continuous Process Mining to Service Management for Mobile APPs","J. Du; H. Cai; L. Jiang; C. Huang","School of Software, Shanghai Jiao Tong University, Shanghai, China; School of Software, Shanghai Jiao Tong University, Shanghai, China; School of Software, Shanghai Jiao Tong University, Shanghai, China; School of Software, Shanghai Jiao Tong University, Shanghai, China","2017 IEEE 14th International Conference on e-Business Engineering (ICEBE)","23 Nov 2017","2017","","","134","141","Precise and continuous service management is needed in today's mobile application development, with consideration of Continuous Delivery. This paper presents a framework to introduce sustained process discovery to service management for mobile APPs. Leveraging service logs accumulated at runtime, this framework bridges the gap between traditional process mining techniques and mobile APPs, demonstrating a log conversion method to deduce the missing case identifiers and gathering multiple versions of the process model, providing rich information for user behavior analysis, auto scaling of computing resources, etc. A case study is conducted based on a Chinese m-health APP to show our approach can provide comprehensive supports in many application scenarios. Experimental results demonstrate that our framework successfully handles with the incompleteness of original service logs by correctly deducing missing case identifiers in most cases.","","978-1-5386-1412-9","10.1109/ICEBE.2017.29","","https://ieeexplore.ieee.org/stamp/stamp.jsp?arnumber=8119141","Process discovery;log analysis;service management;data cleaning","Mobile communication;Analytical models;Computational modeling;Data models;Data mining;Adaptation models;Mobile applications","","1","","15","IEEE","23 Nov 2017","","","IEEE","IEEE Conferences"
"Insuring Sensitive Processes through Process Mining","J. Munoz-Gama; I. Echizen","Universitat Politecnica de Catalunya, Barcelona, Spain; National Institute of Information, Tokyo, Japan","2012 9th International Conference on Ubiquitous Intelligence and Computing and 9th International Conference on Autonomic and Trusted Computing","18 Oct 2012","2012","","","447","454","Any system, company or complex task is composed by processes, i.e., sequences of actions performed in some established order. Some of these processes are considered sensitive for the role they play within the system, or for the sensitive data they manage. In such cases, the trust in this processes is desirable, requiring their verification, monitoring, auditing, but also the possibility of being insured by a third party. In this approach we propose a schema for insuring sensitive process based on the use of formal models and Process Mining techniques (i.e. process management techniques that allows for the analysis of processes based on event logs). The experimental results presented show that this new approach could be useful in the context of insurance and analysis of processes.","","978-1-4673-3084-8","10.1109/UIC-ATC.2012.83","","https://ieeexplore.ieee.org/stamp/stamp.jsp?arnumber=6332034","process mining;insurance schema;trust model;risk;accountability","Insurance;Companies;Analytical models;Process control;Data mining;Videos;Licenses","","4","","21","IEEE","18 Oct 2012","","","IEEE","IEEE Conferences"
"Change Mining in Business Process Variability: A Comparative Study","A. Hmami; H. Sbai; M. Fredj","AlQualsadi research team, ENSIAS, University Mohammed V of Rabat, Morocco; Faculty of sciences and technology, University Hassan II of Casablanca, Mohammedia, Morocco; AlQualsadi research team, ENSIAS, University Mohammed V of Rabat, Morocco","2019 4th World Conference on Complex Systems (WCCS)","12 Dec 2019","2019","","","1","5","Process mining is a new approach that links data analysis techniques and business process management. It aims to allow for an automatic discovery of process, a verification of conformance and enhancement, to create a strong and useful process. This field is enriched by change mining techniques that seek to align processes with business needs. However, most of existing approaches in this context are interested in managing the changes of a single process. Meanwhile, company activities are related to a combination of multiple variants of a process, which is known as a configurable process. In this paper, we conduct a comparative study of existing change mining approaches in business process management field. The purpose of our study is to analyze how the concept of change mining can be related to business process variability.","","978-1-7281-1232-9","10.1109/ICoCS.2019.8930792","","https://ieeexplore.ieee.org/stamp/stamp.jsp?arnumber=8930792","Process mining;Change mining;Configurable process;Variability","Data mining;Task analysis;Manuals;Companies","","","","29","IEEE","12 Dec 2019","","","IEEE","IEEE Conferences"
"Identifying Process Graphs Properties with Network Science Metrics","L. F. Vieira Verçosa; R. Cirne; C. J. Albanez Bastos Filho; B. L. Dantas Bezerra","Universidade de Pernambuco, Recife, Brazil; Universidade de Pernambuco, Recife, Brazil; Universidade de Pernambuco, Recife, Brazil; Universidade de Pernambuco, Recife, Brazil","2021 IEEE Latin American Conference on Computational Intelligence (LA-CCI)","11 May 2022","2021","","","1","6","Process Mining graphs are models that represent business processes. These graphs have been used in some contexts as social networks and process concept drift. However, they have scarcely been studied in the context of network science as graphs with particular properties. In this work, we used network science metrics and machine learning models to distinguish process graphs from diverse non-process graphs belonging to social and random models. We performed our experiments with a real dataset containing multiple process logs from a Brazilian justice system. We generated non-process graphs with Barabási, Duplication-Divergence, Erdõs-Rényi, Gaussian Random Partition, and Newman Watts Strogatz generators. Our results suggest that the metrics used are highly efficient to distinguish among the analysed graphs. The process graphs presented particular characteristics such as higher clustering coefficient and lower assortativity than non-process graphs. These findings may encourage the usage of network science metrics and machine learning models for process mining challenges in big data logs.","","978-1-7281-8864-5","10.1109/LA-CCI48322.2021.9769833","","https://ieeexplore.ieee.org/stamp/stamp.jsp?arnumber=9769833","process mining;network science;supervised learning;directly-follow graphs;graph generators","Measurement;Correlation;Social networking (online);Machine learning;Generators;Data models;Data mining","","","","25","IEEE","11 May 2022","","","IEEE","IEEE Conferences"
"Control-flow discovery from event streams","A. Burattin; A. Sperduti; W. M. P. van der Aalst","Department of Mathematics, Eindhoven University of Technology, Italy; Department of Mathematics, Eindhoven University of Technology, Italy; Department of Mathematics and Computer Science, Eindhoven University of Technology, The Netherlands","2014 IEEE Congress on Evolutionary Computation (CEC)","22 Sep 2014","2014","","","2420","2427","Process Mining represents an important research field that connects Business Process Modeling and Data Mining. One of the most prominent task of Process Mining is the discovery of a control-flow starting from event logs. This paper focuses on the important problem of control-flow discovery starting from a stream of event data. We propose to adapt Heuristics Miner, one of the most effective control-flow discovery algorithms, to the treatment of streams of event data. Two adaptations, based on Lossy Counting and Lossy Counting with Budget, as well as a sliding window based version of Heuristics Miner, are proposed and experimentally compared against both artificial and real streams. Experimental results show the effectiveness of control-flow discovery algorithms for streams on artificial and real datasets.","1941-0026","978-1-4799-1488-3","10.1109/CEC.2014.6900341","","https://ieeexplore.ieee.org/stamp/stamp.jsp?arnumber=6900341","","Data mining;Data structures;Heuristic algorithms;Business;Computational modeling;Frequency measurement;Educational institutions","","54","","30","IEEE","22 Sep 2014","","","IEEE","IEEE Conferences"
"Detecting Sudden and Gradual Drifts in Business Processes from Execution Traces","A. Maaradji; M. Dumas; M. L. Rosa; A. Ostovar","Queensland University of Technology, Brisbane City, QLD, Australia; University of Tartu, Tartu, Estonia; Queensland University of Technology, Brisbane City, QLD, Australia; Queensland University of Technology, Brisbane City, QLD, Australia","IEEE Transactions on Knowledge and Data Engineering","11 Sep 2017","2017","29","10","2140","2154","Business processes are prone to unexpected changes, as process workers may suddenly or gradually start executing a process differently in order to adjust to changes in workload, season, or other external factors. Early detection of business process changes enables managers to identify and act upon changes that may otherwise affect process performance. Business process drift detection refers to a family of methods to detect changes in a business process by analyzing event logs extracted from the systems that support the execution of the process. Existing methods for business process drift detection are based on an explorative analysis of a potentially large feature space and in some cases they require users to manually identify specific features that characterize the drift. Depending on the explored feature space, these methods miss various types of changes. Moreover, they are either designed to detect sudden drifts or gradual drifts but not both. This paper proposes an automated and statistically grounded method for detecting sudden and gradual business process drifts under a unified framework. An empirical evaluation shows that the method detects typical change patterns with significantly higher accuracy and lower detection delay than existing methods, while accurately distinguishing between sudden and gradual drifts.","1558-2191","","10.1109/TKDE.2017.2720601","Australian Research Council Discovery(grant numbers:DP150103356); Estonian Research Council; ","https://ieeexplore.ieee.org/stamp/stamp.jsp?arnumber=7959545","Business process management;process mining;change detection;concept drift","Feature extraction;Space exploration;Delays;Scalability;Insurance","","59","","33","IEEE","27 Jun 2017","","","IEEE","IEEE Journals"
"Efficient Process Discovery From Event Streams Using Sequential Pattern Mining","M. Hassani; S. Siccha; F. Richter; T. Seidl","Data Management and Data Exploration Group RWTH Aachen University, Germany; Data Management and Data Exploration Group RWTH Aachen University, Germany; Data Management and Data Exploration Group RWTH Aachen University, Germany; Data Management and Data Exploration Group RWTH Aachen University, Germany","2015 IEEE Symposium Series on Computational Intelligence","11 Jan 2016","2015","","","1366","1373","Process mining is an emerging research area that applies the well-established data mining solutions to the challenging business process modeling problems. Mining streams of business processes in the real time as they are generated is a necessity to obtain an instant knowledge from big process data. In this paper, we introduce an efficient approach for exploring and counting process fragments from a stream of events to infer a process model using the Heuristics Miner algorithm. Our novel approach, called Str ProM, builds prefix-trees to extract sequential patterns of events from the stream. Str ProM uses a batch-based approach to continuously update and prune these prefix-trees. The final models are generated from those trees after applying a novel decaying mechanism over their statistics. The extensive experimental evaluation demonstrates the superiority of our approach over a state-of-the-art technique in terms of execution time using a real dataset, while delivering models of a comparable quality.","","978-1-4799-7560-0","10.1109/SSCI.2015.195","","https://ieeexplore.ieee.org/stamp/stamp.jsp?arnumber=7376771","","Data mining;Business;Heuristic algorithms;Adaptation models;Context modeling;Process modeling;Real-time systems","","36","","34","IEEE","11 Jan 2016","","","IEEE","IEEE Conferences"
"On the Representational Bias in Process Mining","W. M. P. van der Aalst","Department of Mathematics and Computer Science, Eindhovan University of Technology, Eindhoven, Netherlands","2011 IEEE 20th International Workshops on Enabling Technologies: Infrastructure for Collaborative Enterprises","18 Aug 2011","2011","","","2","7","Process mining serves a bridge between data mining and business process modeling. The goal is to extract process related knowledge from event data stored in information systems. One of the most challenging process mining tasks is process discovery, i.e., the automatic construction of process models from raw event logs. Today there are dozens of process discovery techniques generating process models using different notations (Petri nets, EPCs, BPMN, heuristic nets, etc.). This paper focuses on the representational bias used by these techniques. We will show that the choice of target model is very important for the discovery process itself. The representational bias should not be driven by the desired graphical representation but by the characteristics of the underlying processes and process discovery techniques. Therefore, we analyze the role of the representational bias in process mining.","1524-4547","978-1-4577-0134-4","10.1109/WETICE.2011.64","","https://ieeexplore.ieee.org/stamp/stamp.jsp?arnumber=5990012","","Data mining;Registers;Noise;Data models;Noise measurement;Organizations","","19","","16","IEEE","18 Aug 2011","","","IEEE","IEEE Conferences"
"Understanding What Software Engineers Are Working on The Work-Item Prediction Challenge","R. Lämmel; A. Kerber; L. Praza",Facebook Inc; Facebook Inc; Facebook Inc,"2020 IEEE/ACM 28th International Conference on Program Comprehension (ICPC)","25 Jul 2023","2020","","","416","424","Understanding what a software engineer (a developer, an incident responder, a production engineer, etc.) is working on is a challenging problem - especially when considering the more complex software engineering workflows in software-intensive organizations: i) engineers rely on a multitude (perhaps hundreds) of loosely integrated tools; ii) engineers engage in concurrent and relatively long running workflows; ii) infrastructure (such as logging) is not fully aware of work items; iv) engineering processes (e.g., for incident response) are not explicitly modeled. In this paper, we explain the corresponding’ work-item prediction challenge’ on the grounds of representative scenarios, report on related efforts at Facebook, discuss some lessons learned, and review related work to call to arms to leverage, advance, and combine techniques from program comprehension, mining software repositories, process mining, and machine learning.","2643-7171","978-1-4503-7958-8","10.1145/3387904.3389294","","https://ieeexplore.ieee.org/stamp/stamp.jsp?arnumber=10186837","developer workflow;loose tool integration;concurrent workflow;process mining;machine learning;code similarity;word correlation","Correlation;Social networking (online);Production;Organizations;Machine learning;Software;Data mining","","","","23","","25 Jul 2023","","","IEEE","IEEE Conferences"
"Towards Liquid Models: An Evolutionary Modeling Approach","A. Mazak; M. Wimmer","Business Informatics Group, Institute of Software Technology and Interactive Systems TU Wien, Vienna, Austria; Business Informatics Group, Institute of Software Technology and Interactive Systems TU Wien, Vienna, Austria","2016 IEEE 18th Conference on Business Informatics (CBI)","12 Dec 2016","2016","01","","104","112","Today, we recognize a discrepancy between design time models concentrating on the desired behavior of a system and its real world correspondents reflecting deviations taking place at runtime. In order to close this gap, design time models must not be static, but evolutionary artifacts so called liquid models. Such liquid models are the cornerstone of our future research project CDL-MINT: Model Integrated Smart Production. In this position paper, we present an early result of this project: the liquid models architecture for linking design models to runtime concerns, which are derived from distributed and heterogeneous systems during operation. We elaborate on the proposed technologies for the respective architecture layers and identify the research challenges ahead.","2378-1971","978-1-5090-3231-0","10.1109/CBI.2016.20","","https://ieeexplore.ieee.org/stamp/stamp.jsp?arnumber=7780305","runtime models;operational models;model mining;model improvement","Load modeling;Runtime;Data models;Adaptation models;Unified modeling language;Liquids;Data mining","","16","","55","IEEE","12 Dec 2016","","","IEEE","IEEE Conferences"
"Business Process Event Prediction Through Scalable Online Learning","P. Rico; F. Cuadrado; J. C. Dueñas; J. Andión; H. A. Parada G.","Departamento de Ingeniería de Sistemas Telemáticos, Universidad Politécnica de Madrid, Madrid, Spain; Departamento de Ingeniería de Sistemas Telemáticos, Universidad Politécnica de Madrid, Madrid, Spain; Departamento de Ingeniería de Sistemas Telemáticos, Universidad Politécnica de Madrid, Madrid, Spain; Departamento de Ingeniería de Sistemas Telemáticos, Universidad Politécnica de Madrid, Madrid, Spain; Departamento de Ingeniería de Sistemas Telemáticos, Universidad Politécnica de Madrid, Madrid, Spain","IEEE Access","8 Oct 2021","2021","9","","136313","136333","Predictive process monitoring techniques aim to forecast outcomes of running business process instances. These techniques are based on using predictive models built from past observed behavior, i.e., in an offline setting. However, business process behavior usually changes over time and predictive models are therefore at risk of becoming obsolete. Because of this, the definition of systems that build predictive models through an online setting has recently gained attention. Nevertheless, the scalability of this kind of setting within a context where the amount of data available is experiencing rapid growth is an outstanding issue. To solve this problem, this paper aims to define a framework for event sequence prediction capable of taking advantage of modern distributed processing platforms. An implementation over this framework based on Apache Flink is presented and it is tested upon two different case studies to prove its validity and its capacity to scale.","2169-3536","","10.1109/ACCESS.2021.3117147","Ministerio de Ciencia, Investigación y Universidades de España, project PRECON-I4, Retos de la Sociedad(grant numbers:TIN2017-86520-C3-2-R); ","https://ieeexplore.ieee.org/stamp/stamp.jsp?arnumber=9555624","Data mining;distributed processing;monitoring;predictive models","Predictive models;Proposals;Hidden Markov models;Process monitoring;Data models;Scalability;Real-time systems","","","","35","CCBY","1 Oct 2021","","","IEEE","IEEE Journals"
"Addressing the Log Representativeness Problem using Species Discovery","M. Kabierski; M. Richter; M. Weidlich","Department of Computer Science, Humboldt-Universität zu, Berlin, Germany; Department of Computer Science, Humboldt-Universität zu, Berlin, Germany; Department of Computer Science, Humboldt-Universität zu, Berlin, Germany","2023 5th International Conference on Process Mining (ICPM)","9 Oct 2023","2023","","","65","72","The analysis of event logs has become a staple in the context of business process management. Insights gained from such an analysis serve to monitor and improve the business processes that generated the logs. Yet, any event log is merely a sample of the past and possible behaviour of a business process, which raises the question of log representativeness: To which extent does the log capture the characteristics of the process that are relevant for the analysis? In this paper, we propose to answer this question using estimators from biodiversity research. Interpreting log representativeness as the completeness regarding distinct properties of a process, we show how to estimate the number of properties often leveraged in process mining in some unknown population. Applying the estimators to real-world event logs, we highlight potential issues in terms of result trustworthiness, also attributing these issues to particular parts of a process.","","979-8-3503-5839-1","10.1109/ICPM60904.2023.10272004","Deutsche Forschungsgemeinschaft; ","https://ieeexplore.ieee.org/stamp/stamp.jsp?arnumber=10272004","","Sociology;Biodiversity;Task analysis;Statistics;Biomedical monitoring;Monitoring;Business","","","","39","IEEE","9 Oct 2023","","","IEEE","IEEE Conferences"
"Process Cube for Software Defect Resolution","M. Gupta; A. Sureka","Indraprastha Institute of Information Technology, New Delhi, India; Indraprastha Institute of Information Technology, New Delhi, India","2014 21st Asia-Pacific Software Engineering Conference","23 Apr 2015","2014","1","","239","246","Online Analytical Processing (OLAP) cube is a multi-dimensional dataset used for analyzing data in a Data Warehouse (DW) for the purpose of extracting actionable intelligence. Process mining consists of analyzing event log data produced from Process Aware Information Systems (PAIS) for the purpose of discovering and improving business processes. Process cube is a concept which falls at the intersection of OLAP cube and process mining. Process cube facilitates process mining from multiple-dimensions and enables comparison of process mining results across various dimensions. We present an application of process cube to software defect resolution process to analyze and compare process data from a multi-dimensional perspective. We present a framework, a novel perspective to mine software repositories using process cube. Each cell of process cube is defined by metrics from multiple process mining perspectives like control flow, time, conformance and organizational perspective. We conduct a case-study on Google Chromium project data in which the software defect resolution process spans three software repositories: Issue Tracking System (ITS), Peer Code Review System (PCR) and Version Control System (VCS). We define process cube with 9 dimensions as issue report timestamp, priority, state, closed status, OS, component, bug type, reporter and owner. We define hierarchies along various dimensions and cluster members to handle sparsity. We apply OLAP cube operations such as slice, dice, roll-up and drill-down, and create materialized sub log for each cell. We demonstrate the solution approach by discovering process map and compare process mining results from Control Flow and Time perspective for Performance and Security issues.","1530-1362","978-1-4799-7426-9","10.1109/APSEC.2014.45","","https://ieeexplore.ieee.org/stamp/stamp.jsp?arnumber=7091316","Empirical Software Engineering;Issue Tracking System;Mining Software Repositories;OLAP;Peer Code Review System;Process Cube;Process Mining;Version Control System","Data mining;Security;Software;Process control;Google;Measurement;Chromium","","7","","16","IEEE","23 Apr 2015","","","IEEE","IEEE Conferences"
"Identifying Software Process Management Challenges: Survey of Practitioners in a Large Global IT Company","M. Gupta; A. Sureka; S. Padmanabhuni; A. M. Asadullah","Indraprastha Institute of Information Technology, Delhi, India; Indraprastha Institute of Information Technology, Delhi, India; Infosys Ltd., Bengaluru, India; Infosys Ltd., Bengaluru, India","2015 IEEE/ACM 12th Working Conference on Mining Software Repositories","6 Aug 2015","2015","","","346","356","Process mining consists of mining event logs generated from business process execution supported by Information Systems (IS). Process mining of software repositories has diverse applications because vast data is generated during Software Development Life Cycle (SDLC) and archived in IS such as Version Control System (VCS), Peer Code Review (PCR) System, Issue Tracking System (ITS), and mail archives. There is need to explore its applications on different repositories to aid managers in process management. We conduct two phase surveys and interviews with managers in a large, global, IT company. The first survey and in-person interviews identify the process challenges encountered by them that can be addressed by novel applications of process mining. We filter, group and abstract responses formulating 30 generic problem statements. On the basis of process mining type, we classify identified problems to eight categories such as control analysis, organizational analysis, conformance analysis, and preventive analysis. The second survey asks distinct participants the importance of solving identified problems. We calculate proposed Net Importance Metric (NIM) using 1262 ratings from 43 participants. Combined analysis of NIM and first survey responses reveals that the problems mentioned by few practitioners in first survey are considered important by majority in the second survey. We elaborate on possible solutions and challenges for most frequent and important problems. We believe solving these validated problems will help managers in improving project quality and productivity.","2160-1860","978-0-7695-5594-2","10.1109/MSR.2015.39","","https://ieeexplore.ieee.org/stamp/stamp.jsp?arnumber=7180093","Process Mining;Qualitative Study;Software Development Life Cycle;Software Repositories","Data mining;Software;Process control;Interviews;Measurement;Companies","","1","","32","IEEE","6 Aug 2015","","","IEEE","IEEE Conferences"
"Statistical Tests and Association Measures for Business Processes","S. J. J. Leemans; J. M. McGree; A. Polyvyanyy; A. H. M. ter Hofstede","RWTH Aachen, Aachen, Germany; QUT, Brisbane City, QLD, Australia; University of Melbourne, Melbourne, VIC, Australia; QUT, Brisbane City, QLD, Australia","IEEE Transactions on Knowledge and Data Engineering","5 Jun 2023","2023","35","7","7497","7511","Through the application of process mining, organisations can improve their business processes by leveraging data recorded as a result of the performance of these processes. Over the past two decades, the field of process mining evolved considerably, offering a rich collection of analysis techniques with different objectives and characteristics. Despite the advances in this field, a solid statistical foundation is still lacking. Such a foundation would allow analysis outcomes to be found or judged using the notion of statistical significance, thus providing a more objective way to assess these outcomes. This article contributes several statistical tests and association measures that treat process behaviour as a variable. The sensitivity of these tests to their parameters is evaluated and their applicability is illustrated through the use of real-life event logs. The presented tests and measures constitute a key contribution to a statistical foundation for process mining.","1558-2191","","10.1109/TKDE.2022.3197840","QUT Centre for Data Science; ","https://ieeexplore.ieee.org/stamp/stamp.jsp?arnumber=9854129","Association;correlation;process mining;statistical tests","Stochastic processes;Data mining;Business;Analytical models;Statistical analysis;Urban areas;Petri nets","","1","","34","IEEE","10 Aug 2022","","","IEEE","IEEE Journals"
"Estimating Global Completeness of Event Logs: A Comparative Study","J. Pei; L. Wen; H. Yang; J. Wang; X. Ye","School of Software, Tsinghua University, Beijing, China; School of Software, Tsinghua University, Beijing, China; School of Software, Tsinghua University, Beijing, China; School of Software, Tsinghua University, Beijing, China; School of Software, Tsinghua University, Beijing, China","IEEE Transactions on Services Computing","9 Apr 2021","2021","14","2","441","457","Event logs are the basis of process mining techniques and tools that extract process behavior information for better understanding and optimization of business processes. While it has been widely realized that the degree of completeness of event logs may largely determine the effectiveness of these techniques, how to estimate the completeness of event logs has not yet been fully addressed. This is mainly because ground-truth process models are usually unknown. To attack this problem, we pay a closer look to several concepts and implicit assumptions in the log completeness estimation problem and characterize it as a special case of the species estimation problem in the field of statistics. Although species estimation is still an open problem, a number of statistic models and techniques with approximate solutions have been available. To investigate the relevance of these methods for event log completeness estimation, we have designed and conducted a wide scope of empirical study and quantitative experiments on both real-world and synthesized event logs to compare the performance of these methods. In addition, the completeness estimation of several important and widely used real-world events logs are reported for the first time together with some best practice experience learned through this research.","1939-1374","","10.1109/TSC.2018.2805912","National Key Research and Development Program of China(grant numbers:2016YFB1001101); National Natural Science Foundation of China(grant numbers:61472207,71690231,61325008); Tsinghua TNList Lab Key Projects; ","https://ieeexplore.ieee.org/stamp/stamp.jsp?arnumber=8291718","Quality and metrics;business process management;process mining;event logs;completeness","Estimation;Task analysis;Measurement;Computational modeling;Algorithm design and analysis;Prediction algorithms","","7","","56","IEEE","14 Feb 2018","","","IEEE","IEEE Journals"
"A process tree-based algorithm for the detection of implicit dependencies","M. Chabrol; B. Dalmas; S. Norre; S. Rodier","LIMOS CNRS UMR 6158, Blaise Pascal University, Clermont-Ferrand, France; LIMOS CNRS UMR 6158, Blaise Pascal University, Clermont-Ferrand, France; LIMOS CNRS UMR 6158, Blaise Pascal University, Clermont-Ferrand, France; CRCGM EA 3849, Blaise Pascal University, Clermont-Ferrand, France","2016 IEEE Tenth International Conference on Research Challenges in Information Science (RCIS)","25 Aug 2016","2016","","","1","11","Process Mining aims to extract information from event logs to highlight the underlying business processes. It is useful in situations where there is no detailed and complete knowledge of how an overall system works, such as in a hospital where most processes are complex and ad-hoc. Many Process Mining discovery techniques have been proposed so far, but many challenges are still to be faced. Implicit dependencies are one of them. Choice-related phenomenon, implicit dependencies are not taken into account in most algorithms and graphical representations. In this paper, we propose the Implicit Dependencies Miner, a Process Tree based algorithm able to detect relevant dependencies.","2151-1357","978-1-4799-8710-8","10.1109/RCIS.2016.7549357","","https://ieeexplore.ieee.org/stamp/stamp.jsp?arnumber=7549357","Process Mining;Implicit Dependencies;Process Tree","Petri nets;Data mining;Logic gates;Context;Unified modeling language;Mathematical model;Information systems","","3","","24","IEEE","25 Aug 2016","","","IEEE","IEEE Conferences"
"Mining Batch Activation Rules from Event Logs","N. Martin; A. Solti; J. Mendling; B. Depaire; A. Caris","Research Group Business Informatics, Hasselt University, Hasselt, Belgium; Department of Information Systems and Operations, Vienna University of Economics and Business, Wien, Austria; Department of Information Systems and Operations, WU Vienna, Wien, Austria; Research Group Business Informatics, Faculty of Business Economics, Hasselt University, Hasselt, Belgium; Research Group Logistics, Hasselt University, Hasselt, Belgium","IEEE Transactions on Services Computing","8 Dec 2021","2021","14","6","1908","1919","Batch processing refers to an organization of work in which cases are synchronized such that they can be processed as a group. Prior research has studied batch processing mainly from a deductive angle, trying to identify optimal rules for composing batches. As a consequence, we lack methodological support to investigate according to which rules human resources build batches in work settings where batching rules are not strictly enforced. In this paper, we address this research gap by developing a technique to inductively mine batch activation rules from process execution data. The obtained batch activation rules can be used for various purposes, including to explicate the real-life batching behavior of human resources; to determine the compliance between the prescribed and actual batching behavior; or to investigate the influence of alternative batching behavior on service levels. The evaluation of our technique using both synthetic and real-world data demonstrates its effectiveness. With this work we complement prescriptive research on batch processing with a descriptive technique that is empirically grounded in process execution data.","1939-1374","","10.1109/TSC.2019.2912163","","https://ieeexplore.ieee.org/stamp/stamp.jsp?arnumber=8697128","Batch processing;batch activation rules;batching logic;event log;process mining","Batch production systems;Data mining;Analytical models;Data models;Synchronization;Event detection","","8","","61","IEEE","23 Apr 2019","","","IEEE","IEEE Journals"
"An Approach for Behavioral Drift Detection in a Smart Home","C. Azefack; R. Phan; V. Augusto; G. Gardin; C. M. Coquard; R. Bouvier; X. Xie","Mines Saint-Etienne, Univ Clermont Auvergne, CNRS UMR, 6158 LIMOS, Centre Ingenierie et Santé, Saint-Etienne, France; Mines Saint-Etienne, Univ Clermont Auvergne, CNRS UMR, 6158 LIMOS, Centre Ingenierie et Santé, Saint-Etienne, France; Mines Saint-Etienne, Univ Clermont Auvergne, CNRS UMR, 6158 LIMOS, Centre Ingenierie et Santé, Saint-Etienne, France; french health assurance company EOVI MCD, 60 rue Robespierre, Saint-Etienne, France; french health assurance company EOVI MCD, 60 rue Robespierre, Saint-Etienne, France; french health assurance company EOVI MCD, 60 rue Robespierre, Saint-Etienne, France; Mines Saint-Etienne, Univ Clermont Auvergne, CNRS UMR, 6158 LIMOS, Centre Ingenierie et Santé, Saint-Etienne, France","2019 IEEE 15th International Conference on Automation Science and Engineering (CASE)","19 Sep 2019","2019","","","727","732","With the global population growing older and more vulnerable, healthcare systems are considering new approaches to maintain people autonomous in their own homes. Recent advances in pervasive computing technologies have opened up new opportunities to unobtrusively monitor human behavior at home. Sensors data related to the activities of daily living (ADLs) performed by the inhabitant can be collected and labeled manually or by using activity recognition algorithms. The purpose of this work is to propose an approach for detecting changes (drift) in the inhabitant behavior in order to detect potential changes in the health-state of the inhabitant. Based on unsupervised clustering, our approach use activity starting time and duration as key features to detect changes between time periods. Variations from one behavior to another one can be identified for subsequent review or intervention by a healthcare professional. The relevance and the nature of the change are asserted using the clustering validation metric called Silhouette. Case study experiments on real life and simulated datasets suggest that some user's behavior can go through smooth or abrupt changes and that these changes can be highlighted using our approach.","2161-8089","978-1-7281-0356-3","10.1109/COASE.2019.8843051","","https://ieeexplore.ieee.org/stamp/stamp.jsp?arnumber=8843051","","Microsoft Windows;Smart homes;Medical services;Clustering algorithms;Measurement;Intelligent sensors","","9","","25","IEEE","19 Sep 2019","","","IEEE","IEEE Conferences"
"Encoding High-Level Control-Flow Construct Information for Process Outcome Prediction","M. Vazifehdoostirani; L. Genga; R. Dijkman","Eindhoven University of Technology, The Netherlands; Eindhoven University of Technology, The Netherlands; Eindhoven University of Technology, The Netherlands","2022 4th International Conference on Process Mining (ICPM)","14 Dec 2022","2022","","","48","55","Outcome-oriented predictive process monitoring aims at classifying a running process execution according to a given set of categorical outcomes, leveraging data on past process executions. Most previous studies employ Recurrent Neural Networks to encode the sequence of events, without taking the structure of the process into account. However, process executions typically involve complex control-flow constructs, like parallelism and loops. Different executions of these constructs can be recorded as different event sequences in the event log. This makes it challenging for a recurrent classifier to detect potential relations between a high-level control-flow construct and the prediction target. This is especially true in the presence of high variability in process executions and lack of data. In this paper, we propose a novel approach which encodes the control-flow construct each event belongs to. First, we exploit Local Process Model mining techniques to extract frequently occurring control-flow patterns from the event log. Then, we employ different encoding techniques to enrich an on-going process execution with information related to the extracted control-flow patterns. We tested the proposed method on nine real-life event logs. The obtained results show consistent improvements in the prediction performance.","","979-8-3503-9714-7","10.1109/ICPM57379.2022.9980737","","https://ieeexplore.ieee.org/stamp/stamp.jsp?arnumber=9980737","Predictive Process Monitoring;Process Outcome Prediction;Local Process Models","Process monitoring;Recurrent neural networks;Process control;Predictive models;Parallel processing;Encoding;Data mining","","3","","35","IEEE","14 Dec 2022","","","IEEE","IEEE Conferences"
"Behavior Pattern Mining: Apply Process Mining Technology to Common Event Logs of Information Systems","J. Song; T. Luo; S. Chen","Chinese Academy and Sciences, Beijing, China; Chinese Academy and Sciences, Beijing, China; Chinese Academy and Sciences, Beijing, China","2008 IEEE International Conference on Networking, Sensing and Control","20 May 2008","2008","","","1800","1805","Although information systems support a wide range of recreational and social activities, the pattern of users' behavior in such systems is not clear. We extend the process mining technology to work on common event logs that have no workflow cases reference, and name the new technology as behavior pattern mining. This paper gives out a brief survey on issues, challenges, approaches and related tools in behavior pattern mining area, and compares behavior pattern mining with workflow mining technology, which is the other sub field of process mining. To reply the problems proposed by behavior pattern mining, the process mining area gets its new motivation.","","978-1-4244-1685-1","10.1109/ICNSC.2008.4525516","","https://ieeexplore.ieee.org/stamp/stamp.jsp?arnumber=4525516","","Information systems;Pattern analysis;Collaborative work;Online Communities/Technical Collaboration;Information technology;Space technology;Computer networks;Psychology;Information analysis;Acceleration","","7","","23","IEEE","20 May 2008","","","IEEE","IEEE Conferences"
"TOAD: Trace Ordering for Anomaly Detection","F. Richter; Y. Lu; L. Zellner; J. Sontheim; T. Seidl","Ludwig-Maximilians-Universitat München, Münich, Germany; Ludwig-Maximilians-Universitat München, Münich, Germany; Ludwig-Maximilians-Universitat München, Münich, Germany; Ludwig-Maximilians-Universitat München, Münich, Germany; Ludwig-Maximilians-Universitat München, Münich, Germany","2020 2nd International Conference on Process Mining (ICPM)","22 Oct 2020","2020","","","169","176","Outlier detection is one of the most important tasks to keep your processes in control. Unawareness of critical anomalies can lead to exhausting expenses, hence, it is highly beneficial to treat process failures as soon as possible. However, anomalies are difficult to detect due to their rarity though they occur too often to neglect the necessity of its detection. Even if the detection problem is solved, the treatment of singular anomalies and the adjustment of the process based on each abnormal trace is tedious and costly regarding time and money. To increase the efficiency of later anomaly treatment, we propose a novel strategy to detect collective anomalies. However, this is not equivalent to anomaly clustering as a post-processing step. TOAD orders process instances by similarity and detects abnormal accumulations of deviating cases. These collections are abnormal due to their aggregated behavior. Assuming that similar deviations are caused by the same reason, the treatment of such an anomaly is more cost-efficient than the handling of deviating singletons. Applying TOAD to an event log yields a ranking of significant, temporally abnormal trace collections, that provide a baseline for further analysis.","","978-1-7281-9832-3","10.1109/ICPM49681.2020.00033","","https://ieeexplore.ieee.org/stamp/stamp.jsp?arnumber=9230026","Anomaly Detection, Process Mining, Density based Clustering","Anomaly detection;Task analysis;Optics;Complexity theory;Maintenance engineering;Integrated circuit modeling;Hydraulic systems","","2","","17","IEEE","22 Oct 2020","","","IEEE","IEEE Conferences"
"FOX: a neuro-Fuzzy model for process Outcome prediction and eXplanation","V. Pasquadibisceglie; G. Castellano; A. Appice; D. Malerba","Department of Computer Science, University of Bari Aldo Moro, Bari, Italy; Department of Computer Science, University of Bari Aldo Moro, Bari, Italy; Department of Computer Science, University of Bari Aldo Moro, Bari, Italy; Department of Computer Science, University of Bari Aldo Moro, Bari, Italy","2021 3rd International Conference on Process Mining (ICPM)","25 Oct 2021","2021","","","112","119","Predictive process monitoring (PPM) techniques have become a key element in both public and private organizations by enabling crucial operational support of their business processes. Thanks to the availability of large amounts of data, different solutions based on machine and deep learning have been proposed in the literature for the monitoring of process instances. These state-of-the-art approaches leverage accuracy as main objective of the predictive modeling, while they often neglect the interpretability of the model. Recent studies have addressed the problem of interpretability of predictive models leading to the emerging area of Explainable AI (XAI). In an attempt to bring XAI in PPM, in this paper we propose a fully interpretable model for outcome prediction. The proposed method is based on a set of fuzzy rules acquired from event data via the training of a neuro-fuzzy network. This solution provides a good trade-off between accuracy and interpretability of the predictive model. Experimental results on different benchmark event logs are encouraging and motivate the importance to develop explainable models for predictive process analytics.","","978-1-6654-3514-7","10.1109/ICPM53251.2021.9576678","","https://ieeexplore.ieee.org/stamp/stamp.jsp?arnumber=9576678","Predictive process monitoring;Neuro-fuzzy model;Outcome prediction;Explainable Artificial Intelligence","Training;Process monitoring;Transfer learning;Production;Organizations;Predictive models;Fuzzy neural networks","","3","","42","IEEE","25 Oct 2021","","","IEEE","IEEE Conferences"
"Mediating between modeled and observed behavior: The quest for the “right” process: Keynote","W. M. P. van der Aalst","Department of Mathematics and Computer Science, Eindhoven University of Technology, Eindhoven, Netherlands","IEEE 7th International Conference on Research Challenges in Information Science (RCIS)","15 Aug 2013","2013","","","1","12","Operational processes leave trails in the information systems supporting them. Such event data are the starting point for process mining - an emerging scientific discipline relating modeled and observed behavior. Whereas an event log describes example behavior of the underlying process, a process model aims to describe an abstraction of the same process. Models may be descriptive or normative. Descriptive models aim to describe the underlying process and are used for discussion, performance analysis, obtaining insights, and prediction. Normative models describe the desired behavior and are used for workflow management, system configuration, auditing, compliance management, and conformance checking. Differences between modeled and observed behavior may point to undesirable deviations or inadequate models. In this paper, we discuss challenges related to finding the “right” process, i.e., the process model that describes the real underlying process or a process that behaves as desired.","2151-1357","978-1-4673-2914-9","10.1109/RCIS.2013.6577675","","https://ieeexplore.ieee.org/stamp/stamp.jsp?arnumber=6577675","","Unified modeling language;Data mining;Data models;Computational modeling;Analytical models;Predictive models;Cost function","","14","","43","IEEE","15 Aug 2013","","","IEEE","IEEE Conferences"
"ORANGE: Outcome-Oriented Predictive Process Monitoring Based on Image Encoding and CNNs","V. Pasquadibisceglie; A. Appice; G. Castellano; D. Malerba; G. Modugno","Department of Computer Science, University of Bari Aldo Moro, Bari, Italy; Department of Computer Science, University of Bari Aldo Moro, Bari, Italy; Department of Computer Science, University of Bari Aldo Moro, Bari, Italy; Department of Computer Science, University of Bari Aldo Moro, Bari, Italy; MTM Project srl, Monopoli, Italy","IEEE Access","15 Oct 2020","2020","8","","184073","184086","The outcome-oriented predictive process monitoring is a family of predictive process mining techniques that have witnessed rapid development and increasing adoption in the past few years. Boosted by the recent successful applications of deep learning in predictive process mining, we propose ORANGE, a novel deep learning method for learning outcome-oriented predictive process models. The main innovation of this study is that we adopt an imagery representation of the ongoing traces, which delineates potential data patterns that arise at neighbour pixels. Leveraging a collection of images representing ongoing traces, we train a Convolutional Neural Network (CNN) to predict the outcome of an ongoing trace. The empirical study shows the feasibility of the proposed method by investigating its accuracy on different benchmark outcome prediction problems in comparison to state-of-art competitor methods. In addition, we show how ORANGE can be integrated as an Intelligent Assistant into a CVM realized by MTM Project srl company to support sales agents in their negotiations. This case study shows that ORANGE can be effectively used to smartly monitor the outcome of ongoing negotiations by early highlighting negotiations that are candidate to be completed successfully.","2169-3536","","10.1109/ACCESS.2020.3029323","Programma Operativo Nazionale Ricerca e Innovazione (PON-RI)-Big Data Analytics for Process Improvement in Organizational Development-Codice Unico di Progetto (CUP)(grant numbers:H94F180002600062014-2020); Programma Operativo Regionale (POR) Puglia Fondo Europeo di Sviluppo Regionale-Fondo Sociale Europeo (FESR-FSE)-Bando Innolabs from 2014 to 2020; Research Project Knowledge Community for Efficient Training (KOMETA) through Virtual Technologies; Regione Puglia; ","https://ieeexplore.ieee.org/stamp/stamp.jsp?arnumber=9216173","Predictive process analytics;outcome prediction;computer vision;convolutional neural networks;spatial data modeling","Monitoring;Feature extraction;Machine learning;Data mining;Computer vision;Predictive models;Computer architecture","","10","","50","CCBY","7 Oct 2020","","","IEEE","IEEE Journals"
"GRASPED: A GRU-AE Network Based Multi-Perspective Business Process Anomaly Detection Model","W. Guan; J. Cao; Y. Gu; S. Qian","Department of Computer Science and Engineering, Shanghai Jiao Tong University, Shanghai, P.R. China; Department of Computer Science and Engineering, Shanghai Jiao Tong University, Shanghai, P.R. China; Department of Computer Science and Engineering, Shanghai Jiao Tong University, Shanghai, P.R. China; Department of Computer Science and Engineering, Shanghai Jiao Tong University, Shanghai, P.R. China","IEEE Transactions on Services Computing","9 Oct 2023","2023","16","5","3412","3424","In process-aware information systems (PAISs), anomalies are ubiquitous, having a number of different underlying causes, such as software malfunctions or operator errors. The presence of anomalies not only has an enormous impact on the economic well-being of the business, but also interferes with our ability to mine useful information from event logs. In this article, we propose GRASPED, a GRU-AE Network based multi-perSpective business ProcEss anomaly Detection model. GRASPED can detect anomalies not only from the control flow but also from the data perspective of a business process. GRASPED is based on an autoencoder (AE) with gated recurrent units (GRU) which is trained in an unsupervised fashion (i.e., does not require any labeling of the data). In addition, GRASPED introduces the teacher forcing method as well as the attention mechanism to improve its detection performance. GRASPED does not require training on a clean log (i.e., it can be trained and perform anomaly detection directly on logs containing anomalies). We conduct extensive experiments on synthetic logs as well as real-life logs. The experiment results show that GRASPED outperforms the state-of-the-art methods for both trace-level and attribute-level anomaly detection.","1939-1374","","10.1109/TSC.2023.3262405","China National Science Foundation(grant numbers:62072301); Program of Technology Innovation of the Science and Technology Commission of Shanghai Municipality(grant numbers:22DZ1100103); ","https://ieeexplore.ieee.org/stamp/stamp.jsp?arnumber=10088425","Anomaly detection;business process management;deep learning;process mining;recurrent neural networks","Business;Hidden Markov models;Anomaly detection;Process control;Logic gates;Data models;Training","","","","54","IEEE","30 Mar 2023","","","IEEE","IEEE Journals"
"Optimizing Resource Allocation Based on Predictive Process Monitoring","G. Park; M. Song","Department of Industrial and Management Engineering, Pohang University of Science and Technology (POSTECH), Pohang, Nam-gu, South Korea; Department of Industrial and Management Engineering, Pohang University of Science and Technology (POSTECH), Pohang, Nam-gu, South Korea","IEEE Access","24 Apr 2023","2023","11","","38309","38323","Recent breakthroughs in predictive business process monitoring equip process analysts with predictions on running process instances, supporting the elicitation of proactive measures to mitigate risks that can be caused by the process instance. However, contrary to active research on providing various predictions and improving the accuracy of prediction models, the practical application of such predictions has been left to the subjective judgment of domain experts. In this work, we explore the exploitation of the insights from predictive information for the actual process improvement in practice. Concretely, we focus on improving resource allocation in business processes where the goal is to allocate appropriate resources to tasks at the proper time. Based on design science methodology, we develop a two-phase method to improve resource allocation by leveraging predictions. Based on the method, we instantiate an algorithm to optimize total-weighted completion time and evaluate its effectiveness and efficiency. From an academic standpoint, our work demonstrates the combination of predictions using machine learning and optimizations based on scheduling. From a practical standpoint, our work provides a general approach to optimize resource allocations for different objectives using predictions.","2169-3536","","10.1109/ACCESS.2023.3267538","National Research Foundation of Korea (NRF) funded by the Korean Government [Ministry of Science and ICT (MSIT)](grant numbers:2021R1A2C3012292); Pohang Iron & Steel Company (POSCO), South Korea, under the Institute of Process Engineering (IPE) through the Joint Research on Smart Solution (JRSS) and Steel Science Project; ","https://ieeexplore.ieee.org/stamp/stamp.jsp?arnumber=10103533","Resource allocation;online operational support;process improvement;Bayesian neural network;minimum cost and maximum flow algorithm","Resource management;Business;Predictive models;Process monitoring;Neural networks;Task analysis;Computational modeling;Bayes methods","","","","48","CCBYNCND","17 Apr 2023","","","IEEE","IEEE Journals"
"Discovering Instance Spanning Exceptions from Process Execution Logs","F. Stertz; K. Winter; S. Rinderle-Ma","University of Vienna Faculty of Computer Science, Vienna, Austria; Department of Informatics, Technical University of Munich, Munich, Germany; Department of Informatics, Technical University of Munich, Munich, Germany","2022 IEEE 24th Conference on Business Informatics (CBI)","15 Nov 2022","2022","02","","49","56","Exceptions in process execution occur frequently and require appropriate handling strategies in order to avoid undesired consequences. For quality control in manufacturing processes, for example, when a blade gets missing, the set of affected instances is put on hold until the blade is found. As it can be seen from this example, the exception affects multiple instances and is hence denoted as instance spanning exception. Exceptions leave footprints in the process execution logs of the affected instances. Hence, process execution logs provide a valuable data source for discovering and analyzing exceptions. However, the discovery of instance spanning exceptions is still an open challenge. Thus, this paper proposes i) a classification of instance spanning exceptions based on literature and a set of real-world examples, followed by ii) a description of how instance spanning exceptions manifest in process execution logs along with an elicitation of minimal requirements for enabling their discovery, and iii) five instance spanning exception discovery algorithms, one for each class. The discovery algorithms are implemented and evaluated on a set of synthetic process execution logs reflecting real-world instance spanning exceptions and on a real-world process execution log from the public transport domain demonstrating the feasibility as well as applicability of the presented algorithms.","2378-1971","978-1-6654-6016-3","10.1109/CBI54897.2022.10048","","https://ieeexplore.ieee.org/stamp/stamp.jsp?arnumber=9944747","Instance Spanning Exceptions;Exception Discovery and Handling;Process Analysis and Improvement;Process Aware Information Systems","Manufacturing processes;Blades;Soft sensors;Quality control;Classification algorithms;Informatics;Business","","1","","25","IEEE","15 Nov 2022","","","IEEE","IEEE Conferences"
"How can Machine Learning Support the Practice of Modeling and Simulation? —A Review and Directions for Future Research","M. Elbattah","Laboratoire MIS, Université de Picardie Jules Verne, Amiens, France","2019 IEEE/ACM 23rd International Symposium on Distributed Simulation and Real Time Applications (DS-RT)","16 Jan 2020","2019","","","1","7","The use of Machine Learning (ML) has achieved a significant momentum across a very wide range of domains. This paper aims to provide a meeting point for discussing the integration of Modeling and Simulation (M&S) with ML. The discussion presents arguments in favour of why and how the M&S practice can avail of ML in different modalities. In this context, the paper reviews key studies published over the past 6 years in main venues including Winter Simulation Conference, SIGSIM PADS, and DS-RT. Further aspects are discussed, which could help reinforce the utilisation of ML in the M&S arena. In general, the study is conceived to foster the presentation of potential ideas and speculative directions towards availing of data-driven knowledge provided by ML.","1550-6525","978-1-7281-2923-5","10.1109/DS-RT47707.2019.8958703","","https://ieeexplore.ieee.org/stamp/stamp.jsp?arnumber=8958703","","Machine learning;Real-time systems;Context modeling","","3","","34","IEEE","16 Jan 2020","","","IEEE","IEEE Conferences"
"Control-Flow Modeling with Declare: Behavioral Properties, Computational Complexity, and Tools","V. Fionda; A. Guzzo","DeMaCS, University of Calabria, Rende, Italy; DeMaCS, University of Calabria, Rende, Italy","IEEE Transactions on Knowledge and Data Engineering","2 Apr 2020","2020","32","5","898","911","Declarative approaches to control-flow modeling use logic-based languages to formalize a number of constraints that valid traces must satisfy. The most noticeable example is the DECLARE framework based on linear temporal logic. Despite the interest that DECLARE has been attracting, the current knowledge about its formal properties was rather limited. The goal of this paper is to fill this gap by: (i) analyzing the behavioral properties of DECLARE by comparing it with the modeling capabilities of traditional procedural design approaches, in particular, block-structured processes; (ii) analyzing DECLARE from the computational point of view. As for the former point, we identify both the block-structured processes constructs that can be simulated in DECLARE and the features of DECLARE that can be encoded in block-structured processes. As for the latter point, we show that checking whether a given set of DECLARE patterns admits a satisfying trace is an NP-hard problem. In particular, we identify some DECLARE specifications whose satisfying traces are all of exponential length and some useful DECLARE fragments where a satisfying trace whose length is polynomially bounded is guaranteed to exist. The paper also discusses the declare2sat prototype system and the results of a thorough experimental validation.","1558-2191","","10.1109/TKDE.2019.2897309","POR project; ","https://ieeexplore.ieee.org/stamp/stamp.jsp?arnumber=8633413","Declarative process modelling;linear temporal logic;declare;process mining","Lenses;Computational modeling;Process control;Tools;Analytical models;NP-hard problem;Computational complexity","","4","","42","IEEE","3 Feb 2019","","","IEEE","IEEE Journals"
"A Survey on Unbalanced Classification: How Can Evolutionary Computation Help?","W. Pei; B. Xue; M. Zhang; L. Shang; X. Yao; Q. Zhang","School of Computer Science and Technology, Dalian University of Technology, Dalian, China; School of Engineering and Computer Science, Victoria University of Wellington, Wellington, New Zealand; School of Engineering and Computer Science, Victoria University of Wellington, Wellington, New Zealand; State Key Laboratory for Novel Software Technology, Nanjing University, Nanjing, China; Department of Computer Science and Engineering, Guangdong Provincial Key Laboratory of Brain-inspired Intelligent Computation, Southern University of Science and Technology, Shenzhen, China; School of Computer Science and Technology, Dalian University of Technology, Dalian, China","IEEE Transactions on Evolutionary Computation","","2023","PP","99","1","1","Unbalanced classification is an essential machine learning task, which has attracted widespread attention from both the academic and industrial communities due mainly to its broad applications. Evolutionary computation (EC) has contributed greatly to unbalanced classification. However, to the best of our knowledge, there have not been any comprehensive investigations on the strengths and weaknesses of alternative EC methods in addressing various challenging problems in unbalanced classification. This paper reviews the literature which utilize EC techniques for unbalanced classification, with the aim of revealing the contributions of EC to unbalanced classification, providing an overview of recent advances, and identifying limitations of existing works. In addition, we present a series of real-world applications, and identify open challenges as well as possible research directions for the future.","1941-0026","","10.1109/TEVC.2023.3257230","","https://ieeexplore.ieee.org/stamp/stamp.jsp?arnumber=10068793","Machine Learning;Evolutionary Computation;Unbalanced classification;Class imbalance","Costs;Sampling methods;Training;Cancer;Evolutionary computation;Computer science;Task analysis","","7","","","IEEE","14 Mar 2023","","","IEEE","IEEE Early Access Articles"
"A Differentiate Analysis for Credit Card Fraud Detection","M. Akter Hossain; M. N. Uddin","Department of Computer Science & Engineering, East Delta University, Chattogram, Bangladesh; School of Science, East Delta University, Chattogram, Bangladesh","2018 International Conference on Innovations in Science, Engineering and Technology (ICISET)","27 Jun 2019","2018","","","328","333","With the swift progress of internet and electronic commerce, online money transaction has increased over time. People mostly eager to use online money transference and because of the internet is now available almost everywhere. Therefore, any attackers could be plan attacks from anywhere to forage any victim. There was various way from the previous attacks that victims became hunts by duplicate copy of the website, cards, ID numbers, rearranging provisional codes, fake documentations or signatures and so on. The genuine transaction and fraudulent transactions are almost similar, that's why it's very hard to figure out a real or fake transaction. One way could be effective if we know the behavioral pattern of card's owner. In this manner, we have introduced a Fraud Detection Engine (FDE) along with a Feature Selection Tool (FST). After gets a transaction request, FDE engine have searched for any sorts of intruder based on its key selective features. FST is one of those feature, which have used to match the cluster patterns with the requester behavioral pattern. Cluster pattern are cardholder's behavioral patterns which have trained by using of feedforward neural network. Therefore, examine all of the key features with vector analytical method or simply vector method. Proposed technique has applied from collected and previously driven on many studies datasets.","","978-1-5386-8524-2","10.1109/ICISET.2018.8745592","","https://ieeexplore.ieee.org/stamp/stamp.jsp?arnumber=8745592","fraud detector;deep learning network;support vector machine","","","4","","26","IEEE","27 Jun 2019","","","IEEE","IEEE Conferences"
"Index","M. Zhou; H. -X. Li; M. Weijnen",NA; NA; NA,"Contemporary Issues in Systems Science and Engineering","","2015","","","835","850","No Abstract.","","9781119036968","10.1002/9781119036821.index","","https://ieeexplore.ieee.org/xpl/ebooks/bookPdfWithBanner.jsp?fileName=7090287.pdf&bkn=7089495&pdfType=chapter","","","","","","","","22 Apr 2015","","","IEEE","Wiley-IEEE Press eBook Chapters"
"Process Mining Put into Context","W. M. P. van der Aalst; S. Dustdar","Eindhovan University of Technology, Netherlands; Technical University of of Vienna, Austria","IEEE Internet Computing","9 Jan 2012","2012","16","1","82","86","Process mining techniques help organizations discover and analyze business processes based on raw event data. The recently released ""Process Mining Manifesto"" presents guiding principles and challenges for process mining. Here, the authors summarize the manifesto's main points and argue that analysts should take into account the context in which events occur when analyzing processes.","1941-0131","","10.1109/MIC.2012.12","","https://ieeexplore.ieee.org/stamp/stamp.jsp?arnumber=6123703","process mining;business intelligence;business process management","","","76","2","6","IEEE","9 Jan 2012","","","IEEE","IEEE Magazines"
"[Front matter]","",,"2020 International Joint Conference on Neural Networks (IJCNN)","28 Sep 2020","2020","","","4","117","Conference proceedings front matter may contain various advertisements, welcome messages, committee or program information, and other miscellaneous conference information. This may in some cases also include the cover art, table of contents, copyright statements, title-page or half title-pages, blank pages, venue maps or other general information relating to the conference that was part of the original conference proceedings.","2161-4407","978-1-7281-6926-2","10.1109/IJCNN48605.2020.9207579","","https://ieeexplore.ieee.org/stamp/stamp.jsp?arnumber=9207579","","","","","","","IEEE","28 Sep 2020","","","IEEE","IEEE Conferences"
