"Authors","Author full names","Author(s) ID","Title","Year","Source title","Volume","Issue","Art. No.","Page start","Page end","Page count","Cited by","DOI","Link","Document Type","Publication Stage","Open Access","Source","EID"
"Chen Q.; Lu Y.; Tam C.S.; Poon S.K.","Chen, Qifan (57222867782); Lu, Yang (57222868860); Tam, Charmaine S. (14027613300); Poon, Simon K. (16301806100)","57222867782; 57222868860; 14027613300; 16301806100","A Multi-View Framework to Detect Redundant Activity Labels for More Representative Event Logs in Process Mining","2022","Future Internet","14","6","181","","","","2","10.3390/fi14060181","https://www.scopus.com/inward/record.uri?eid=2-s2.0-85132768293&doi=10.3390%2ffi14060181&partnerID=40&md5=a8ad6716371708d260eb9dd849306b1f","Article","Final","All Open Access; Gold Open Access; Green Open Access","Scopus","2-s2.0-85132768293"
"Mirzaie M.; Behkamal B.; Allahbakhsh M.; Paydar S.; Bertino E.","Mirzaie, Mostafa (57193349412); Behkamal, Behshid (24832950800); Allahbakhsh, Mohammad (14631611600); Paydar, Samad (24438157900); Bertino, Elisa (7102307605)","57193349412; 24832950800; 14631611600; 24438157900; 7102307605","State of the art on quality control for data streams: A systematic literature review","2023","Computer Science Review","48","","100554","","","","1","10.1016/j.cosrev.2023.100554","https://www.scopus.com/inward/record.uri?eid=2-s2.0-85152479688&doi=10.1016%2fj.cosrev.2023.100554&partnerID=40&md5=9aa035decc9d0a43d8312b96db2c1953","Review","Final","","Scopus","2-s2.0-85152479688"
"Park G.; Cho M.; Lee J.","Park, Gyunam (57210637161); Cho, Minsu (36788260900); Lee, Jiyoon (58687357300)","57210637161; 36788260900; 58687357300","Leveraging machine learning for automatic topic discovery and forecasting of process mining research: A literature review","2024","Expert Systems with Applications","239","","122435","","","","0","10.1016/j.eswa.2023.122435","https://www.scopus.com/inward/record.uri?eid=2-s2.0-85176244652&doi=10.1016%2fj.eswa.2023.122435&partnerID=40&md5=0dd9b626946bd43b9a16a2afaa01f9ea","Review","Final","","Scopus","2-s2.0-85176244652"
"Ter Hofstede A.H.M.; Koschmider A.; Marrella A.; Andrews R.; Fischer D.A.; Sadeghianasl S.; Wynn M.T.; Comuzzi M.; De Weerdt J.; Goel K.; Martin N.; Soffer P.","Ter Hofstede, Arthur H. M. (7004086310); Koschmider, Agnes (13605575800); Marrella, Andrea (23569686800); Andrews, Robert (7402135994); Fischer, Dominik A. (57225840101); Sadeghianasl, Sareh (57213603989); Wynn, Moe Thandar (8964287000); Comuzzi, Marco (23007964200); De Weerdt, Jochen (36100028500); Goel, Kanika (57202321100); Martin, Niels (56559224800); Soffer, Pnina (22434374100)","7004086310; 13605575800; 23569686800; 7402135994; 57225840101; 57213603989; 8964287000; 23007964200; 36100028500; 57202321100; 56559224800; 22434374100","Process-Data Quality: The True Frontier of Process Mining","2023","Journal of Data and Information Quality","15","3","29","","","","0","10.1145/3613247","https://www.scopus.com/inward/record.uri?eid=2-s2.0-85173583099&doi=10.1145%2f3613247&partnerID=40&md5=db8d9d23814ca66594cca4ff630b6200","Article","Final","All Open Access; Green Open Access; Hybrid Gold Open Access","Scopus","2-s2.0-85173583099"
"Xu J.; Zhang Y.; Duan Q.","Xu, Jiuyun (13408106900); Zhang, Yue (58019706800); Duan, Qiang (7005185772)","13408106900; 58019706800; 7005185772","Concept drift detection and localization framework based on behavior replacement","2023","Applied Intelligence","53","13","","16776","16796","20","0","10.1007/s10489-022-04341-2","https://www.scopus.com/inward/record.uri?eid=2-s2.0-85144127204&doi=10.1007%2fs10489-022-04341-2&partnerID=40&md5=7d21a96bab5de30b98d963e78dd16656","Article","Final","","Scopus","2-s2.0-85144127204"
"Raduy C.; Sato D.M.V.; Franciscon E.A.; Scalabrin E.E.","Raduy, Caio (58133990700); Sato, Denise M. V. (55314908300); Franciscon, Eduardo A. (57215123796); Scalabrin, Edson E. (6506948841)","58133990700; 55314908300; 57215123796; 6506948841","A Benchmark of Process Drift Detection Tools: Experimental Protocol and Statistical Analysis","2023","Lecture Notes in Computer Science (including subseries Lecture Notes in Artificial Intelligence and Lecture Notes in Bioinformatics)","13589 LNAI","","","141","151","10","0","10.1007/978-3-031-23480-4_12","https://www.scopus.com/inward/record.uri?eid=2-s2.0-85149667154&doi=10.1007%2f978-3-031-23480-4_12&partnerID=40&md5=8eb0adf5654605205236f7323343fd16","Conference paper","Final","","Scopus","2-s2.0-85149667154"
"Lugaresi G.; Ciappina A.D.; Rossi M.; Matta A.","Lugaresi, Giovanni (57195806074); Ciappina, Antonio Davide (57762874700); Rossi, Monica (57192050380); Matta, Andrea (22958611800)","57195806074; 57762874700; 57192050380; 22958611800","Exploiting a combined process mining approach to enhance the discovery and analysis of support processes in manufacturing","2023","International Journal of Computer Integrated Manufacturing","36","2","","169","189","20","2","10.1080/0951192X.2022.2090024","https://www.scopus.com/inward/record.uri?eid=2-s2.0-85132693491&doi=10.1080%2f0951192X.2022.2090024&partnerID=40&md5=c11e700bb7ba90c4296dd603e59ae3f1","Article","Final","All Open Access; Green Open Access","Scopus","2-s2.0-85132693491"
"Yang L.; McClean S.; Donnelly M.; Burke K.; Khan K.","Yang, Lingkai (57195287512); McClean, Sally (57218412784); Donnelly, Mark (56228890200); Burke, Kevin (57192386098); Khan, Kashaf (57191243372)","57195287512; 57218412784; 56228890200; 57192386098; 57191243372","A multi-components approach to monitoring process structure and customer behaviour concept drift","2022","Expert Systems with Applications","210","","118533","","","","2","10.1016/j.eswa.2022.118533","https://www.scopus.com/inward/record.uri?eid=2-s2.0-85136478676&doi=10.1016%2fj.eswa.2022.118533&partnerID=40&md5=3f9dc3799542e0fb6d0f962d71190a86","Article","Final","All Open Access; Green Open Access","Scopus","2-s2.0-85136478676"
"Adams J.N.; Pitsch C.; Brockhoff T.; van der Aalst W.M.P.","Adams, Jan Niklas (57224786213); Pitsch, Cameron (57983920200); Brockhoff, Tobias (57196041881); van der Aalst, Wil M. P. (7007153024)","57224786213; 57983920200; 57196041881; 7007153024","An Experimental Evaluation of Process Concept Drift Detection","2023","Proceedings of the VLDB Endowment","16","8","","1856","1869","13","0","10.14778/3594512.3594517","https://www.scopus.com/inward/record.uri?eid=2-s2.0-85161625757&doi=10.14778%2f3594512.3594517&partnerID=40&md5=c0bf09aa5fad2556c11ac459173223e8","Conference paper","Final","","Scopus","2-s2.0-85161625757"
"El-Gharib N.M.; Amyot D.","El-Gharib, Najah Mary (57215333566); Amyot, Daniel (6602186776)","57215333566; 6602186776","Data Preprocessing Method and API for Mining Processes from Cloud-Based Application Event Logs","2022","Algorithms","15","6","180","","","","2","10.3390/a15060180","https://www.scopus.com/inward/record.uri?eid=2-s2.0-85131368843&doi=10.3390%2fa15060180&partnerID=40&md5=5b2c3665216c3683adb82fe8f9e450e9","Article","Final","All Open Access; Gold Open Access; Green Open Access","Scopus","2-s2.0-85131368843"
"Berti A.; Herforth J.; Qafari M.S.; van der Aalst W.M.P.","Berti, Alessandro (57205143232); Herforth, Johannes (58496956900); Qafari, Mahnaz Sadat (57210343991); van der Aalst, Wil M. P. (7007153024)","57205143232; 58496956900; 57210343991; 7007153024","Graph-based feature extraction on object-centric event logs","2023","International Journal of Data Science and Analytics","","","","","","","1","10.1007/s41060-023-00428-2","https://www.scopus.com/inward/record.uri?eid=2-s2.0-85165307278&doi=10.1007%2fs41060-023-00428-2&partnerID=40&md5=56e21318c9d7e65da7d2c5c0d6ac0aaa","Article","Article in press","All Open Access; Green Open Access; Hybrid Gold Open Access","Scopus","2-s2.0-85165307278"
"de Sousa R.G.; Meira Neto A.C.; Fantinato M.; Peres S.M.; Reijers H.A.","de Sousa, Rafael Gaspar (57223141536); Meira Neto, Antonio Carlos (58298594700); Fantinato, Marcelo (15019013300); Peres, Sarajane Marques (8088491100); Reijers, Hajo Alexander (6603060277)","57223141536; 58298594700; 15019013300; 8088491100; 6603060277","Integrated detection and localization of concept drifts in process mining with batch and stream trace clustering support","2024","Data and Knowledge Engineering","149","","102253","","","","0","10.1016/j.datak.2023.102253","https://www.scopus.com/inward/record.uri?eid=2-s2.0-85179758286&doi=10.1016%2fj.datak.2023.102253&partnerID=40&md5=25b299888a1a800be00f571f6f6e5697","Article","Final","","Scopus","2-s2.0-85179758286"
"Lin L.; Di Y.; Chen W.; Cao Y.; Zhu R.; Zhang Y.","Lin, Leilei (56525698800); Di, Ying (58311207500); Chen, Wenlong (56052095900); Cao, Yunuo (58745327700); Zhu, Rui (53064993500); Zhang, Yuan (55903382200)","56525698800; 58311207500; 56052095900; 58745327700; 53064993500; 55903382200","TCTV: Trace Clustering Considering Intra- and Inter-cluster Similarity Based on Trace Variants","2023","Lecture Notes in Computer Science (including subseries Lecture Notes in Artificial Intelligence and Lecture Notes in Bioinformatics)","14420 LNCS","","","72","87","15","0","10.1007/978-3-031-48424-7_6","https://www.scopus.com/inward/record.uri?eid=2-s2.0-85178612862&doi=10.1007%2f978-3-031-48424-7_6&partnerID=40&md5=7238cd4e40dcb1f3397b5004a1cc70de","Conference paper","Final","","Scopus","2-s2.0-85178612862"
"Yari Eili M.; Rezaeenour J.","Yari Eili, Mansoureh (57787373700); Rezaeenour, Jalal (35622495300)","57787373700; 35622495300","A survey on recommendation in process mining","2022","Concurrency and Computation: Practice and Experience","34","26","e7304","","","","2","10.1002/cpe.7304","https://www.scopus.com/inward/record.uri?eid=2-s2.0-85138309270&doi=10.1002%2fcpe.7304&partnerID=40&md5=72d73cf029fa3feccd6eef484491ee13","Article","Final","All Open Access; Green Open Access","Scopus","2-s2.0-85138309270"
"Riso L.; Guerzoni M.","Riso, Luigi (57222259525); Guerzoni, Marco (25639769100)","57222259525; 25639769100","Concept drift estimation with graphical models","2022","Information Sciences","606","","","786","804","18","4","10.1016/j.ins.2022.05.056","https://www.scopus.com/inward/record.uri?eid=2-s2.0-85131460966&doi=10.1016%2fj.ins.2022.05.056&partnerID=40&md5=424c8c99b05196e6eb3ca9d477ebe7fa","Article","Final","","Scopus","2-s2.0-85131460966"
"Potoniec J.; Sroka D.; Pawlak T.P.","Potoniec, Jedrzej (42662069800); Sroka, Daniel (57203129653); Pawlak, Tomasz P. (55337026500)","42662069800; 57203129653; 55337026500","Continuous discovery of Causal nets for non-stationary business processes using the Online Miner","2022","European Journal of Operational Research","303","3","","1304","1320","16","2","10.1016/j.ejor.2022.03.046","https://www.scopus.com/inward/record.uri?eid=2-s2.0-85128263506&doi=10.1016%2fj.ejor.2022.03.046&partnerID=40&md5=657cb803797ff79419fc2ba44a02e788","Article","Final","","Scopus","2-s2.0-85128263506"
"Bayomie D.; Di Ciccio C.; Mendling J.","Bayomie, Dina (57190030230); Di Ciccio, Claudio (35193494400); Mendling, Jan (6503908779)","57190030230; 35193494400; 6503908779","Event-case correlation for process mining using probabilistic optimization","2023","Information Systems","114","","102167","","","","2","10.1016/j.is.2023.102167","https://www.scopus.com/inward/record.uri?eid=2-s2.0-85147088049&doi=10.1016%2fj.is.2023.102167&partnerID=40&md5=9efb522fb05ce065cde001c5abb80548","Article","Final","All Open Access; Green Open Access; Hybrid Gold Open Access","Scopus","2-s2.0-85147088049"
"Das S.; Bala P.K.","Das, Sibanjan (57644119300); Bala, Pradip Kumar (26639138400)","57644119300; 26639138400","Process mining for social and economic needs: An introduction","2023","Handbook of Research on Digitalization Solutions for Social and Economic Needs","","","","140","154","14","0","10.4018/978-1-6684-4102-2.ch006","https://www.scopus.com/inward/record.uri?eid=2-s2.0-85151673774&doi=10.4018%2f978-1-6684-4102-2.ch006&partnerID=40&md5=e53bb1831e1de8fbd9b5d4ac289a45e3","Book chapter","Final","","Scopus","2-s2.0-85151673774"
"Sahlabadi M.; Muniyandi R.C.; Shukur Z.; Qamar F.; Kazmi S.H.A.","Sahlabadi, Mahdi (57193429027); Muniyandi, Ravie Chandren (14030355800); Shukur, Zarina (8230989000); Qamar, Faizan (57194184238); Kazmi, Syed Hussain Ali (57433399100)","57193429027; 14030355800; 8230989000; 57194184238; 57433399100","Process Mining Discovery Techniques for Software Architecture Lightweight Evaluation Framework","2023","Computers, Materials and Continua","74","3","","5777","5797","20","2","10.32604/cmc.2023.032504","https://www.scopus.com/inward/record.uri?eid=2-s2.0-85145352988&doi=10.32604%2fcmc.2023.032504&partnerID=40&md5=ee75dfe44644a91cf231770f40eed3af","Article","Final","All Open Access; Gold Open Access","Scopus","2-s2.0-85145352988"
"Bertrand Y.; Van den Abbeele B.; Veneruso S.; Leotta F.; Mecella M.; Serral E.","Bertrand, Yannis (57453832100); Van den Abbeele, Bram (58184241500); Veneruso, Silvestro (57216807161); Leotta, Francesco (37118890600); Mecella, Massimo (6602717537); Serral, Estefanía (19934565100)","57453832100; 58184241500; 57216807161; 37118890600; 6602717537; 19934565100","A survey on the application of process discovery techniques to smart spaces data","2023","Engineering Applications of Artificial Intelligence","126","","106748","","","","0","10.1016/j.engappai.2023.106748","https://www.scopus.com/inward/record.uri?eid=2-s2.0-85165896481&doi=10.1016%2fj.engappai.2023.106748&partnerID=40&md5=afe709327b4eb8e4d91d9c6c58b93970","Article","Final","All Open Access; Green Open Access","Scopus","2-s2.0-85165896481"
"Guan W.; Cao J.; Gu Y.; Qian S.","Guan, Wei (58108984500); Cao, Jian (57218980017); Gu, Yang (58167643700); Qian, Shiyou (55322690200)","58108984500; 57218980017; 58167643700; 55322690200","GRASPED: A GRU-AE Network Based Multi-Perspective Business Process Anomaly Detection Model","2023","IEEE Transactions on Services Computing","16","5","","3412","3424","12","0","10.1109/TSC.2023.3262405","https://www.scopus.com/inward/record.uri?eid=2-s2.0-85153375613&doi=10.1109%2fTSC.2023.3262405&partnerID=40&md5=1e7e438364b0a4c21674ea2abf3e3c83","Article","Final","","Scopus","2-s2.0-85153375613"
"El-Gharib N.M.; Amyot D.","El-Gharib, Najah Mary (57215333566); Amyot, Daniel (6602186776)","57215333566; 6602186776","Robotic process automation using process mining — A systematic literature review","2023","Data and Knowledge Engineering","148","","102229","","","","0","10.1016/j.datak.2023.102229","https://www.scopus.com/inward/record.uri?eid=2-s2.0-85173106830&doi=10.1016%2fj.datak.2023.102229&partnerID=40&md5=019f97bf826ef6639193fb86f9441be1","Article","Final","All Open Access; Green Open Access","Scopus","2-s2.0-85173106830"
"Ehrendorfer M.; Bertrand Y.; Malburg L.; Mangler J.; Grüger J.; Rinderle-Ma S.; Bergmann R.; Asensio E.S.","Ehrendorfer, Matthias (57210747054); Bertrand, Yannis (57453832100); Malburg, Lukas (57203922981); Mangler, Juergen (8553318800); Grüger, Joscha (57211524445); Rinderle-Ma, Stefanie (24376814800); Bergmann, Ralph (57193551665); Asensio, Estefania Serral (19934565100)","57210747054; 57453832100; 57203922981; 8553318800; 57211524445; 24376814800; 57193551665; 19934565100","Internet of Processes and Things: A Repository for IoT-Enriched Event Logs in Smart Environments","2023","CEUR Workshop Proceedings","3469","","","92","96","4","0","","https://www.scopus.com/inward/record.uri?eid=2-s2.0-85172003039&partnerID=40&md5=f42149863f45c64ff5c4e6e1c34962a5","Conference paper","Final","","Scopus","2-s2.0-85172003039"
"Southier L.F.P.; De Freitas S.C.; Pizzini A.; Santos E.A.P.; Scalabrin E.E.","Southier, Luiz Fernando Puttow (57211499085); De Freitas, Sheila Cristiana (57221606067); Pizzini, Adriano (57755699100); Santos, Eduardo Alves Portela (57217500301); Scalabrin, Edson Emilio (6506948841)","57211499085; 57221606067; 57755699100; 57217500301; 6506948841","Systematic Mapping Review on Log Preparation for Process Mining","2023","Proceedings of the 2023 26th International Conference on Computer Supported Cooperative Work in Design, CSCWD 2023","","","","1619","1624","5","0","10.1109/CSCWD57460.2023.10152649","https://www.scopus.com/inward/record.uri?eid=2-s2.0-85164696308&doi=10.1109%2fCSCWD57460.2023.10152649&partnerID=40&md5=fff1faec33e5ffca044fa44095cb3bfa","Conference paper","Final","","Scopus","2-s2.0-85164696308"
"Banham A.; Leemans S.J.J.; Wynn M.T.; Andrews R.; Laupland K.B.; Shinners L.","Banham, Adam (57563554200); Leemans, Sander J.J. (55565724400); Wynn, Moe T. (8964287000); Andrews, Robert (7402135994); Laupland, Kevin B. (7004382069); Shinners, Lucy (57211576139)","57563554200; 55565724400; 8964287000; 7402135994; 7004382069; 57211576139","xPM: Enhancing exogenous data visibility","2022","Artificial Intelligence in Medicine","133","","102409","","","","4","10.1016/j.artmed.2022.102409","https://www.scopus.com/inward/record.uri?eid=2-s2.0-85139729620&doi=10.1016%2fj.artmed.2022.102409&partnerID=40&md5=12e6a10a110f67c8ba473e24dae194f7","Article","Final","All Open Access; Green Open Access","Scopus","2-s2.0-85139729620"
"Rinderle-Ma S.; Benzin J.-V.; Mangler J.","Rinderle-Ma, Stefanie (24376814800); Benzin, Janik-Vasily (57763419600); Mangler, Juergen (8553318800)","24376814800; 57763419600; 8553318800","From Process-Agnostic to Process-Aware Automation, Mining, and Prediction","2023","Lecture Notes in Computer Science (including subseries Lecture Notes in Artificial Intelligence and Lecture Notes in Bioinformatics)","13929 LNCS","","","3","15","12","0","10.1007/978-3-031-33620-1_1","https://www.scopus.com/inward/record.uri?eid=2-s2.0-85173558160&doi=10.1007%2f978-3-031-33620-1_1&partnerID=40&md5=3d8e0ef59c9a2952e1160bd0cd039105","Conference paper","Final","All Open Access; Green Open Access","Scopus","2-s2.0-85173558160"
"Cao R.; Zeng Q.; Ni W.; Lu F.; Zhou C.; Guo W.","Cao, Rui (57365926500); Zeng, Qingtian (7401806588); Ni, Weijian (24824834500); Lu, Faming (12240908100); Zhou, Changhong (56486455800); Guo, Wenyan (57204921654)","57365926500; 7401806588; 24824834500; 12240908100; 56486455800; 57204921654","Transition-driven time prediction for business processes with cycles","2022","Expert Systems with Applications","209","","118238","","","","1","10.1016/j.eswa.2022.118238","https://www.scopus.com/inward/record.uri?eid=2-s2.0-85135849794&doi=10.1016%2fj.eswa.2022.118238&partnerID=40&md5=a59ed64e5380193454a23b3970e3aa76","Article","Final","","Scopus","2-s2.0-85135849794"
"Hanga K.M.; Kovalchuk Y.; Gaber M.M.","Hanga, Khadijah Muzzammil (57212017493); Kovalchuk, Yevgeniya (26534433200); Gaber, Mohamed Medhat (8927664800)","57212017493; 26534433200; 8927664800","PGraphD*: Methods for Drift Detection and Localisation Using Deep Learning Modelling of Business Processes","2022","Entropy","24","7","910","","","","0","10.3390/e24070910","https://www.scopus.com/inward/record.uri?eid=2-s2.0-85133554362&doi=10.3390%2fe24070910&partnerID=40&md5=3d730a17102f629b1a67c9ba788a65a8","Article","Final","All Open Access; Gold Open Access; Green Open Access","Scopus","2-s2.0-85133554362"
"Hilal W.; Gadsden S.A.; Yawney J.","Hilal, Waleed (57416731200); Gadsden, S. Andrew (24331431800); Yawney, John (56849350600)","57416731200; 24331431800; 56849350600","Financial Fraud: A Review of Anomaly Detection Techniques and Recent Advances","2022","Expert Systems with Applications","193","","116429","","","","56","10.1016/j.eswa.2021.116429","https://www.scopus.com/inward/record.uri?eid=2-s2.0-85123034162&doi=10.1016%2fj.eswa.2021.116429&partnerID=40&md5=0a40201b5bbae5fae070481ee3f78919","Review","Final","All Open Access; Hybrid Gold Open Access","Scopus","2-s2.0-85123034162"
"Meira Neto A.C.; de Sousa R.G.; Fantinato M.; Peres S.M.","Meira Neto, Antonio Carlos (58298594700); de Sousa, Rafael Gaspar (57223141536); Fantinato, Marcelo (15019013300); Peres, Sarajane Marques (8088491100)","58298594700; 57223141536; 15019013300; 8088491100","Revisiting the Transition Matrix-Based Concept Drift Approach: Improving the Detection Task Reliability Through Additional Experimentation","2024","SN Computer Science","5","1","188","","","","0","10.1007/s42979-023-02536-z","https://www.scopus.com/inward/record.uri?eid=2-s2.0-85181955320&doi=10.1007%2fs42979-023-02536-z&partnerID=40&md5=795ce356a13678ca3250836fe6a93e31","Article","Final","","Scopus","2-s2.0-85181955320"
"Helal I.M.A.; Awad A.","Helal, Iman M.A. (36099094600); Awad, Ahmed (57189881011)","36099094600; 57189881011","Online correlation for unlabeled process events: A flexible CEP-based approach","2022","Information Systems","108","","102031","","","","4","10.1016/j.is.2022.102031","https://www.scopus.com/inward/record.uri?eid=2-s2.0-85126902800&doi=10.1016%2fj.is.2022.102031&partnerID=40&md5=24cf5df69fdf4ab51cc160fad6d4ea44","Article","Final","All Open Access; Hybrid Gold Open Access","Scopus","2-s2.0-85126902800"
"Mangler J.; Grüger J.; Malburg L.; Ehrendorfer M.; Bertrand Y.; Benzin J.-V.; Rinderle-Ma S.; Serral Asensio E.; Bergmann R.","Mangler, Juergen (8553318800); Grüger, Joscha (57211524445); Malburg, Lukas (57203922981); Ehrendorfer, Matthias (57210747054); Bertrand, Yannis (57453832100); Benzin, Janik-Vasily (57763419600); Rinderle-Ma, Stefanie (24376814800); Serral Asensio, Estefania (57415807700); Bergmann, Ralph (57193551665)","8553318800; 57211524445; 57203922981; 57210747054; 57453832100; 57763419600; 24376814800; 57415807700; 57193551665","DataStream XES Extension: Embedding IoT Sensor Data into Extensible Event Stream Logs","2023","Future Internet","15","3","109","","","","8","10.3390/fi15030109","https://www.scopus.com/inward/record.uri?eid=2-s2.0-85150969196&doi=10.3390%2ffi15030109&partnerID=40&md5=eb4d846089709eec5d66bdfe90ff7216","Article","Final","All Open Access; Gold Open Access; Green Open Access","Scopus","2-s2.0-85150969196"
"Wuyts B.; Weytjens H.; vanden Broucke S.; De Weerdt J.","Wuyts, Brecht (58616299600); Weytjens, Hans (37071509600); vanden Broucke, Seppe (55369965500); De Weerdt, Jochen (36100028500)","58616299600; 37071509600; 55369965500; 36100028500","DyLoPro: Profiling the Dynamics of Event Logs","2023","Lecture Notes in Computer Science (including subseries Lecture Notes in Artificial Intelligence and Lecture Notes in Bioinformatics)","14159 LNCS","","","146","162","16","2","10.1007/978-3-031-41620-0_9","https://www.scopus.com/inward/record.uri?eid=2-s2.0-85172268364&doi=10.1007%2f978-3-031-41620-0_9&partnerID=40&md5=ac0c664f4bbe5fcb4b74815891c0c5cf","Conference paper","Final","","Scopus","2-s2.0-85172268364"
"Lin L.-L.; Wen L.-J.; Qian C.; Zong Z.; Wang J.-M.","Lin, Lei-Lei (56525698800); Wen, Li-Jie (14030649200); Qian, Chen (57211946905); Zong, Zan (57196185867); Wang, Jian-Min (57226847195)","56525698800; 14030649200; 57211946905; 57196185867; 57226847195","A Survey of Log Division Technique in Process Mining; [面向过程挖掘的日志划分技术综述]","2022","Jisuanji Xuebao/Chinese Journal of Computers","45","9","","1946","1968","22","0","10.11897/SP.J.1016.2022.01946","https://www.scopus.com/inward/record.uri?eid=2-s2.0-85137153472&doi=10.11897%2fSP.J.1016.2022.01946&partnerID=40&md5=268ea5dbad7e6f47de97abffbbf7844d","Review","Final","","Scopus","2-s2.0-85137153472"
"Pourbafrani M.; Gharbi F.; van der Aalst W.M.P.","Pourbafrani, Mahsa (57213607557); Gharbi, Firas (57947356100); van der Aalst, Wil M. P. (7007153024)","57213607557; 57947356100; 7007153024","A Tool for Business Processes Diagnostics","2023","Lecture Notes in Computer Science (including subseries Lecture Notes in Artificial Intelligence and Lecture Notes in Bioinformatics)","13821 LNCS","","","350","354","4","0","10.1007/978-3-031-26507-5_31","https://www.scopus.com/inward/record.uri?eid=2-s2.0-85151053276&doi=10.1007%2f978-3-031-26507-5_31&partnerID=40&md5=a9ee794737262af7b2502a2d2a5d536a","Conference paper","Final","","Scopus","2-s2.0-85151053276"
"Tavares G.M.; Junior S.B.","Tavares, Gabriel Marques (57200260509); Junior, Sylvio Barbon (58510258300)","57200260509; 58510258300","Matching Business Process Behavior with Encoding Techniques via Meta-Learning: An anomaly detection study","2023","Computer Science and Information Systems","20","3","","1207","1233","26","0","10.2298/CSIS220110005T","https://www.scopus.com/inward/record.uri?eid=2-s2.0-85166011536&doi=10.2298%2fCSIS220110005T&partnerID=40&md5=be83b27fbccee5981cf1b821ae0b730e","Article","Final","All Open Access; Gold Open Access","Scopus","2-s2.0-85166011536"
"Men J.; Zhao C.","Men, Jinkun (57210206229); Zhao, Chunmeng (58620553300)","57210206229; 58620553300","An adaptive imbalance modified online broad learning system-based fault diagnosis for imbalanced chemical process data stream","2023","Expert Systems with Applications","234","","121159","","","","1","10.1016/j.eswa.2023.121159","https://www.scopus.com/inward/record.uri?eid=2-s2.0-85172417818&doi=10.1016%2fj.eswa.2023.121159&partnerID=40&md5=d06d567cf9e8e59debe4db34165a830b","Article","Final","","Scopus","2-s2.0-85172417818"
"Burattin A.; López H.A.; Starklit L.","Burattin, Andrea (38361002000); López, Hugo A. (14825372100); Starklit, Lasse (57219554406)","38361002000; 14825372100; 57219554406","Uncovering Change: A Streaming Approach for Declarative Processes","2023","Lecture Notes in Business Information Processing","468 LNBIP","","","158","170","12","1","10.1007/978-3-031-27815-0_12","https://www.scopus.com/inward/record.uri?eid=2-s2.0-85152588430&doi=10.1007%2f978-3-031-27815-0_12&partnerID=40&md5=20488ad79924962e06a027b5fdad3288","Conference paper","Final","All Open Access; Green Open Access; Hybrid Gold Open Access","Scopus","2-s2.0-85152588430"
"Fabra J.; Gallego-Fontenla V.; Vidal J.C.; de Quirós J.G.; Álvarez P.; Lama M.; Bugarín A.; Ramos-Soto A.","Fabra, J. (15019133700); Gallego-Fontenla, V. (57219623704); Vidal, J.C. (55684387000); de Quirós, J. García (57211518930); Álvarez, P. (35271271700); Lama, M. (12239276700); Bugarín, A. (55910844200); Ramos-Soto, A. (55037491300)","15019133700; 57219623704; 55684387000; 57211518930; 35271271700; 12239276700; 55910844200; 55037491300","Detecting Model Changes in Organisational Processes: A Cloud-Based Approach","2023","Lecture Notes in Computer Science (including subseries Lecture Notes in Artificial Intelligence and Lecture Notes in Bioinformatics)","14183 LNCS","","","231","236","5","0","10.1007/978-3-031-46235-1_15","https://www.scopus.com/inward/record.uri?eid=2-s2.0-85175839904&doi=10.1007%2f978-3-031-46235-1_15&partnerID=40&md5=af8194c85df4fe9fe3ef04b011b2d7a1","Conference paper","Final","All Open Access; Bronze Open Access","Scopus","2-s2.0-85175839904"
"Alsaedi A.; Sohrabi N.; Mahmud R.; Tari Z.","Alsaedi, Abdullah (57222490079); Sohrabi, Nasrin (57212236313); Mahmud, Redowan (57200419245); Tari, Zahir (7003792859)","57222490079; 57212236313; 57200419245; 7003792859","RADAR: Reactive Concept Drift Management with Robust Variational Inference for Evolving IoT Data Streams","2023","Proceedings - International Conference on Data Engineering","2023-April","","","1995","2007","12","0","10.1109/ICDE55515.2023.00155","https://www.scopus.com/inward/record.uri?eid=2-s2.0-85167701362&doi=10.1109%2fICDE55515.2023.00155&partnerID=40&md5=348f1f9fdde5144ff8909ff4f69e863a","Conference paper","Final","","Scopus","2-s2.0-85167701362"
"Lin L.; Jin Y.; Wen L.; Chen W.; Di Y.; Xu Y.; Wang J.","Lin, Leilei (56525698800); Jin, Yumeng (58311982400); Wen, Lijie (14030649200); Chen, Wenlong (56052095900); Di, Ying (58311207500); Xu, Yusong (57219739100); Wang, Jianmin (57226847195)","56525698800; 58311982400; 14030649200; 56052095900; 58311207500; 57219739100; 57226847195","Process Drift Detection in Event Logs with Graph Convolutional Networks","2023","Lecture Notes in Computer Science (including subseries Lecture Notes in Artificial Intelligence and Lecture Notes in Bioinformatics)","13946 LNCS","","","380","396","16","0","10.1007/978-3-031-30678-5_29","https://www.scopus.com/inward/record.uri?eid=2-s2.0-85161649667&doi=10.1007%2f978-3-031-30678-5_29&partnerID=40&md5=47c9ff718f2327830e446ab78fb2e657","Conference paper","Final","","Scopus","2-s2.0-85161649667"
"Sim S.; Bae H.; Liu L.","Sim, Sunghyun (57191752290); Bae, Hyerim (7103223976); Liu, Ling (55628583368)","57191752290; 7103223976; 55628583368","Bagging Recurrent Event Imputation for Repair of Imperfect Event Log With Missing Categorical Events","2023","IEEE Transactions on Services Computing","16","1","","108","121","13","1","10.1109/TSC.2021.3118381","https://www.scopus.com/inward/record.uri?eid=2-s2.0-85117268859&doi=10.1109%2fTSC.2021.3118381&partnerID=40&md5=14dd7d07d3fc6b823626a903c829fad3","Article","Final","All Open Access; Bronze Open Access","Scopus","2-s2.0-85117268859"
"Corradini F.; Luciani C.; Morichetta A.; Piangerelli M.","Corradini, Flavio (55679592700); Luciani, Caterina (57224536675); Morichetta, Andrea (55848455200); Piangerelli, Marco (6504280219)","55679592700; 57224536675; 55848455200; 6504280219","Managing Variability of Large Public Administration Event Log Collections: Dealing with Concept Drift","2023","Lecture Notes in Business Information Processing","493 LNBIP","","","31","44","13","0","10.1007/978-3-031-43126-5_3","https://www.scopus.com/inward/record.uri?eid=2-s2.0-85172146010&doi=10.1007%2f978-3-031-43126-5_3&partnerID=40&md5=95feb70340c12be89e1b99e0afcfb725","Conference paper","Final","","Scopus","2-s2.0-85172146010"
"Elaziz E.A.; Fathalla R.; Shaheen M.","Elaziz, Eman Abd (58143270900); Fathalla, Radwa (24767394900); Shaheen, Mohamed (57197427442)","58143270900; 24767394900; 57197427442","Deep reinforcement learning for data-efficient weakly supervised business process anomaly detection","2023","Journal of Big Data","10","1","33","","","","1","10.1186/s40537-023-00708-5","https://www.scopus.com/inward/record.uri?eid=2-s2.0-85150178600&doi=10.1186%2fs40537-023-00708-5&partnerID=40&md5=51433f7016e20652362b654d650b0521","Article","Final","All Open Access; Gold Open Access","Scopus","2-s2.0-85150178600"
"Ni W.; Zhao G.; Liu T.; Zeng Q.; Xu X.","Ni, Weijian (24824834500); Zhao, Gang (58450640100); Liu, Tong (55727745700); Zeng, Qingtian (7401806588); Xu, Xingzong (58185529500)","24824834500; 58450640100; 55727745700; 7401806588; 58185529500","Predictive Business Process Monitoring Approach Based on Hierarchical Transformer","2023","Electronics (Switzerland)","12","6","1273","","","","3","10.3390/electronics12061273","https://www.scopus.com/inward/record.uri?eid=2-s2.0-85152684664&doi=10.3390%2felectronics12061273&partnerID=40&md5=dab9c68387da87e48be1b9b79c739feb","Article","Final","All Open Access; Gold Open Access","Scopus","2-s2.0-85152684664"
"Huete J.; Qahtan A.A.; Hassani M.","Huete, Jesús (58551458800); Qahtan, Abdulhakim A. (25632904700); Hassani, Marwan (35177627800)","58551458800; 25632904700; 35177627800","PrefixCDD: Effective Online Concept Drift Detection over Event Streams using Prefix Trees","2023","Proceedings - International Computer Software and Applications Conference","2023-June","","","328","333","5","0","10.1109/COMPSAC57700.2023.00051","https://www.scopus.com/inward/record.uri?eid=2-s2.0-85168895241&doi=10.1109%2fCOMPSAC57700.2023.00051&partnerID=40&md5=a4e1655366ea71a12952938ae6c21d73","Conference paper","Final","","Scopus","2-s2.0-85168895241"
"Chen Q.; Winter K.; Rinderle-Ma S.","Chen, Qian (58623169600); Winter, Karolin (57196347714); Rinderle-Ma, Stefanie (24376814800)","58623169600; 57196347714; 24376814800","Predicting Unseen Process Behavior Based on Context Information from Compliance Constraints","2023","Lecture Notes in Business Information Processing","490 LNBIP","","","127","144","17","0","10.1007/978-3-031-41623-1_8","https://www.scopus.com/inward/record.uri?eid=2-s2.0-85172690749&doi=10.1007%2f978-3-031-41623-1_8&partnerID=40&md5=fe84912227622ed5cdec8650df9419a8","Conference paper","Final","","Scopus","2-s2.0-85172690749"
"Guan W.; Cao J.; Gu Y.; Qian S.","Guan, Wei (58108984500); Cao, Jian (57218980017); Gu, Yang (58167643700); Qian, Shiyou (55322690200)","58108984500; 57218980017; 58167643700; 55322690200","AIMED: An automatic and incremental approach for business process model repair under concept drift","2023","Information Systems","119","","102285","","","","0","10.1016/j.is.2023.102285","https://www.scopus.com/inward/record.uri?eid=2-s2.0-85172275943&doi=10.1016%2fj.is.2023.102285&partnerID=40&md5=6099313de4f4c31f35e7d83a2f754a98","Article","Final","","Scopus","2-s2.0-85172275943"
"Pasquadibisceglie V.; Appice A.; Castellano G.; Fiorentino N.; Malerba D.","Pasquadibisceglie, Vincenzo (57194104637); Appice, Annalisa (6603601473); Castellano, Giovanna (7005355310); Fiorentino, Nicola (57202576308); Malerba, Donato (7003297699)","57194104637; 6603601473; 7005355310; 57202576308; 7003297699","STARDUST: A Novel Process Mining Approach to Discover Evolving Models From Trace Streams","2023","IEEE Transactions on Services Computing","16","4","","2970","2984","14","3","10.1109/TSC.2022.3215502","https://www.scopus.com/inward/record.uri?eid=2-s2.0-85140708375&doi=10.1109%2fTSC.2022.3215502&partnerID=40&md5=a3aa324060b6deb2960c07748f835c35","Article","Final","","Scopus","2-s2.0-85140708375"
"Tavares G.M.; Oyamada R.S.; Barbon S., Jr.; Ceravolo P.","Tavares, Gabriel M. (57200260509); Oyamada, Rafael S. (57215201623); Barbon, Sylvio (58510258300); Ceravolo, Paolo (6506416314)","57200260509; 57215201623; 58510258300; 6506416314","Trace encoding in process mining: A survey and benchmarking","2023","Engineering Applications of Artificial Intelligence","126","","107028","","","","1","10.1016/j.engappai.2023.107028","https://www.scopus.com/inward/record.uri?eid=2-s2.0-85171872223&doi=10.1016%2fj.engappai.2023.107028&partnerID=40&md5=999b3c6ab5d9675b87039b2e0da08242","Article","Final","All Open Access; Green Open Access; Hybrid Gold Open Access","Scopus","2-s2.0-85171872223"
"Revoredo K.","Revoredo, Kate (8847330200)","8847330200","On the use of domain knowledge for process model repair","2023","Software and Systems Modeling","22","4","","1099","1111","12","0","10.1007/s10270-022-01067-0","https://www.scopus.com/inward/record.uri?eid=2-s2.0-85143756603&doi=10.1007%2fs10270-022-01067-0&partnerID=40&md5=73061acdca6b92b9c7aa1a6c1c7711fe","Article","Final","All Open Access; Hybrid Gold Open Access","Scopus","2-s2.0-85143756603"
"Fani Sani M.; Vazifehdoostirani M.; Park G.; Pegoraro M.; van Zelst S.J.; van der Aalst W.M.P.","Fani Sani, Mohammadreza (57194789640); Vazifehdoostirani, Mozhgan (57563063900); Park, Gyunam (57210637161); Pegoraro, Marco (57210642326); van Zelst, Sebastiaan J. (35076831500); van der Aalst, Wil M. P. (7007153024)","57194789640; 57563063900; 57210637161; 57210642326; 35076831500; 7007153024","Performance-preserving event log sampling for predictive monitoring","2023","Journal of Intelligent Information Systems","61","1","","53","82","29","3","10.1007/s10844-022-00775-9","https://www.scopus.com/inward/record.uri?eid=2-s2.0-85149266621&doi=10.1007%2fs10844-022-00775-9&partnerID=40&md5=e245075020d2d1f7954fd88711201c62","Article","Final","All Open Access; Green Open Access; Hybrid Gold Open Access","Scopus","2-s2.0-85149266621"
"Agarwal P.; Gao B.; Huo S.; Reddy P.; Dechu S.; Obeidi Y.; Muthusamy V.; Isahagian V.; Carbajales S.","Agarwal, Prerna (57197344961); Gao, Buyu (57202963165); Huo, Siyu (57210644580); Reddy, Prabhat (57217353105); Dechu, Sampath (6508207784); Obeidi, Yazan (57198865814); Muthusamy, Vinod (7801671473); Isahagian, Vatche (36630445800); Carbajales, Sebastian (57197808669)","57197344961; 57202963165; 57210644580; 57217353105; 6508207784; 57198865814; 7801671473; 36630445800; 57197808669","A Process-Aware Decision Support System for Business Processes","2022","Proceedings of the ACM SIGKDD International Conference on Knowledge Discovery and Data Mining","","","","2673","2681","8","1","10.1145/3534678.3539088","https://www.scopus.com/inward/record.uri?eid=2-s2.0-85137148563&doi=10.1145%2f3534678.3539088&partnerID=40&md5=a5d483a851b00b6fa8c8a46ab1834662","Conference paper","Final","","Scopus","2-s2.0-85137148563"
"Leemans S.J.J.; Polyvyanyy A.","Leemans, Sander J.J. (55565724400); Polyvyanyy, Artem (25654203000)","55565724400; 25654203000","Stochastic-aware precision and recall measures for conformance checking in process mining","2023","Information Systems","115","","102197","","","","1","10.1016/j.is.2023.102197","https://www.scopus.com/inward/record.uri?eid=2-s2.0-85150170398&doi=10.1016%2fj.is.2023.102197&partnerID=40&md5=d172cfb6b6d31e3cf1278ef4129c23cc","Article","Final","","Scopus","2-s2.0-85150170398"
"Seiger R.; Franceschetti M.; Weber B.","Seiger, Ronny (54279323300); Franceschetti, Marco (57201309596); Weber, Barbara (7401435414)","54279323300; 57201309596; 7401435414","An Interactive Method for Detection of Process Activity Executions from IoT Data †","2023","Future Internet","15","2","77","","","","9","10.3390/fi15020077","https://www.scopus.com/inward/record.uri?eid=2-s2.0-85148896026&doi=10.3390%2ffi15020077&partnerID=40&md5=4648641560a102f7039e7f856e6f142c","Article","Final","All Open Access; Gold Open Access","Scopus","2-s2.0-85148896026"
"Montoya F.; Berrios E.; Diaz D.; Astudillo H.","Montoya, Fernando (58751096000); Berrios, Esteban (58750875000); Diaz, Daniela (58751021900); Astudillo, Hernan (6603646692)","58751096000; 58750875000; 58751021900; 6603646692","Counterfactual Explanability: An Application of Causal Inference in a Financial Sector Delivery Business Process","2023","Proceedings - International Conference of the Chilean Computer Science Society, SCCC","","","","","","","0","10.1109/SCCC59417.2023.10315742","https://www.scopus.com/inward/record.uri?eid=2-s2.0-85179003331&doi=10.1109%2fSCCC59417.2023.10315742&partnerID=40&md5=ec3bc6090c3f6202c0b78e5c1eac2ab7","Conference paper","Final","","Scopus","2-s2.0-85179003331"
"Leemans S.J.J.; van Zelst S.J.; Lu X.","Leemans, Sander J. J. (55565724400); van Zelst, Sebastiaan J. (35076831500); Lu, Xixi (56597133700)","55565724400; 35076831500; 56597133700","Partial-order-based process mining: a survey and outlook","2023","Knowledge and Information Systems","65","1","","1","29","28","9","10.1007/s10115-022-01777-3","https://www.scopus.com/inward/record.uri?eid=2-s2.0-85141183635&doi=10.1007%2fs10115-022-01777-3&partnerID=40&md5=40c2388bdad2a66ff28e4c1f3bf070d0","Review","Final","All Open Access; Green Open Access; Hybrid Gold Open Access","Scopus","2-s2.0-85141183635"
"Mian Z.; Deng X.; Dong X.; Tian Y.; Cao T.; Chen K.; Jaber T.A.","Mian, Zhibao (55356479100); Deng, Xiaofei (58687018200); Dong, Xiaohui (58551814000); Tian, Yuzhu (55875179800); Cao, Tianya (57197722929); Chen, Kairan (58687378900); Jaber, Tareq Al (58687744400)","55356479100; 58687018200; 58551814000; 55875179800; 57197722929; 58687378900; 58687744400","A literature review of fault diagnosis based on ensemble learning","2024","Engineering Applications of Artificial Intelligence","127","","107357","","","","0","10.1016/j.engappai.2023.107357","https://www.scopus.com/inward/record.uri?eid=2-s2.0-85176261756&doi=10.1016%2fj.engappai.2023.107357&partnerID=40&md5=7afd507b000b43655882a8495ee6b8e3","Article","Final","All Open Access; Hybrid Gold Open Access","Scopus","2-s2.0-85176261756"
"Bouchal A.; Radgui M.","Bouchal, Anouar (58701466200); Radgui, Maryam (55611397000)","58701466200; 55611397000","Online Process Mining: A Systematic Literature Review","2023","Lecture Notes in Networks and Systems","806 LNNS","","","277","288","11","0","10.1007/978-3-031-46584-0_21","https://www.scopus.com/inward/record.uri?eid=2-s2.0-85177210814&doi=10.1007%2f978-3-031-46584-0_21&partnerID=40&md5=e70b9f888eebe62261204ea58de93ce7","Conference paper","Final","","Scopus","2-s2.0-85177210814"
"Wickramanayake B.; Ouyang C.; Xu Y.; Moreira C.","Wickramanayake, Bemali (57221334965); Ouyang, Chun (14008574600); Xu, Yue (14032389000); Moreira, Catarina (51663717600)","57221334965; 14008574600; 14032389000; 51663717600","Generating multi-level explanations for process outcome predictions","2023","Engineering Applications of Artificial Intelligence","125","","106678","","","","2","10.1016/j.engappai.2023.106678","https://www.scopus.com/inward/record.uri?eid=2-s2.0-85164222248&doi=10.1016%2fj.engappai.2023.106678&partnerID=40&md5=3998c61a8ce5a497dcab3b7814642d1b","Article","Final","All Open Access; Hybrid Gold Open Access","Scopus","2-s2.0-85164222248"
"Palumbo G.; Carneiro D.; Guimares M.; Alves V.; Novais P.","Palumbo, Guilherme (57220188002); Carneiro, Davide (24723727400); Guimares, Miguel (58092792100); Alves, Victor (7006627528); Novais, Paulo (8248071100)","57220188002; 24723727400; 58092792100; 7006627528; 8248071100","Algorithm Recommendation and Performance Prediction Using Meta-Learning","2023","International Journal of Neural Systems","33","3","2350011","","","","4","10.1142/S0129065723500119","https://www.scopus.com/inward/record.uri?eid=2-s2.0-85147518710&doi=10.1142%2fS0129065723500119&partnerID=40&md5=d2d4d9bcd4ca7120cc654f9fd24597d7","Article","Final","","Scopus","2-s2.0-85147518710"
"Maita A.R.C.; Fantinato M.; Peres S.M.; Maggi F.M.","Maita, Ana Rocío Cárdenas (56910258300); Fantinato, Marcelo (15019013300); Peres, Sarajane Marques (8088491100); Maggi, Fabrizio Maria (35318465800)","56910258300; 15019013300; 8088491100; 35318465800","Towards a Business-Oriented Approach to Visualization-Supported Interpretability of Prediction Results in Process Mining","2023","International Conference on Enterprise Information Systems, ICEIS - Proceedings","1","","","395","406","11","0","10.5220/0011976000003467","https://www.scopus.com/inward/record.uri?eid=2-s2.0-85160686697&doi=10.5220%2f0011976000003467&partnerID=40&md5=d2b9636d1178bbbdbafb2fffd86320f4","Conference paper","Final","All Open Access; Hybrid Gold Open Access","Scopus","2-s2.0-85160686697"
"Dubinsky Y.; Soffer P.; Hadar I.","Dubinsky, Yael (8938331800); Soffer, Pnina (22434374100); Hadar, Irit (16306894100)","8938331800; 22434374100; 16306894100","Detecting cross-case associations in an event log: toward a pattern-based detection","2023","Software and Systems Modeling","22","6","","1755","1777","22","1","10.1007/s10270-023-01100-w","https://www.scopus.com/inward/record.uri?eid=2-s2.0-85151980100&doi=10.1007%2fs10270-023-01100-w&partnerID=40&md5=3f405642d71247ab2f606a5dca6b96e4","Article","Final","","Scopus","2-s2.0-85151980100"
"Munoz-Gama J.; Martin N.; Fernandez-Llatas C.; Johnson O.A.; Sepúlveda M.; Helm E.; Galvez-Yanjari V.; Rojas E.; Martinez-Millana A.; Aloini D.; Amantea I.A.; Andrews R.; Arias M.; Beerepoot I.; Benevento E.; Burattin A.; Capurro D.; Carmona J.; Comuzzi M.; Dalmas B.; de la Fuente R.; Di Francescomarino C.; Di Ciccio C.; Gatta R.; Ghidini C.; Gonzalez-Lopez F.; Ibanez-Sanchez G.; Klasky H.B.; Prima Kurniati A.; Lu X.; Mannhardt F.; Mans R.; Marcos M.; Medeiros de Carvalho R.; Pegoraro M.; Poon S.K.; Pufahl L.; Reijers H.A.; Remy S.; Rinderle-Ma S.; Sacchi L.; Seoane F.; Song M.; Stefanini A.; Sulis E.; ter Hofstede A.H.M.; Toussaint P.J.; Traver V.; Valero-Ramon Z.; Weerd I.V.D.; van der Aalst W.M.P.; Vanwersch R.; Weske M.; Wynn M.T.; Zerbato F.","Munoz-Gama, Jorge (36603094000); Martin, Niels (56559224800); Fernandez-Llatas, Carlos (57204151458); Johnson, Owen A. (14822120300); Sepúlveda, Marcos (7005859415); Helm, Emmanuel (54791996100); Galvez-Yanjari, Victor (57443006200); Rojas, Eric (25636372400); Martinez-Millana, Antonio (49964119000); Aloini, Davide (18436111500); Amantea, Ilaria Angela (57209475028); Andrews, Robert (7402135994); Arias, Michael (56549516300); Beerepoot, Iris (57205727294); Benevento, Elisabetta (57202441413); Burattin, Andrea (38361002000); Capurro, Daniel (6506017456); Carmona, Josep (22333712700); Comuzzi, Marco (23007964200); Dalmas, Benjamin (57191161172); de la Fuente, Rene (8608714800); Di Francescomarino, Chiara (25928227700); Di Ciccio, Claudio (35193494400); Gatta, Roberto (14037272400); Ghidini, Chiara (6701842843); Gonzalez-Lopez, Fernanda (57194203846); Ibanez-Sanchez, Gema (55834617200); Klasky, Hilda B. (54395554500); Prima Kurniati, Angelina (56411983500); Lu, Xixi (56597133700); Mannhardt, Felix (56007915000); Mans, Ronny (23100144700); Marcos, Mar (7103197520); Medeiros de Carvalho, Renata (57196937103); Pegoraro, Marco (57210642326); Poon, Simon K. (16301806100); Pufahl, Luise (55815410500); Reijers, Hajo A. (6603060277); Remy, Simon (57216526078); Rinderle-Ma, Stefanie (24376814800); Sacchi, Lucia (57192331744); Seoane, Fernando (8535281700); Song, Minseok (57198324241); Stefanini, Alessandro (57189324421); Sulis, Emilio (56611749600); ter Hofstede, Arthur H.M. (7004086310); Toussaint, Pieter J. (7005429149); Traver, Vicente (36947073600); Valero-Ramon, Zoe (57209300772); Weerd, Inge van de (57338998600); van der Aalst, Wil M.P. (7007153024); Vanwersch, Rob (36168586600); Weske, Mathias (23394109900); Wynn, Moe Thandar (8964287000); Zerbato, Francesca (56641828600)","36603094000; 56559224800; 57204151458; 14822120300; 7005859415; 54791996100; 57443006200; 25636372400; 49964119000; 18436111500; 57209475028; 7402135994; 56549516300; 57205727294; 57202441413; 38361002000; 6506017456; 22333712700; 23007964200; 57191161172; 8608714800; 25928227700; 35193494400; 14037272400; 6701842843; 57194203846; 55834617200; 54395554500; 56411983500; 56597133700; 56007915000; 23100144700; 7103197520; 57196937103; 57210642326; 16301806100; 55815410500; 6603060277; 57216526078; 24376814800; 57192331744; 8535281700; 57198324241; 57189324421; 56611749600; 7004086310; 7005429149; 36947073600; 57209300772; 57338998600; 7007153024; 36168586600; 23394109900; 8964287000; 56641828600","Process mining for healthcare: Characteristics and challenges","2022","Journal of Biomedical Informatics","127","","103994","","","","80","10.1016/j.jbi.2022.103994","https://www.scopus.com/inward/record.uri?eid=2-s2.0-85124238268&doi=10.1016%2fj.jbi.2022.103994&partnerID=40&md5=c2a0b11bd9775b3f16b1ccd1f9fa6e46","Article","Final","All Open Access; Green Open Access; Hybrid Gold Open Access","Scopus","2-s2.0-85124238268"
"Piest J.P.S.; Bemthuis R.H.; Cutinha J.A.; Arachchige J.J.; Bukhsh F.A.","Piest, Jean Paul Sebastian (57212139862); Bemthuis, Rob Henk (57212143113); Cutinha, Jennifer Alice (57889099500); Arachchige, Jeewanie Jayasinghe (36623247600); Bukhsh, Faiza Allah (53463101600)","57212139862; 57212143113; 57889099500; 36623247600; 53463101600","A Method for Bottleneck Detection, Prediction, and Recommendation Using Process Mining Techniques","2023","Communications in Computer and Information Science","1795 CCIS","","","118","136","18","0","10.1007/978-3-031-36840-0_7","https://www.scopus.com/inward/record.uri?eid=2-s2.0-85172412397&doi=10.1007%2f978-3-031-36840-0_7&partnerID=40&md5=6db417869f8f9858e891156f82692472","Conference paper","Final","","Scopus","2-s2.0-85172412397"
"Gallego-Fontenla V.; Vidal J.C.; Lama M.","Gallego-Fontenla, Victor (57219623704); Vidal, Juan C. (55684387000); Lama, Manuel (12239276700)","57219623704; 55684387000; 12239276700","A Conformance Checking-Based Approach for Sudden Drift Detection in Business Processes","2023","IEEE Transactions on Services Computing","16","1","","13","26","13","3","10.1109/TSC.2021.3120031","https://www.scopus.com/inward/record.uri?eid=2-s2.0-85117851274&doi=10.1109%2fTSC.2021.3120031&partnerID=40&md5=f14772753a26c16b01afc969b47f72b3","Article","Final","All Open Access; Green Open Access","Scopus","2-s2.0-85117851274"
"Bartelheimer C.; Wolf V.; Beverungen D.","Bartelheimer, Christian (57205728540); Wolf, Verena (57213864846); Beverungen, Daniel (24777868800)","57205728540; 57213864846; 24777868800","Workarounds as generative mechanisms for bottom-up process innovation—Insights from a multiple case study","2023","Information Systems Journal","33","5","","1085","1150","65","7","10.1111/isj.12435","https://www.scopus.com/inward/record.uri?eid=2-s2.0-85153488608&doi=10.1111%2fisj.12435&partnerID=40&md5=8f6479db2facf61dbb28a64b291b11d2","Article","Final","All Open Access; Hybrid Gold Open Access","Scopus","2-s2.0-85153488608"
"Karimian M.; Beigy H.","Karimian, Mahmood (55654621900); Beigy, Hamid (55880901200)","55654621900; 55880901200","Concept drift handling: A domain adaptation perspective","2023","Expert Systems with Applications","224","","119946","","","","5","10.1016/j.eswa.2023.119946","https://www.scopus.com/inward/record.uri?eid=2-s2.0-85151027896&doi=10.1016%2fj.eswa.2023.119946&partnerID=40&md5=894683ac57159df28d72e334fd606a64","Article","Final","","Scopus","2-s2.0-85151027896"
"Adams J.N.; van der Aalst W.M.P.","Adams, Jan Niklas (57224786213); van der Aalst, Wil M. P. (7007153024)","57224786213; 7007153024","Addressing Convergence, Divergence, and Deficiency Issues","2024","Lecture Notes in Business Information Processing","492 LNBIP","","","496","507","11","0","10.1007/978-3-031-50974-2_37","https://www.scopus.com/inward/record.uri?eid=2-s2.0-85182591410&doi=10.1007%2f978-3-031-50974-2_37&partnerID=40&md5=cdabc75ede85c98e14a88c9f576f94c3","Conference paper","Final","","Scopus","2-s2.0-85182591410"
"Weinberg A.I.; Last M.","Weinberg, Abraham Itzhak (57200382190); Last, Mark (7005858141)","57200382190; 7005858141","EnHAT — Synergy of a tree-based Ensemble with Hoeffding Adaptive Tree for dynamic data streams mining","2023","Information Fusion","89","","","397","404","7","3","10.1016/j.inffus.2022.08.026","https://www.scopus.com/inward/record.uri?eid=2-s2.0-85137616372&doi=10.1016%2fj.inffus.2022.08.026&partnerID=40&md5=ee7afe62230f7ff210e68144a388f481","Article","Final","All Open Access; Bronze Open Access","Scopus","2-s2.0-85137616372"
"Rizzi W.; Di Francescomarino C.; Ghidini C.; Maggi F.M.","Rizzi, Williams (56809365800); Di Francescomarino, Chiara (25928227700); Ghidini, Chiara (6701842843); Maggi, Fabrizio Maria (35318465800)","56809365800; 25928227700; 6701842843; 35318465800","How do I update my model? On the resilience of Predictive Process Monitoring models to change","2022","Knowledge and Information Systems","64","5","","1385","1416","31","10","10.1007/s10115-022-01666-9","https://www.scopus.com/inward/record.uri?eid=2-s2.0-85126762868&doi=10.1007%2fs10115-022-01666-9&partnerID=40&md5=ed05362d732589dcaf42f0ea10b76165","Article","Final","All Open Access; Green Open Access; Hybrid Gold Open Access","Scopus","2-s2.0-85126762868"
"Neerumalla S.; Ramaparvathy L.","Neerumalla, Swapna (57455258300); Ramaparvathy, L. (56913353900)","57455258300; 56913353900","Handling Concept Drift in Data Stream Mining of Event Logs Using Hybrid Optimization Algorithm","2022","International Journal of Intelligent Systems and Applications in Engineering","10","4","","618","624","6","0","","https://www.scopus.com/inward/record.uri?eid=2-s2.0-85162447147&partnerID=40&md5=81963a563ba72dd1a11676284acec2c7","Article","Final","","Scopus","2-s2.0-85162447147"
"Song Y.; Lu J.; Lu H.; Zhang G.","Song, Yiliao (56625365500); Lu, Jie (55844942800); Lu, Haiyan (57189905647); Zhang, Guangquan (7405270696)","56625365500; 55844942800; 57189905647; 7405270696","Learning Data Streams with Changing Distributions and Temporal Dependency","2023","IEEE Transactions on Neural Networks and Learning Systems","34","8","","3952","3965","13","13","10.1109/TNNLS.2021.3122531","https://www.scopus.com/inward/record.uri?eid=2-s2.0-85120053451&doi=10.1109%2fTNNLS.2021.3122531&partnerID=40&md5=ce0b50a3092f00ea7e1eeb2ce6c8ae32","Article","Final","","Scopus","2-s2.0-85120053451"
"Akhramovich K.; Serral E.; Cetina C.","Akhramovich, Katsiaryna (58814293800); Serral, Estefanía (19934565100); Cetina, Carlos (19933413800)","58814293800; 19934565100; 19933413800","A systematic literature review on the application of process mining to Industry 4.0","2024","Knowledge and Information Systems","","","","","","","0","10.1007/s10115-023-02042-x","https://www.scopus.com/inward/record.uri?eid=2-s2.0-85182476029&doi=10.1007%2fs10115-023-02042-x&partnerID=40&md5=7b956877f61bc1fca00c5e1f8831905b","Review","Article in press","","Scopus","2-s2.0-85182476029"
"Cecconi A.; Barbaro L.; Di Ciccio C.; Senderovich A.","Cecconi, Alessio (57202891070); Barbaro, Luca (58305261300); Di Ciccio, Claudio (35193494400); Senderovich, Arik (56226481600)","57202891070; 58305261300; 35193494400; 56226481600","Measuring rule-based LTLf process specifications: A probabilistic data-driven approach","2024","Information Systems","120","","102312","","","","0","10.1016/j.is.2023.102312","https://www.scopus.com/inward/record.uri?eid=2-s2.0-85176473920&doi=10.1016%2fj.is.2023.102312&partnerID=40&md5=9e2a4216db83743dbffe76cdb21f2b17","Article","Final","All Open Access; Green Open Access","Scopus","2-s2.0-85176473920"
"Ksieniewicz P.","Ksieniewicz, Pawel (56206176100)","56206176100","Processing data stream with chunk-similarity model selection","2023","Applied Intelligence","53","7","","7931","7956","25","1","10.1007/s10489-022-03826-4","https://www.scopus.com/inward/record.uri?eid=2-s2.0-85135259473&doi=10.1007%2fs10489-022-03826-4&partnerID=40&md5=c1ffe74340998a13426853da0dd0d025","Article","Final","","Scopus","2-s2.0-85135259473"
"Ehrendorfer M.; Mangler J.; Rinderle-Ma S.","Ehrendorfer, Matthias (57210747054); Mangler, Juergen (8553318800); Rinderle-Ma, Stefanie (24376814800)","57210747054; 8553318800; 24376814800","Clustering Raw Sensor Data in Process Logs to Detect Data Streams","2024","Lecture Notes in Computer Science (including subseries Lecture Notes in Artificial Intelligence and Lecture Notes in Bioinformatics)","14353 LNCS","","","438","447","9","0","10.1007/978-3-031-46846-9_25","https://www.scopus.com/inward/record.uri?eid=2-s2.0-85176008483&doi=10.1007%2f978-3-031-46846-9_25&partnerID=40&md5=8734bd7ebbbf458e82074bc6c2b3882c","Conference paper","Final","","Scopus","2-s2.0-85176008483"
"Pasquadibisceglie V.; Appice A.; Castellano G.; Malerba D.","Pasquadibisceglie, Vincenzo (57194104637); Appice, Annalisa (6603601473); Castellano, Giovanna (7005355310); Malerba, Donato (7003297699)","57194104637; 6603601473; 7005355310; 7003297699","DARWIN: An online deep learning approach to handle concept drifts in predictive process monitoring","2023","Engineering Applications of Artificial Intelligence","123","","106461","","","","1","10.1016/j.engappai.2023.106461","https://www.scopus.com/inward/record.uri?eid=2-s2.0-85160203196&doi=10.1016%2fj.engappai.2023.106461&partnerID=40&md5=9e89da2e5e05b349c31ec09215a580f1","Article","Final","","Scopus","2-s2.0-85160203196"
"Grohs M.; Rehse J.-R.","Grohs, Michael (57909145600); Rehse, Jana-Rebecca (56819108000)","57909145600; 56819108000","Attribute-Based Conformance Diagnosis: Correlating Trace Attributes with Process Conformance","2023","Lecture Notes in Business Information Processing","468 LNBIP","","","203","215","12","0","10.1007/978-3-031-27815-0_15","https://www.scopus.com/inward/record.uri?eid=2-s2.0-85152556276&doi=10.1007%2f978-3-031-27815-0_15&partnerID=40&md5=7c64136808c46568809f1902f94af210","Conference paper","Final","All Open Access; Hybrid Gold Open Access","Scopus","2-s2.0-85152556276"
"McClean S.; Yang L.","McClean, Sally (57218412784); Yang, Lingkai (57195287512)","57218412784; 57195287512","Semi-Markov Models for Process Mining in Smart Homes","2023","Mathematics","11","24","5001","","","","0","10.3390/math11245001","https://www.scopus.com/inward/record.uri?eid=2-s2.0-85180504296&doi=10.3390%2fmath11245001&partnerID=40&md5=cdf035b20e8ba255b8c34fb198d7d560","Article","Final","","Scopus","2-s2.0-85180504296"
"Stauder M.; Kühl N.","Stauder, Maximilian (57247254200); Kühl, Niklas (57196220660)","57247254200; 57196220660","AI for in-line vehicle sequence controlling: development and evaluation of an adaptive machine learning artifact to predict sequence deviations in a mixed-model production line","2022","Flexible Services and Manufacturing Journal","34","3","","709","747","38","6","10.1007/s10696-021-09430-x","https://www.scopus.com/inward/record.uri?eid=2-s2.0-85114367971&doi=10.1007%2fs10696-021-09430-x&partnerID=40&md5=4f244202425ce7c94f3785f173a612c7","Article","Final","All Open Access; Green Open Access; Hybrid Gold Open Access","Scopus","2-s2.0-85114367971"
"Rinderle-Ma S.; Stertz F.; Mangler J.; Pauker F.","Rinderle-Ma, Stefanie (24376814800); Stertz, Florian (56809444400); Mangler, Juergen (8553318800); Pauker, Florian (57189576440)","24376814800; 56809444400; 8553318800; 57189576440","Process Mining-Discovery, Conformance, and Enhancement of Manufacturing Processes","2023","Digital Transformation: Core Technologies and Emerging Topics from a Computer Science Perspective","","","","363","383","20","0","10.1007/978-3-662-65004-2_15","https://www.scopus.com/inward/record.uri?eid=2-s2.0-85161932882&doi=10.1007%2f978-3-662-65004-2_15&partnerID=40&md5=fa48175f1758f4f33296c0411b60d327","Book chapter","Final","All Open Access; Gold Open Access","Scopus","2-s2.0-85161932882"
"Yang L.; McClean S.; Donnelly M.; Burke K.; Khan K.","Yang, Lingkai (57195287512); McClean, Sally (57218412784); Donnelly, Mark (56228890200); Burke, Kevin (57192386098); Khan, Kashaf (57191243372)","57195287512; 57218412784; 56228890200; 57192386098; 57191243372","Detecting and Responding to Concept Drift in Business Processes","2022","Algorithms","15","5","174","","","","1","10.3390/a15050174","https://www.scopus.com/inward/record.uri?eid=2-s2.0-85131074251&doi=10.3390%2fa15050174&partnerID=40&md5=873445fdac569d225bd4580ea3963567","Article","Final","All Open Access; Gold Open Access; Green Open Access","Scopus","2-s2.0-85131074251"
"Röglinger M.; Plattfaut R.; Borghoff V.; Kerpedzhiev G.; Becker J.; Beverungen D.; vom Brocke J.; Van Looy A.; del-Río-Ortega A.; Rinderle-Ma S.; Rosemann M.; Santoro F.M.; Trkman P.","Röglinger, Maximilian (15923698200); Plattfaut, Ralf (36606731700); Borghoff, Vincent (57344788800); Kerpedzhiev, Georgi (57191992277); Becker, Jörg (7403712750); Beverungen, Daniel (24777868800); vom Brocke, Jan (7801493688); Van Looy, Amy (36648094000); del-Río-Ortega, Adela (36704589800); Rinderle-Ma, Stefanie (24376814800); Rosemann, Michael (6701701206); Santoro, Flavia Maria (10040209400); Trkman, Peter (6505774727)","15923698200; 36606731700; 57344788800; 57191992277; 7403712750; 24777868800; 7801493688; 36648094000; 36704589800; 24376814800; 6701701206; 10040209400; 6505774727","Exogenous Shocks and Business Process Management: A Scholars’ Perspective on Challenges and Opportunities","2022","Business and Information Systems Engineering","64","5","","669","687","18","13","10.1007/s12599-021-00740-w","https://www.scopus.com/inward/record.uri?eid=2-s2.0-85124551249&doi=10.1007%2fs12599-021-00740-w&partnerID=40&md5=aa454baed0594a4ae26128d24d7af4ae","Article","Final","All Open Access; Green Open Access; Hybrid Gold Open Access","Scopus","2-s2.0-85124551249"
"Šperka R.; Halaška M.","Šperka, Roman (54903955900); Halaška, Michal (57201461749)","54903955900; 57201461749","The performance assessment framework (PPAFR) for RPA implementation in a loan application process using process mining","2023","Information Systems and e-Business Management","21","2","","277","321","44","0","10.1007/s10257-022-00602-2","https://www.scopus.com/inward/record.uri?eid=2-s2.0-85145169355&doi=10.1007%2fs10257-022-00602-2&partnerID=40&md5=fd8193d33dc57a9034d9269575309559","Article","Final","All Open Access; Hybrid Gold Open Access","Scopus","2-s2.0-85145169355"
"Sakurai G.Y.; Lopes J.F.; Zarpelão B.B.; Barbon Junior S.","Sakurai, Guilherme Yukio (58284978400); Lopes, Jessica Fernandes (57208920036); Zarpelão, Bruno Bogaz (15063793000); Barbon Junior, Sylvio (58510258300)","58284978400; 57208920036; 15063793000; 58510258300","Benchmarking Change Detector Algorithms from Different Concept Drift Perspectives","2023","Future Internet","15","5","169","","","","0","10.3390/fi15050169","https://www.scopus.com/inward/record.uri?eid=2-s2.0-85159965341&doi=10.3390%2ffi15050169&partnerID=40&md5=9a3d1d7c351b949ae86500eef236991a","Article","Final","All Open Access; Gold Open Access","Scopus","2-s2.0-85159965341"
"Sato D.M.V.; De Freitas S.C.; Barddal J.P.; Scalabrin E.E.","Sato, Denise Maria Vecino (55314908300); De Freitas, Sheila Cristiana (57221606067); Barddal, Jean Paul (56313344100); Scalabrin, Edson Emilio (6506948841)","55314908300; 57221606067; 56313344100; 6506948841","A Survey on Concept Drift in Process Mining","2022","ACM Computing Surveys","54","9","189","","","","36","10.1145/3472752","https://www.scopus.com/inward/record.uri?eid=2-s2.0-85121122375&doi=10.1145%2f3472752&partnerID=40&md5=d0990d4f33537c8cdce2a5df5edc5814","Review","Final","All Open Access; Green Open Access","Scopus","2-s2.0-85121122375"
"Bouricha H.; Hsairi L.; Ghédira K.","Bouricha, Hajer (57219503048); Hsairi, Lobna (6506959608); Ghédira, Khaled (6603571720)","57219503048; 6506959608; 6603571720","Literature review on Intention Mining-oriented Process Mining in information system","2023","Artificial Intelligence Review","56","11","","13841","13872","31","0","10.1007/s10462-023-10490-8","https://www.scopus.com/inward/record.uri?eid=2-s2.0-85153070359&doi=10.1007%2fs10462-023-10490-8&partnerID=40&md5=74a6d1b4928d4ea03e626e2eca50fe59","Article","Final","","Scopus","2-s2.0-85153070359"
"Oberdorf F.; Schaschek M.; Weinzierl S.; Stein N.; Matzner M.; Flath C.M.","Oberdorf, Felix (57206469100); Schaschek, Myriam (57220870476); Weinzierl, Sven (57217538112); Stein, Nikolai (57191160950); Matzner, Martin (26424692200); Flath, Christoph M. (54392239000)","57206469100; 57220870476; 57217538112; 57191160950; 26424692200; 54392239000","Predictive End-to-End Enterprise Process Network Monitoring","2023","Business and Information Systems Engineering","65","1","","49","64","15","2","10.1007/s12599-022-00778-4","https://www.scopus.com/inward/record.uri?eid=2-s2.0-85143424212&doi=10.1007%2fs12599-022-00778-4&partnerID=40&md5=4fc2f5f8aeb68158a36537cd2dfa1151","Article","Final","All Open Access; Green Open Access; Hybrid Gold Open Access","Scopus","2-s2.0-85143424212"
"Scheibel B.; Rinderle-Ma S.","Scheibel, Beate (57222584870); Rinderle-Ma, Stefanie (24376814800)","57222584870; 24376814800","An End-to-End Approach for Online Decision Mining and Decision Drift Analysis in Process-Aware Information Systems","2023","Lecture Notes in Business Information Processing","477 LNBIP","","","17","25","8","0","10.1007/978-3-031-34674-3_3","https://www.scopus.com/inward/record.uri?eid=2-s2.0-85164032149&doi=10.1007%2f978-3-031-34674-3_3&partnerID=40&md5=30aa7a6209aa0b9d94293ad7466c480f","Conference paper","Final","","Scopus","2-s2.0-85164032149"
"Adams J.N.; van Zelst S.J.; Rose T.; van der Aalst W.M.P.","Adams, Jan Niklas (57224786213); van Zelst, Sebastiaan J. (35076831500); Rose, Thomas (7103365472); van der Aalst, Wil M.P. (7007153024)","57224786213; 35076831500; 7103365472; 7007153024","Explainable concept drift in process mining","2023","Information Systems","114","","102177","","","","6","10.1016/j.is.2023.102177","https://www.scopus.com/inward/record.uri?eid=2-s2.0-85147097652&doi=10.1016%2fj.is.2023.102177&partnerID=40&md5=a50c4618fdfc081deeac2c927c30bebe","Article","Final","","Scopus","2-s2.0-85147097652"
"Ramos-Soto A.; Dacal-Nieto A.; Martín Alcrudo G.; Mosquera G.; Areal J.J.","Ramos-Soto, Alejandro (55037491300); Dacal-Nieto, Angel (25926943300); Martín Alcrudo, Gonzalo (58546011200); Mosquera, Gabriel (58546438000); Areal, Juan José (49361098600)","55037491300; 25926943300; 58546011200; 58546438000; 49361098600","Analysis of automated guided vehicles performance based on process mining techniques","2023","Data Technologies and Applications","","","","","","","0","10.1108/DTA-02-2023-0054","https://www.scopus.com/inward/record.uri?eid=2-s2.0-85168626191&doi=10.1108%2fDTA-02-2023-0054&partnerID=40&md5=afe4ec2e381d20beeed9477d3b94d27b","Article","Article in press","","Scopus","2-s2.0-85168626191"
"Yeshchenko A.; Di Ciccio C.; Mendling J.; Polyvyanyy A.","Yeshchenko, Anton (57204500692); Di Ciccio, Claudio (35193494400); Mendling, Jan (6503908779); Polyvyanyy, Artem (25654203000)","57204500692; 35193494400; 6503908779; 25654203000","Visual Drift Detection for Event Sequence Data of Business Processes","2022","IEEE Transactions on Visualization and Computer Graphics","28","8","","3050","3068","18","22","10.1109/TVCG.2021.3050071","https://www.scopus.com/inward/record.uri?eid=2-s2.0-85099570271&doi=10.1109%2fTVCG.2021.3050071&partnerID=40&md5=21ce97aabd37674302dfc74d4c5dcf62","Article","Final","All Open Access; Green Open Access","Scopus","2-s2.0-85099570271"
"Khayatbashi S.; Hartig O.; Jalali A.","Khayatbashi, Shahrzad (57211075867); Hartig, Olaf (19638345600); Jalali, Amin (55508544400)","57211075867; 19638345600; 55508544400","Transforming Event Knowledge Graph to Object-Centric Event Logs: A Comparative Study for Multi-dimensional Process Analysis","2023","Lecture Notes in Computer Science (including subseries Lecture Notes in Artificial Intelligence and Lecture Notes in Bioinformatics)","14320 LNCS","","","220","238","18","0","10.1007/978-3-031-47262-6_12","https://www.scopus.com/inward/record.uri?eid=2-s2.0-85177437360&doi=10.1007%2f978-3-031-47262-6_12&partnerID=40&md5=57bcd01023de0149d72aca4302e6ca1b","Conference paper","Final","","Scopus","2-s2.0-85177437360"
"Tan W.J.; Seok M.G.; Cai W.","Tan, Wen Jun (55445115300); Seok, Moon Gi (36683242700); Cai, Wentong (7401711207)","55445115300; 36683242700; 7401711207","Automatic Model Generation and Data Assimilation Framework for Cyber-Physical Production Systems","2023","ACM International Conference Proceeding Series","","","","73","83","10","0","10.1145/3573900.3591112","https://www.scopus.com/inward/record.uri?eid=2-s2.0-85163846195&doi=10.1145%2f3573900.3591112&partnerID=40&md5=3d5505211f2a1427c18b72fb85193f28","Conference paper","Final","All Open Access; Bronze Open Access","Scopus","2-s2.0-85163846195"
"Lee S.; Comuzzi M.; Lu X.; Reijers H.A.","Lee, Suhwan (57208494217); Comuzzi, Marco (23007964200); Lu, Xixi (56597133700); Reijers, Hajo A. (6603060277)","57208494217; 23007964200; 56597133700; 6603060277","Measuring the Stability of Process Outcome Predictions in Online Settings","2023","Proceedings - 2023 5th International Conference on Process Mining, ICPM 2023","","","","105","112","7","0","10.1109/ICPM60904.2023.10271960","https://www.scopus.com/inward/record.uri?eid=2-s2.0-85175424484&doi=10.1109%2fICPM60904.2023.10271960&partnerID=40&md5=38d9d9821a4777be72fbc6f6a3eedae0","Conference paper","Final","All Open Access; Green Open Access","Scopus","2-s2.0-85175424484"
"Wijnhoven F.; Hoffmann P.; Bemthuis R.; Boksebeld J.","Wijnhoven, Fons (6603180438); Hoffmann, Petra (55785142900); Bemthuis, Rob (57212143113); Boksebeld, Jurian (58101749300)","6603180438; 55785142900; 57212143113; 58101749300","Using process mining for workarounds analysis in context: Learning from a small and medium-sized company case","2023","International Journal of Information Management Data Insights","3","1","100163","","","","3","10.1016/j.jjimei.2023.100163","https://www.scopus.com/inward/record.uri?eid=2-s2.0-85147960609&doi=10.1016%2fj.jjimei.2023.100163&partnerID=40&md5=a058de3a4d2617f5521a89313f54dead","Article","Final","All Open Access; Gold Open Access; Green Open Access","Scopus","2-s2.0-85147960609"
"Rinderle-Ma S.; Winter K.; Benzin J.-V.","Rinderle-Ma, Stefanie (24376814800); Winter, Karolin (57196347714); Benzin, Janik-Vasily (57763419600)","24376814800; 57196347714; 57763419600","Predictive compliance monitoring in process-aware information systems: State of the art, functionalities, research directions","2023","Information Systems","115","","102210","","","","1","10.1016/j.is.2023.102210","https://www.scopus.com/inward/record.uri?eid=2-s2.0-85152116217&doi=10.1016%2fj.is.2023.102210&partnerID=40&md5=0a497b7a64e88101ee2944020b9e7718","Review","Final","All Open Access; Green Open Access","Scopus","2-s2.0-85152116217"
"Metzger A.; Kley T.; Rothweiler A.; Pohl K.","Metzger, Andreas (15119826600); Kley, Tristan (57219108675); Rothweiler, Aristide (58142894400); Pohl, Klaus (7005770478)","15119826600; 57219108675; 58142894400; 7005770478","Automatically reconciling the trade-off between prediction accuracy and earliness in prescriptive business process monitoring","2023","Information Systems","118","","102254","","","","1","10.1016/j.is.2023.102254","https://www.scopus.com/inward/record.uri?eid=2-s2.0-85166258126&doi=10.1016%2fj.is.2023.102254&partnerID=40&md5=c1eae5a227ff7d4b1e00a742a4ae92c3","Article","Final","All Open Access; Green Open Access","Scopus","2-s2.0-85166258126"
"Meira Neto A.C.; de Sousa R.G.; Fantinato M.; Marques Peres S.","Meira Neto, Antonio Carlos (58298594700); de Sousa, Rafael Gaspar (57223141536); Fantinato, Marcelo (15019013300); Marques Peres, Sarajane (8088491100)","58298594700; 57223141536; 15019013300; 8088491100","Towards a Transition Matrix-Based Concept Drift Approach: Experiments on the Detection Task","2023","International Conference on Enterprise Information Systems, ICEIS - Proceedings","2","","","361","372","11","1","10.5220/0011843600003467","https://www.scopus.com/inward/record.uri?eid=2-s2.0-85160822631&doi=10.5220%2f0011843600003467&partnerID=40&md5=ae50862a006c8fb2923ae05f7629b930","Conference paper","Final","All Open Access; Hybrid Gold Open Access","Scopus","2-s2.0-85160822631"
"Pourbafrani M.; Gharbi F.; van der Aalst W.M.P.","Pourbafrani, Mahsa (57213607557); Gharbi, Firas (57947356100); van der Aalst, Wil M.P. (7007153024)","57213607557; 57947356100; 7007153024","Process Diagnostics at Coarse-grained Levels","2022","International Conference on Enterprise Information Systems, ICEIS - Proceedings","1","","","484","491","7","1","10.5220/0011035000003179","https://www.scopus.com/inward/record.uri?eid=2-s2.0-85140923016&doi=10.5220%2f0011035000003179&partnerID=40&md5=cad816b9a71a20fd989eddfc638a0bda","Conference paper","Final","All Open Access; Hybrid Gold Open Access","Scopus","2-s2.0-85140923016"
"Zaman R.; Hassani M.","Zaman, Rashid (57210883741); Hassani, Marwan (35177627800)","57210883741; 35177627800","On Enabling GDPR Compliance in Business Processes Through Data-Driven Solutions","2020","SN Computer Science","1","4","210","","","","10","10.1007/s42979-020-00215-x","https://www.scopus.com/inward/record.uri?eid=2-s2.0-85101337708&doi=10.1007%2fs42979-020-00215-x&partnerID=40&md5=0428e40baf3e43a0714f9250d12d52da","Article","Final","All Open Access; Green Open Access; Hybrid Gold Open Access","Scopus","2-s2.0-85101337708"
"Lee S.; Lu X.; Reijers H.A.","Lee, Suhwan (57208494217); Lu, Xixi (56597133700); Reijers, Hajo A. (6603060277)","57208494217; 56597133700; 6603060277","The Analysis of Online Event Streams: Predicting the Next Activity for Anomaly Detection","2022","Lecture Notes in Business Information Processing","446 LNBIP","","","248","264","16","1","10.1007/978-3-031-05760-1_15","https://www.scopus.com/inward/record.uri?eid=2-s2.0-85130929635&doi=10.1007%2f978-3-031-05760-1_15&partnerID=40&md5=5ebd152f047f48bc6f433f13353f74a9","Conference paper","Final","All Open Access; Green Open Access","Scopus","2-s2.0-85130929635"
"Zuidema-Tempel E.; Effing R.; van Hillegersberg J.","Zuidema-Tempel, Evelyn (57912397900); Effing, Robin (50261505900); van Hillegersberg, Jos (6602763421)","57912397900; 50261505900; 6602763421","Bridging the Gap Between Process Mining Methodologies and Process Mining Practices: Comparing Existing Process Mining Methodologies with Process Mining Practices at Local Governments and Consultancy Firms in the Netherlands","2022","Lecture Notes in Business Information Processing","458 LNBIP","","","70","86","16","0","10.1007/978-3-031-16171-1_5","https://www.scopus.com/inward/record.uri?eid=2-s2.0-85139036293&doi=10.1007%2f978-3-031-16171-1_5&partnerID=40&md5=4fef6f8eeebb2456cb2b6f0f9b126eef","Conference paper","Final","All Open Access; Green Open Access","Scopus","2-s2.0-85139036293"
"Krajsic P.; Franczyk B.","Krajsic, Philippe (57220158664); Franczyk, Bogdan (14037266500)","57220158664; 14037266500","Catch Me If You Can: Online Classification for Near Real-Time Anomaly Detection in Business Process Event Streams","2022","Procedia Computer Science","207","","","235","244","9","0","10.1016/j.procs.2022.09.056","https://www.scopus.com/inward/record.uri?eid=2-s2.0-85143309266&doi=10.1016%2fj.procs.2022.09.056&partnerID=40&md5=36768e9004b428fa5e3d3a254c1c4ffd","Conference paper","Final","All Open Access; Gold Open Access","Scopus","2-s2.0-85143309266"
"Zerbino P.; Stefanini A.; Aloini D.","Zerbino, Pierluigi (57190006414); Stefanini, Alessandro (57189324421); Aloini, Davide (18436111500)","57190006414; 57189324421; 18436111500","Process science in action: A literature review on process mining in business management","2021","Technological Forecasting and Social Change","172","","121021","","","","37","10.1016/j.techfore.2021.121021","https://www.scopus.com/inward/record.uri?eid=2-s2.0-85111069759&doi=10.1016%2fj.techfore.2021.121021&partnerID=40&md5=a35a36797a4dc4769910fcbb2b0eb8ad","Article","Final","","Scopus","2-s2.0-85111069759"
"Pentland B.T.; Vaast E.; Wolf J.R.","Pentland, Brian T. (7005204890); Vaast, Emmanuelle (6506415191); Wolf, Julie Ryan (57195340311)","7005204890; 6506415191; 57195340311","Theorizing process dynamics with directed graphs: A diachronic analysis of digital trace data","2021","MIS Quarterly: Management Information Systems","45","2","","967","984","17","14","10.25300/MISQ/2021/15360","https://www.scopus.com/inward/record.uri?eid=2-s2.0-85114686183&doi=10.25300%2fMISQ%2f2021%2f15360&partnerID=40&md5=f2f12c0724b03a87cc4f8b9cdfd46d2d","Article","Final","","Scopus","2-s2.0-85114686183"
"Park G.; van der Aalst W.M.P.","Park, Gyunam (57210637161); van der Aalst, Wil M. P. (7007153024)","57210637161; 7007153024","Action-oriented process mining: bridging the gap between insights and actions","2022","Progress in Artificial Intelligence","","","","","","","11","10.1007/s13748-022-00281-7","https://www.scopus.com/inward/record.uri?eid=2-s2.0-85133226543&doi=10.1007%2fs13748-022-00281-7&partnerID=40&md5=17e1cf72474af8722a7fdcadb709484b","Article","Article in press","All Open Access; Hybrid Gold Open Access","Scopus","2-s2.0-85133226543"
"Rebmann A.","Rebmann, Adrian (57214241643)","57214241643","Abstracting low-level event data for meaningful process analysis","2021","CEUR Workshop Proceedings","2973","","","38","42","4","0","","https://www.scopus.com/inward/record.uri?eid=2-s2.0-85117185288&partnerID=40&md5=3cea8dd975f5c3081e68685b23e567d3","Conference paper","Final","","Scopus","2-s2.0-85117185288"
"Lu Y.; Chen Q.; Poon S.","Lu, Yang (57222868860); Chen, Qifan (57222867782); Poon, Simon (16301806100)","57222868860; 57222867782; 16301806100","A Robust and Accurate Approach to Detect Process Drifts from Event Streams","2021","Lecture Notes in Computer Science (including subseries Lecture Notes in Artificial Intelligence and Lecture Notes in Bioinformatics)","12875 LNCS","","","383","399","16","6","10.1007/978-3-030-85469-0_24","https://www.scopus.com/inward/record.uri?eid=2-s2.0-85115168996&doi=10.1007%2f978-3-030-85469-0_24&partnerID=40&md5=8e451c976e45af6100669825750bb3ff","Conference paper","Final","All Open Access; Green Open Access","Scopus","2-s2.0-85115168996"
"Kaouni A.; Theodoropoulou G.; Bousdekis A.; Voulodimos A.; Miaoulis G.","Kaouni, Antonia (57290051400); Theodoropoulou, Georgia (25961093700); Bousdekis, Alexandros (56543697100); Voulodimos, Athanasios (25032274400); Miaoulis, Georgios (24367212700)","57290051400; 25961093700; 56543697100; 25032274400; 24367212700","Visual analytics in process mining for supporting business process improvement","2021","Frontiers in Artificial Intelligence and Applications","338","","166-175","V","VI","","7","10.3233/FAIA210089","https://www.scopus.com/inward/record.uri?eid=2-s2.0-85116764986&doi=10.3233%2fFAIA210089&partnerID=40&md5=f38097ab1ce5798ae98aa5fc98c1d306","Conference paper","Final","All Open Access; Hybrid Gold Open Access","Scopus","2-s2.0-85116764986"
"Leemans S.J.J.","Leemans, Sander J. J. (55565724400)","55565724400","Process Mining","2022","Lecture Notes in Business Information Processing","440","","","49","117","68","0","10.1007/978-3-030-96655-3_3","https://www.scopus.com/inward/record.uri?eid=2-s2.0-85127891923&doi=10.1007%2f978-3-030-96655-3_3&partnerID=40&md5=7d10f49ba6fa88bb605e515d0f1bc71e","Book chapter","Final","","Scopus","2-s2.0-85127891923"
"Kurniati A.P.; McInerney C.; Zucker K.; Hall G.; Hogg D.; Johnson O.","Kurniati, Angelina Prima (56411983500); McInerney, Ciarán (57214243099); Zucker, Kieran (57214070394); Hall, Geoff (16444338600); Hogg, David (7103188000); Johnson, Owen (14822120300)","56411983500; 57214243099; 57214070394; 16444338600; 7103188000; 14822120300","Using a multi-level process comparison for process change analysis in cancer pathways","2020","International Journal of Environmental Research and Public Health","17","19","7210","1","16","15","12","10.3390/ijerph17197210","https://www.scopus.com/inward/record.uri?eid=2-s2.0-85092118365&doi=10.3390%2fijerph17197210&partnerID=40&md5=c9c585f897e47e551956506b5cfa3a9b","Article","Final","All Open Access; Gold Open Access; Green Open Access","Scopus","2-s2.0-85092118365"
"Scheibel B.; Rinderle-Ma S.","Scheibel, Beate (57222584870); Rinderle-Ma, Stefanie (24376814800)","57222584870; 24376814800","Online Decision Mining and Monitoring in Process-Aware Information Systems","2022","Lecture Notes in Computer Science (including subseries Lecture Notes in Artificial Intelligence and Lecture Notes in Bioinformatics)","13607 LNCS","","","271","280","9","2","10.1007/978-3-031-17995-2_19","https://www.scopus.com/inward/record.uri?eid=2-s2.0-85141668184&doi=10.1007%2f978-3-031-17995-2_19&partnerID=40&md5=d1f2b035ac48ca8f356d7b902c045b44","Conference paper","Final","","Scopus","2-s2.0-85141668184"
"Ceravolo P.; Tavares G.M.; Junior S.B.; Damiani E.","Ceravolo, Paolo (6506416314); Tavares, Gabriel Marques (57200260509); Junior, Sylvio Barbon (58510258300); Damiani, Ernesto (57195375517)","6506416314; 57200260509; 58510258300; 57195375517","Evaluation Goals for Online Process Mining: A Concept Drift Perspective","2022","IEEE Transactions on Services Computing","15","4","","2473","2489","16","17","10.1109/TSC.2020.3004532","https://www.scopus.com/inward/record.uri?eid=2-s2.0-85089291632&doi=10.1109%2fTSC.2020.3004532&partnerID=40&md5=f9797f0c27bafe84391c495f7d59f08c","Article","Final","All Open Access; Green Open Access","Scopus","2-s2.0-85089291632"
"Lin L.; Wen L.; Lin L.; Pei J.; Yang H.","Lin, Leilei (56525698800); Wen, Lijie (14030649200); Lin, Li (57204731957); Pei, Jisheng (56383410400); Yang, Hedong (55596413500)","56525698800; 14030649200; 57204731957; 56383410400; 55596413500","LCDD: Detecting Business Process Drifts Based on Local Completeness","2022","IEEE Transactions on Services Computing","15","4","","2086","2099","13","6","10.1109/TSC.2020.3032787","https://www.scopus.com/inward/record.uri?eid=2-s2.0-85096085317&doi=10.1109%2fTSC.2020.3032787&partnerID=40&md5=7dad6fb3386a9da1bd5631290813c9a9","Article","Final","","Scopus","2-s2.0-85096085317"
"Corallo A.; Lazoi M.; Striani F.","Corallo, Angelo (14020996400); Lazoi, Mariangela (35956315900); Striani, Fabrizio (57194444964)","14020996400; 35956315900; 57194444964","Process mining and industrial applications: A systematic literature review","2020","Knowledge and Process Management","27","3","","225","233","8","23","10.1002/kpm.1630","https://www.scopus.com/inward/record.uri?eid=2-s2.0-85080031151&doi=10.1002%2fkpm.1630&partnerID=40&md5=be28f75a237a273c259cd1f3a147bb6a","Article","Final","","Scopus","2-s2.0-85080031151"
"Wankhade K.K.; Jondhale K.C.; Dongre S.S.","Wankhade, Kapil K. (36174700500); Jondhale, Kalpana C. (24829048300); Dongre, Snehlata S. (36699452100)","36174700500; 24829048300; 36699452100","A clustering and ensemble based classifier for data stream classification","2021","Applied Soft Computing","102","","107076","","","","24","10.1016/j.asoc.2020.107076","https://www.scopus.com/inward/record.uri?eid=2-s2.0-85099518925&doi=10.1016%2fj.asoc.2020.107076&partnerID=40&md5=a354f9a523e74f4910a5d872f9babd7a","Article","Final","","Scopus","2-s2.0-85099518925"
"Grisold T.; Mendling J.; Otto M.; vom Brocke J.","Grisold, Thomas (57191861461); Mendling, Jan (6503908779); Otto, Markus (57219203966); vom Brocke, Jan (7801493688)","57191861461; 6503908779; 57219203966; 7801493688","Adoption, use and management of process mining in practice","2021","Business Process Management Journal","27","2","","369","387","18","33","10.1108/BPMJ-03-2020-0112","https://www.scopus.com/inward/record.uri?eid=2-s2.0-85096951255&doi=10.1108%2fBPMJ-03-2020-0112&partnerID=40&md5=2ba8b63703adfb29069f2e1c3e0c61d5","Article","Final","","Scopus","2-s2.0-85096951255"
"Stertz F.; Winter K.; Rinderle-Ma S.","Stertz, Florian (56809444400); Winter, Karolin (57196347714); Rinderle-Ma, Stefanie (24376814800)","56809444400; 57196347714; 24376814800","Discovering Instance Spanning Exceptions from Process Execution Logs","2022","Proceedings - 2022 IEEE 24th Conference on Business Informatics, CBI 2022","2","","","49","56","7","1","10.1109/CBI54897.2022.10048","https://www.scopus.com/inward/record.uri?eid=2-s2.0-85142929038&doi=10.1109%2fCBI54897.2022.10048&partnerID=40&md5=167d2f534c1c6054198f19ae5d9480f6","Conference paper","Final","","Scopus","2-s2.0-85142929038"
"Baskharon F.; Awad A.; Di Francescomarino C.","Baskharon, Fadi (57224322031); Awad, Ahmed (57189881011); Di Francescomarino, Chiara (25928227700)","57224322031; 57189881011; 25928227700","Predicting Remaining Cycle Time from Ongoing Cases: A Survival Analysis-Based Approach","2021","Lecture Notes in Business Information Processing","406 LNBIP","","","99","111","12","2","10.1007/978-3-030-72693-5_8","https://www.scopus.com/inward/record.uri?eid=2-s2.0-85107331204&doi=10.1007%2f978-3-030-72693-5_8&partnerID=40&md5=765685c0a308a11171b12e53cfbf56c9","Conference paper","Final","","Scopus","2-s2.0-85107331204"
"van der Aalst W.M.P.; Brockhoff T.; Ghahfarokhi A.F.; Pourbafrani M.; Uysal M.S.; van Zelst S.J.","van der Aalst, Wil M. P. (7007153024); Brockhoff, Tobias (57196041881); Ghahfarokhi, Anahita Farhang (57222872666); Pourbafrani, Mahsa (57213607557); Uysal, Merih Seran (35231598300); van Zelst, Sebastiaan J. (35076831500)","7007153024; 57196041881; 57222872666; 57213607557; 35231598300; 35076831500","Removing Operational Friction Using Process Mining: Challenges Provided by the Internet of Production (IoP)","2021","Communications in Computer and Information Science","1446","","","1","31","30","7","10.1007/978-3-030-83014-4_1","https://www.scopus.com/inward/record.uri?eid=2-s2.0-85113341454&doi=10.1007%2f978-3-030-83014-4_1&partnerID=40&md5=d14f145c2b40c051eba612f689a63773","Conference paper","Final","All Open Access; Green Open Access","Scopus","2-s2.0-85113341454"
"Spenrath Y.; Hassani M.","Spenrath, Yorick (57207622655); Hassani, Marwan (35177627800)","57207622655; 35177627800","Predicting business process bottlenecks in online events streams under concept drifts","2020","Proceedings - European Council for Modelling and Simulation, ECMS","34","1","","190","196","6","3","","https://www.scopus.com/inward/record.uri?eid=2-s2.0-85094946463&partnerID=40&md5=a426710cb9dc3a57a2940abc07ad4cab","Conference paper","Final","","Scopus","2-s2.0-85094946463"
"Ko J.; Comuzzi M.","Ko, Jonghyeon (57195926156); Comuzzi, Marco (23007964200)","57195926156; 23007964200","Keeping our rivers clean: Information-theoretic online anomaly detection for streaming business process events","2022","Information Systems","104","","101894","","","","6","10.1016/j.is.2021.101894","https://www.scopus.com/inward/record.uri?eid=2-s2.0-85116026399&doi=10.1016%2fj.is.2021.101894&partnerID=40&md5=1c232df2a1f178f3cec0deae88f4317b","Article","Final","","Scopus","2-s2.0-85116026399"
"Grimm J.; Kraus A.; van der Aa H.","Grimm, Justus (57918782900); Kraus, Alexander (57919170000); van der Aa, Han (6604024016)","57918782900; 57919170000; 6604024016","CDLG: A Tool for the Generation of Event Logs with Concept Drifts","2022","CEUR Workshop Proceedings","3216","","","92","96","4","1","","https://www.scopus.com/inward/record.uri?eid=2-s2.0-85139383400&partnerID=40&md5=ca8b5286bfb7cb17c350d3f69815b57f","Conference paper","Final","","Scopus","2-s2.0-85139383400"
"Sato D.M.V.; Barddal J.P.; Scalabrin E.E.","Sato, Denise Maria Vecino (55314908300); Barddal, Jean Paul (56313344100); Scalabrin, Edson Emilio (6506948841)","55314908300; 56313344100; 6506948841","Interactive Process Drift Detection Framework","2021","Lecture Notes in Computer Science (including subseries Lecture Notes in Artificial Intelligence and Lecture Notes in Bioinformatics)","12855 LNAI","","","192","204","12","3","10.1007/978-3-030-87897-9_18","https://www.scopus.com/inward/record.uri?eid=2-s2.0-85117715754&doi=10.1007%2f978-3-030-87897-9_18&partnerID=40&md5=c7c49446dbadb47ef45f9da37dfc0564","Conference paper","Final","","Scopus","2-s2.0-85117715754"
"","","","International Conference on Process Mining, ICPM 2020","2021","Lecture Notes in Business Information Processing","406 LNBIP","","","","","398","0","","https://www.scopus.com/inward/record.uri?eid=2-s2.0-85107366917&partnerID=40&md5=9b84f533da0de76d1d11aab0b0c72c4e","Conference review","Final","","Scopus","2-s2.0-85107366917"
"Sangil M.J.","Sangil, Maria Jihan (57215862942)","57215862942","Heuristics-Based Process Mining on Extracted Philippine Public Procurement Event Logs","2020","Proceedings of 2020 7th IEEE International Conference on Behavioural and Social Computing, BESC 2020","","","9348306","","","","3","10.1109/BESC51023.2020.9348306","https://www.scopus.com/inward/record.uri?eid=2-s2.0-85101636934&doi=10.1109%2fBESC51023.2020.9348306&partnerID=40&md5=aaf43b2ea644b7b344beeb14d352fa4d","Conference paper","Final","","Scopus","2-s2.0-85101636934"
"Yuan J.; Zhu R.; Lin L.; Li T.; Zheng M.","Yuan, Jiayi (57214687658); Zhu, Rui (53064993500); Lin, Leilei (56525698800); Li, Tong (7406375396); Zheng, Ming (57196392115)","57214687658; 53064993500; 56525698800; 7406375396; 57196392115","Algorithm for single-firing sequence sudden drift detection; [单触发序列突发漂移检测算法]","2021","Jisuanji Jicheng Zhizao Xitong/Computer Integrated Manufacturing Systems, CIMS","27","9","","2636","2646","10","0","10.13196/j.cims.2021.09.016","https://www.scopus.com/inward/record.uri?eid=2-s2.0-85116612784&doi=10.13196%2fj.cims.2021.09.016&partnerID=40&md5=a54e6453370cb5fbd1e47729ca59a2f1","Article","Final","","Scopus","2-s2.0-85116612784"
"Rtayli N.; Enneya N.","Rtayli, Naoufal (57215307828); Enneya, Nourddine (24824539600)","57215307828; 24824539600","Enhanced credit card fraud detection based on SVM-recursive feature elimination and hyper-parameters optimization","2020","Journal of Information Security and Applications","55","","102596","","","","92","10.1016/j.jisa.2020.102596","https://www.scopus.com/inward/record.uri?eid=2-s2.0-85090032305&doi=10.1016%2fj.jisa.2020.102596&partnerID=40&md5=e5eb4bb5a4682f71ded06757e75f490f","Article","Final","","Scopus","2-s2.0-85090032305"
"Ceravolo P.; Damiani E.; Schepis E.F.; Tavares G.M.","Ceravolo, Paolo (6506416314); Damiani, Ernesto (57195375517); Schepis, Emilio Francesco (57433666700); Tavares, Gabriel Marques (57200260509)","6506416314; 57195375517; 57433666700; 57200260509","Real-time probing of control-flow and data-flow in event logs","2022","Procedia Computer Science","197","","","751","758","7","1","10.1016/j.procs.2021.12.197","https://www.scopus.com/inward/record.uri?eid=2-s2.0-85123753700&doi=10.1016%2fj.procs.2021.12.197&partnerID=40&md5=c0052d60187178ab78d20483c2760586","Conference paper","Final","All Open Access; Gold Open Access; Green Open Access","Scopus","2-s2.0-85123753700"
"","","","19th International Conference on Business Process Management, BPM 2021","2021","Lecture Notes in Business Information Processing","427 LNBIP","","","","","279","0","","https://www.scopus.com/inward/record.uri?eid=2-s2.0-85115134968&partnerID=40&md5=3891d7e39bb8f7ef11891ac63188e238","Conference review","Final","","Scopus","2-s2.0-85115134968"
"Hmami A.; Fredj M.; Sbai H.","Hmami, Asmae (57213520739); Fredj, Mounia (24477215600); Sbai, Hanae (55560772700)","57213520739; 24477215600; 55560772700","Handling Sudden and Recurrent Changes in Business Process Variability: Change Mining based Approach","2021","International Journal of Advanced Computer Science and Applications","12","4","","632","640","8","1","10.14569/IJACSA.2021.0120479","https://www.scopus.com/inward/record.uri?eid=2-s2.0-85105804608&doi=10.14569%2fIJACSA.2021.0120479&partnerID=40&md5=826c6a1f82674abf6a9a671f65401022","Article","Final","All Open Access; Gold Open Access","Scopus","2-s2.0-85105804608"
"Baier L.; Reimold J.; Kuhl N.","Baier, Lucas (57201880101); Reimold, Josua (57209285005); Kuhl, Niklas (57196220660)","57201880101; 57209285005; 57196220660","Handling Concept Drift for Predictions in Business Process Mining","2020","Proceedings - 2020 IEEE 22nd Conference on Business Informatics, CBI 2020","1","","9140292","76","83","7","12","10.1109/CBI49978.2020.00016","https://www.scopus.com/inward/record.uri?eid=2-s2.0-85089286367&doi=10.1109%2fCBI49978.2020.00016&partnerID=40&md5=bb8863dbb037e9dabc67f713d9a82c81","Conference paper","Final","All Open Access; Green Open Access","Scopus","2-s2.0-85089286367"
"Tavares G.M.; Barbon Junior S.; Damiani E.; Ceravolo P.","Tavares, Gabriel Marques (57200260509); Barbon Junior, Sylvio (58510258300); Damiani, Ernesto (57195375517); Ceravolo, Paolo (6506416314)","57200260509; 58510258300; 57195375517; 6506416314","Selecting Optimal Trace Clustering Pipelines with Meta-learning","2022","Lecture Notes in Computer Science (including subseries Lecture Notes in Artificial Intelligence and Lecture Notes in Bioinformatics)","13653 LNAI","","","150","164","14","3","10.1007/978-3-031-21686-2_11","https://www.scopus.com/inward/record.uri?eid=2-s2.0-85144827048&doi=10.1007%2f978-3-031-21686-2_11&partnerID=40&md5=b8e12e8c4ea6fd4310092ca2ab48f6a5","Conference paper","Final","","Scopus","2-s2.0-85144827048"
"Di Federico G.","Di Federico, Gemma (57254351800)","57254351800","Online Conformance Checking to Support Human Behavior Study","2021","CEUR Workshop Proceedings","3098","","","15","16","1","0","","https://www.scopus.com/inward/record.uri?eid=2-s2.0-85126616705&partnerID=40&md5=4a703e41462c7ac04cc2824bca210885","Conference paper","Final","","Scopus","2-s2.0-85126616705"
"Brockhoff T.; Uysal M.S.; Van Der Aalst W.M.P.","Brockhoff, Tobias (57196041881); Uysal, Merih Seran (35231598300); Van Der Aalst, Wil M.P. (7007153024)","57196041881; 35231598300; 7007153024","Time-aware concept drift detection using the earth mover's distance","2020","Proceedings - 2020 2nd International Conference on Process Mining, ICPM 2020","","","9230247","33","40","7","17","10.1109/ICPM49681.2020.00016","https://www.scopus.com/inward/record.uri?eid=2-s2.0-85096616091&doi=10.1109%2fICPM49681.2020.00016&partnerID=40&md5=71248ee3ff6189b1c48f13eb6253963c","Conference paper","Final","","Scopus","2-s2.0-85096616091"
"Yang L.; McClean S.; Donnelly M.; Burke K.; Khan K.","Yang, Lingkai (57195287512); McClean, Sally (57218412784); Donnelly, Mark (56228890200); Burke, Kevin (57192386098); Khan, Kashaf (57191243372)","57195287512; 57218412784; 56228890200; 57192386098; 57191243372","Process Duration Modelling and Concept Drift Detection for Business Process Mining","2021","Proceedings - 2021 IEEE SmartWorld, Ubiquitous Intelligence and Computing, Advanced and Trusted Computing, Scalable Computing and Communications, Internet of People, and Smart City Innovations, SmartWorld/ScalCom/UIC/ATC/IoP/SCI 2021","","","","653","658","5","5","10.1109/SWC50871.2021.00097","https://www.scopus.com/inward/record.uri?eid=2-s2.0-85123288658&doi=10.1109%2fSWC50871.2021.00097&partnerID=40&md5=873ff20b8daea1ba7ae42b912404a8ba","Conference paper","Final","","Scopus","2-s2.0-85123288658"
"Stertz F.; Mangler J.; Rinderle-Ma S.","Stertz, Florian (56809444400); Mangler, Juergen (8553318800); Rinderle-Ma, Stefanie (24376814800)","56809444400; 8553318800; 24376814800","Data-driven Improvement of Online Conformance Checking","2020","Proceedings - 2020 IEEE 24th International Enterprise Distributed Object Computing Conference, EDOC 2020","","","9233157","187","196","9","5","10.1109/EDOC49727.2020.00031","https://www.scopus.com/inward/record.uri?eid=2-s2.0-85096553560&doi=10.1109%2fEDOC49727.2020.00031&partnerID=40&md5=602b7b43032a3a6dd546ce7bcb73b44b","Conference paper","Final","","Scopus","2-s2.0-85096553560"
"Cecconi A.; Giacomo G.D.; Ciccio C.D.; Maggi F.M.; Mendling J.","Cecconi, Alessio (57202891070); Giacomo, Giuseppe De (57195099317); Ciccio, Claudio Di (35193494400); Maggi, Fabrizio Maria (35318465800); Mendling, Jan (6503908779)","57202891070; 57195099317; 35193494400; 35318465800; 6503908779","A temporal logic-based measurement framework for process mining","2020","Proceedings - 2020 2nd International Conference on Process Mining, ICPM 2020","","","9229935","113","120","7","6","10.1109/ICPM49681.2020.00026","https://www.scopus.com/inward/record.uri?eid=2-s2.0-85094816634&doi=10.1109%2fICPM49681.2020.00026&partnerID=40&md5=ee7ba7d8900f24c9a9138fcf696fed1b","Conference paper","Final","All Open Access; Green Open Access","Scopus","2-s2.0-85094816634"
"Kraus A.","Kraus, Alexander (57919170000)","57919170000","Multi-Perspective Analysis of Process Dynamics (Extended Abstract)","2022","CEUR Workshop Proceedings","3299","","","8","12","4","0","","https://www.scopus.com/inward/record.uri?eid=2-s2.0-85143900513&partnerID=40&md5=e8bc35016295e2adccad9884deffc687","Conference paper","Final","","Scopus","2-s2.0-85143900513"
"Burke A.","Burke, Adam (57212677314)","57212677314","Stochastic Process Mining","2021","CEUR Workshop Proceedings","3098","","","9","10","1","0","","https://www.scopus.com/inward/record.uri?eid=2-s2.0-85126611122&partnerID=40&md5=1a5e44b5252c26d6ed0927b973e32005","Conference paper","Final","","Scopus","2-s2.0-85126611122"
"Leemans S.J.J.; van der Aalst W.M.P.; Brockhoff T.; Polyvyanyy A.","Leemans, Sander J.J. (55565724400); van der Aalst, Wil M.P. (7007153024); Brockhoff, Tobias (57196041881); Polyvyanyy, Artem (25654203000)","55565724400; 7007153024; 57196041881; 25654203000","Stochastic process mining: Earth movers’ stochastic conformance","2021","Information Systems","102","","101724","","","","37","10.1016/j.is.2021.101724","https://www.scopus.com/inward/record.uri?eid=2-s2.0-85101020498&doi=10.1016%2fj.is.2021.101724&partnerID=40&md5=9176e4ec61c3be9ae31a329e4b7203af","Article","Final","All Open Access; Green Open Access","Scopus","2-s2.0-85101020498"
"Lu Y.; Chen Q.; Poon S.","Lu, Yang (57222868860); Chen, Qifan (57222867782); Poon, Simon (16301806100)","57222868860; 57222867782; 16301806100","Detecting and Understanding Branching Frequency Changes in Process Models","2021","Lecture Notes in Business Information Processing","421","","","39","46","7","4","10.1007/978-3-030-79186-5_3","https://www.scopus.com/inward/record.uri?eid=2-s2.0-85111898351&doi=10.1007%2f978-3-030-79186-5_3&partnerID=40&md5=0d34426213d13418658d359d476abcac","Conference paper","Final","All Open Access; Green Open Access","Scopus","2-s2.0-85111898351"
"Beerepoot I.; Lu X.; van de Weerd I.; Reijers H.A.","Beerepoot, Iris (57205727294); Lu, Xixi (56597133700); van de Weerd, Inge (15045969000); Reijers, Hajo A. (6603060277)","57205727294; 56597133700; 15045969000; 6603060277","Seeing the signs of workarounds: A mixed-methods approach to the detection of nurses' process deviations","2021","Proceedings of the Annual Hawaii International Conference on System Sciences","2020-January","","","3763","3772","9","9","","https://www.scopus.com/inward/record.uri?eid=2-s2.0-85108382081&partnerID=40&md5=98bdd8afc7781e6527d97ce1c8d5b094","Conference paper","Final","","Scopus","2-s2.0-85108382081"
"Nguyen K.-T.; Tran T.; Nguyen A.-D.; Phan X.-H.; Ha Q.-T.","Nguyen, Khanh-Tung (58592330000); Tran, Trung (58280282900); Nguyen, Anh-Duc (57650295900); Phan, Xuan-Hieu (55667197200); Ha, Quang-Thuy (57208140319)","58592330000; 58280282900; 57650295900; 55667197200; 57208140319","Parameter Distribution Ensemble Learning for Sudden Concept Drift Detection","2022","Lecture Notes in Computer Science (including subseries Lecture Notes in Artificial Intelligence and Lecture Notes in Bioinformatics)","13758 LNAI","","","192","203","11","1","10.1007/978-3-031-21967-2_16","https://www.scopus.com/inward/record.uri?eid=2-s2.0-85145253128&doi=10.1007%2f978-3-031-21967-2_16&partnerID=40&md5=4599270f4a22430c75c88c4db58d830e","Conference paper","Final","","Scopus","2-s2.0-85145253128"
"Hmami A.; Sbai H.; Fredj M.","Hmami, Asmae (57213520739); Sbai, Hanae (55560772700); Fredj, Mounia (24477215600)","57213520739; 55560772700; 24477215600","Applying change tree method in configurable process mining","2022","2022 2nd International Conference on Innovative Research in Applied Science, Engineering and Technology, IRASET 2022","","","","","","","0","10.1109/IRASET52964.2022.9738005","https://www.scopus.com/inward/record.uri?eid=2-s2.0-85127982693&doi=10.1109%2fIRASET52964.2022.9738005&partnerID=40&md5=2c6cd5ffd83ee6a993a4045f7235ecdc","Conference paper","Final","","Scopus","2-s2.0-85127982693"
"Pika A.; ter Hofstede A.H.M.; Perrons R.K.; Grossmann G.; Stumptner M.; Cooley J.","Pika, Anastasiia (55574871100); ter Hofstede, Arthur H.M. (7004086310); Perrons, Robert K. (6505767530); Grossmann, Georg (8899707900); Stumptner, Markus (6701656407); Cooley, Jim (57204669806)","55574871100; 7004086310; 6505767530; 8899707900; 6701656407; 57204669806","Using Big Data to Improve Safety Performance: An Application of Process Mining to Enhance Data Visualisation","2021","Big Data Research","25","","100210","","","","18","10.1016/j.bdr.2021.100210","https://www.scopus.com/inward/record.uri?eid=2-s2.0-85100602737&doi=10.1016%2fj.bdr.2021.100210&partnerID=40&md5=fcbc924b1c6d8811ca5e84882ce5f39f","Article","Final","","Scopus","2-s2.0-85100602737"
"Ehrendorfer M.; Mangler J.; Rinderle-Ma S.","Ehrendorfer, Matthias (57210747054); Mangler, Juergen (8553318800); Rinderle-Ma, Stefanie (24376814800)","57210747054; 8553318800; 24376814800","Assessing the Impact of Context Data on Process Outcomes During Runtime","2021","Lecture Notes in Computer Science (including subseries Lecture Notes in Artificial Intelligence and Lecture Notes in Bioinformatics)","13121 LNCS","","","3","18","15","6","10.1007/978-3-030-91431-8_1","https://www.scopus.com/inward/record.uri?eid=2-s2.0-85120521183&doi=10.1007%2f978-3-030-91431-8_1&partnerID=40&md5=b7e8185b247f2c6266962ab1d16c33bc","Conference paper","Final","","Scopus","2-s2.0-85120521183"
"Venkateswaran P.; Muthusamy V.; Isahagian V.; Venkatasubramanian N.","Venkateswaran, Praveen (57203517535); Muthusamy, Vinod (7801671473); Isahagian, Vatche (36630445800); Venkatasubramanian, Nalini (7003578607)","57203517535; 7801671473; 36630445800; 7003578607","Robust and Generalizable Predictive Models for Business Processes","2021","Lecture Notes in Computer Science (including subseries Lecture Notes in Artificial Intelligence and Lecture Notes in Bioinformatics)","12875 LNCS","","","105","122","17","5","10.1007/978-3-030-85469-0_9","https://www.scopus.com/inward/record.uri?eid=2-s2.0-85114933388&doi=10.1007%2f978-3-030-85469-0_9&partnerID=40&md5=125fee288135839f383547701cb2586e","Conference paper","Final","","Scopus","2-s2.0-85114933388"
"Martin N.; De Weerdt J.; Fernández-Llatas C.; Gal A.; Gatta R.; Ibáñez G.; Johnson O.; Mannhardt F.; Marco-Ruiz L.; Mertens S.; Munoz-Gama J.; Seoane F.; Vanthienen J.; Wynn M.T.; Boilève D.B.; Bergs J.; Joosten-Melis M.; Schretlen S.; Van Acker B.","Martin, Niels (56559224800); De Weerdt, Jochen (36100028500); Fernández-Llatas, Carlos (57204151458); Gal, Avigdor (7201834671); Gatta, Roberto (14037272400); Ibáñez, Gema (55834617200); Johnson, Owen (14822120300); Mannhardt, Felix (56007915000); Marco-Ruiz, Luis (56347504900); Mertens, Steven (56441154100); Munoz-Gama, Jorge (36603094000); Seoane, Fernando (8535281700); Vanthienen, Jan (7003650333); Wynn, Moe Thandar (8964287000); Boilève, David Baltar (57219270565); Bergs, Jochen (35749489800); Joosten-Melis, Mieke (57219265365); Schretlen, Stijn (57219264574); Van Acker, Bart (57219268700)","56559224800; 36100028500; 57204151458; 7201834671; 14037272400; 55834617200; 14822120300; 56007915000; 56347504900; 56441154100; 36603094000; 8535281700; 7003650333; 8964287000; 57219270565; 35749489800; 57219265365; 57219264574; 57219268700","Recommendations for enhancing the usability and understandability of process mining in healthcare","2020","Artificial Intelligence in Medicine","109","","101962","","","","41","10.1016/j.artmed.2020.101962","https://www.scopus.com/inward/record.uri?eid=2-s2.0-85091991155&doi=10.1016%2fj.artmed.2020.101962&partnerID=40&md5=9674005df76b08124f461bf146ff3a60","Article","Final","All Open Access; Green Open Access","Scopus","2-s2.0-85091991155"
"Koren I.","Koren, István (55820473400)","55820473400","Music Score Analysis with Process Mining (Extended Abstract)","2022","CEUR Workshop Proceedings","3299","","","123","127","4","0","","https://www.scopus.com/inward/record.uri?eid=2-s2.0-85143891597&partnerID=40&md5=e2bd47b6ed887867e526068ea0cd5a75","Conference paper","Final","","Scopus","2-s2.0-85143891597"
"Dallagassa M.R.; dos Santos Garcia C.; Scalabrin E.E.; Ioshii S.O.; Carvalho D.R.","Dallagassa, Marcelo Rosano (57208618288); dos Santos Garcia, Cleiton (57222004338); Scalabrin, Edson Emilio (6506948841); Ioshii, Sergio Ossamu (6601997686); Carvalho, Deborah Ribeiro (55887138200)","57208618288; 57222004338; 6506948841; 6601997686; 55887138200","Opportunities and challenges for applying process mining in healthcare: a systematic mapping study","2022","Journal of Ambient Intelligence and Humanized Computing","13","1","","165","182","17","14","10.1007/s12652-021-02894-7","https://www.scopus.com/inward/record.uri?eid=2-s2.0-85100927134&doi=10.1007%2fs12652-021-02894-7&partnerID=40&md5=ba0c9854ec522858690f47cd8db6255d","Article","Final","","Scopus","2-s2.0-85100927134"
"Leemans S.J.J.","Leemans, Sander J.J. (55565724400)","55565724400","Leveraging frequencies in event data a pledge for stochastic process mining","2022","CEUR Workshop Proceedings","3167","","","1","8","7","1","","https://www.scopus.com/inward/record.uri?eid=2-s2.0-85134296833&partnerID=40&md5=717fcb2ba315a9407c7966e9b3b8f0da","Conference paper","Final","","Scopus","2-s2.0-85134296833"
"Huo S.; Völzer H.; Reddy P.; Agarwal P.; Isahagian V.; Muthusamy V.","Huo, Siyu (57210644580); Völzer, Hagen (6602919886); Reddy, Prabhat (57217353105); Agarwal, Prerna (57197344961); Isahagian, Vatche (36630445800); Muthusamy, Vinod (7801671473)","57210644580; 6602919886; 57217353105; 57197344961; 36630445800; 7801671473","Graph Autoencoders for Business Process Anomaly Detection","2021","Lecture Notes in Computer Science (including subseries Lecture Notes in Artificial Intelligence and Lecture Notes in Bioinformatics)","12875 LNCS","","","417","433","16","7","10.1007/978-3-030-85469-0_26","https://www.scopus.com/inward/record.uri?eid=2-s2.0-85115152931&doi=10.1007%2f978-3-030-85469-0_26&partnerID=40&md5=63732eb80626069457ee307000189eea","Conference paper","Final","","Scopus","2-s2.0-85115152931"
"Adams J.N.; van Zelst S.J.; Quack L.; Hausmann K.; van der Aalst W.M.P.; Rose T.","Adams, Jan Niklas (57224786213); van Zelst, Sebastiaan J. (35076831500); Quack, Lara (57203461721); Hausmann, Kathrin (57224784867); van der Aalst, Wil M. P. (7007153024); Rose, Thomas (7103365472)","57224786213; 35076831500; 57203461721; 57224784867; 7007153024; 7103365472","A Framework for Explainable Concept Drift Detection in Process Mining","2021","Lecture Notes in Computer Science (including subseries Lecture Notes in Artificial Intelligence and Lecture Notes in Bioinformatics)","12875 LNCS","","","400","416","16","14","10.1007/978-3-030-85469-0_25","https://www.scopus.com/inward/record.uri?eid=2-s2.0-85115178805&doi=10.1007%2f978-3-030-85469-0_25&partnerID=40&md5=889ba105fbb7f19776ca44fe0568e0f3","Conference paper","Final","All Open Access; Green Open Access","Scopus","2-s2.0-85115178805"
"Sato D.M.V.; Fontana R.M.; Barddal J.P.; Scalabrin E.E.","Sato, Denise Maria Vecino (55314908300); Fontana, Rafaela Mantovani (56285347200); Barddal, Jean Paul (56313344100); Scalabrin, Edson Emilio (6506948841)","55314908300; 56285347200; 56313344100; 6506948841","Interactive Process Drift Detection: A Framework for Visual Analysis of Process Drifts","2021","CEUR Workshop Proceedings","3098","","","41","42","1","0","","https://www.scopus.com/inward/record.uri?eid=2-s2.0-85126567637&partnerID=40&md5=279527957bdbeff294e7ed1d67930359","Conference paper","Final","","Scopus","2-s2.0-85126567637"
"Navarin N.; Cambiaso M.; Burattin A.; Maggi F.M.; Oneto L.; Sperduti A.","Navarin, Nicolò (55337799100); Cambiaso, Matteo (57219554440); Burattin, Andrea (38361002000); Maggi, Fabrizio M. (35318465800); Oneto, Luca (41262130900); Sperduti, Alessandro (7004071191)","55337799100; 57219554440; 38361002000; 35318465800; 41262130900; 7004071191","Towards Online Discovery of Data-Aware Declarative Process Models from Event Streams","2020","Proceedings of the International Joint Conference on Neural Networks","","","9207500","","","","6","10.1109/IJCNN48605.2020.9207500","https://www.scopus.com/inward/record.uri?eid=2-s2.0-85093833236&doi=10.1109%2fIJCNN48605.2020.9207500&partnerID=40&md5=4f94aa1f9bcd1e0823bf292ce1a99d91","Conference paper","Final","All Open Access; Green Open Access","Scopus","2-s2.0-85093833236"
"Neto R.V.; Tavares G.M.; Ceravolo P.; Barbon S., Jr.","Neto, Renato Vertuam (57226081472); Tavares, Gabriel Marques (57200260509); Ceravolo, Paolo (6506416314); Barbon, Sylvio (58510258300)","57226081472; 57200260509; 6506416314; 58510258300","On the use of online clustering for anomaly detection in trace streams","2021","ACM International Conference Proceeding Series","","","3466979","","","","2","10.1145/3466933.3466979","https://www.scopus.com/inward/record.uri?eid=2-s2.0-85110315597&doi=10.1145%2f3466933.3466979&partnerID=40&md5=6e1eb413b884a4a3ada965e01e8ce2b3","Conference paper","Final","","Scopus","2-s2.0-85110315597"
"Budner P.; Wurm B.; Rosenkranz C.; Mendling J.","Budner, Pascal (57204057956); Wurm, Bastian (57202442869); Rosenkranz, Christoph (36060226200); Mendling, Jan (6503908779)","57204057956; 57202442869; 36060226200; 6503908779","Towards Routines Mining - Designing and Implementing the Argos Miner, a Design Science Artifact for Studying Routine Dynamics with Process Mining","2022","Proceedings of the Annual Hawaii International Conference on System Sciences","2022-January","","","6462","6471","9","1","","https://www.scopus.com/inward/record.uri?eid=2-s2.0-85152234330&partnerID=40&md5=1864e4b928a49431d0d17fc1a281f3d8","Conference paper","Final","","Scopus","2-s2.0-85152234330"
"Junior S.B.; Ceravolo P.; Damiani E.; Omori N.J.; Tavares G.M.","Junior, Sylvio Barbon (58510258300); Ceravolo, Paolo (6506416314); Damiani, Ernesto (57195375517); Omori, Nicolas Jashchenko (57210933728); Tavares, Gabriel Marques (57200260509)","58510258300; 6506416314; 57195375517; 57210933728; 57200260509","Anomaly detection on event logs with a scarcity of labels","2020","Proceedings - 2020 2nd International Conference on Process Mining, ICPM 2020","","","9230308","161","168","7","8","10.1109/ICPM49681.2020.00032","https://www.scopus.com/inward/record.uri?eid=2-s2.0-85096519305&doi=10.1109%2fICPM49681.2020.00032&partnerID=40&md5=77b8e1fe64f89be8d7964324d38a1e01","Conference paper","Final","","Scopus","2-s2.0-85096519305"
"","","","19th International Conference on Business Process Management, BPM 2021","2021","Lecture Notes in Computer Science (including subseries Lecture Notes in Artificial Intelligence and Lecture Notes in Bioinformatics)","12875 LNCS","","","","","279","0","","https://www.scopus.com/inward/record.uri?eid=2-s2.0-85115155121&partnerID=40&md5=71dd916c125a50eb53338543a242d85c","Conference review","Final","","Scopus","2-s2.0-85115155121"
"Hu Y.; Baraldi P.; Maio F.D.; Liu J.; Zio E.","Hu, Yang (56399493100); Baraldi, Piero (7101681322); Maio, Francesco Di (57222005936); Liu, Jie (55588480600); Zio, Enrico (7005289082)","56399493100; 7101681322; 57222005936; 55588480600; 7005289082","A method for fault diagnosis in evolving environment using unlabeled data","2021","Proceedings of the Institution of Mechanical Engineers, Part O: Journal of Risk and Reliability","235","1","","33","49","16","3","10.1177/1748006X20946529","https://www.scopus.com/inward/record.uri?eid=2-s2.0-85089286863&doi=10.1177%2f1748006X20946529&partnerID=40&md5=ff7fdf72dd4c657e66dc7d86ed6fbd21","Article","Final","All Open Access; Bronze Open Access","Scopus","2-s2.0-85089286863"
"Han C.; Zhang X.; Jiao H.; Wang M.; Han T.","Han, Cunliang (57642595200); Zhang, Xiaojun (57647775100); Jiao, Huijuan (57647031100); Wang, Min (57647031200); Han, Tiantian (57647031300)","57642595200; 57647775100; 57647031100; 57647031200; 57647031300","A Review on Financial Robot Process Auto-mining Based on Reinforcement Learning","2022","Communications in Computer and Information Science","1560 CCIS","","","471","484","13","1","10.1007/978-981-19-2266-4_36","https://www.scopus.com/inward/record.uri?eid=2-s2.0-85128882289&doi=10.1007%2f978-981-19-2266-4_36&partnerID=40&md5=905c1f8a01358ea4c6c7b9676548c93d","Conference paper","Final","","Scopus","2-s2.0-85128882289"
"Kalenkova A.; Polyvyanyy A.; Rosa M.L.","Kalenkova, Anna (36600541900); Polyvyanyy, Artem (25654203000); Rosa, Marcello La (23397159700)","36600541900; 25654203000; 23397159700","Structural and Behavioral Biases in Process Comparison Using Models and Logs","2021","Lecture Notes in Computer Science (including subseries Lecture Notes in Artificial Intelligence and Lecture Notes in Bioinformatics)","13011 LNCS","","","62","73","11","1","10.1007/978-3-030-89022-3_6","https://www.scopus.com/inward/record.uri?eid=2-s2.0-85118154323&doi=10.1007%2f978-3-030-89022-3_6&partnerID=40&md5=f951c4b0a852a9f1b3106298d3ac920e","Conference paper","Final","All Open Access; Green Open Access","Scopus","2-s2.0-85118154323"
"Lu Y.","Lu, Yang (57222868860)","57222868860","Complex Behaviours Detection and Analysis in Process Mining","2022","CEUR Workshop Proceedings","3139","","","28","36","8","0","","https://www.scopus.com/inward/record.uri?eid=2-s2.0-85130728564&partnerID=40&md5=92025b9a8cbc4c4df781a0a39194b6ea","Conference paper","Final","","Scopus","2-s2.0-85130728564"
"Batyuk A.; Voityshyn V.","Batyuk, Anatoliy (24482887400); Voityshyn, Volodymyr (57191869338)","24482887400; 57191869338","Streaming process discovery method for semi-structured business processes","2020","Proceedings of the 2020 IEEE 3rd International Conference on Data Stream Mining and Processing, DSMP 2020","","","9204201","444","448","4","4","10.1109/DSMP47368.2020.9204201","https://www.scopus.com/inward/record.uri?eid=2-s2.0-85093657796&doi=10.1109%2fDSMP47368.2020.9204201&partnerID=40&md5=5c087d3c7e56008f22f55b8cc5ad83ef","Conference paper","Final","","Scopus","2-s2.0-85093657796"
"Lämmel R.; Kerber A.; Praza L.","Lämmel, Ralf (7004269252); Kerber, Alvin (57219250176); Praza, Liane (57219257157)","7004269252; 57219250176; 57219257157","Understanding what software engineers are working on: The work-item prediction challenge","2020","IEEE International Conference on Program Comprehension","","","","416","424","8","2","10.1145/3387904.3389294","https://www.scopus.com/inward/record.uri?eid=2-s2.0-85091913276&doi=10.1145%2f3387904.3389294&partnerID=40&md5=a49019a0964759313fd6a9561fbf6fbe","Conference paper","Final","","Scopus","2-s2.0-85091913276"
"Márquez-Chamorro A.E.; Nepomuceno-Chamorro I.A.; Resinas M.; Ruiz-Cortés A.","Márquez-Chamorro, Alfonso E. (36612081600); Nepomuceno-Chamorro, Isabel A. (36623117700); Resinas, Manuel (15021461000); Ruiz-Cortés, Antonio (15120180100)","36612081600; 36623117700; 15021461000; 15120180100","Updating Prediction Models for Predictive Process Monitoring","2022","Lecture Notes in Computer Science (including subseries Lecture Notes in Artificial Intelligence and Lecture Notes in Bioinformatics)","13295 LNCS","","","304","318","14","5","10.1007/978-3-031-07472-1_18","https://www.scopus.com/inward/record.uri?eid=2-s2.0-85132772129&doi=10.1007%2f978-3-031-07472-1_18&partnerID=40&md5=95b7a0d765d3ef26e67e34505854c814","Conference paper","Final","","Scopus","2-s2.0-85132772129"
"Bemthuis R.; van Slooten N.; Arachchige J.J.; Piest J.P.S.; Bukhsh F.A.","Bemthuis, Rob (57212143113); van Slooten, Niels (57226525376); Arachchige, Jeewanie Jayasinghe (36623247600); Piest, Jean Paul Sebastian (57212139862); Bukhsh, Faiza Allah (53463101600)","57212143113; 57226525376; 36623247600; 57212139862; 53463101600","A classification of process mining bottleneck analysis techniques for operational support","2021","Proceedings of the 18th International Conference on e-Business, ICE-B 2021","","","","127","135","8","6","10.5220/0010578601270135","https://www.scopus.com/inward/record.uri?eid=2-s2.0-85111835135&doi=10.5220%2f0010578601270135&partnerID=40&md5=b952af9ebab81dcbfd560cc183bc309f","Conference paper","Final","All Open Access; Green Open Access; Hybrid Gold Open Access","Scopus","2-s2.0-85111835135"
"Herbert T.; Mangler J.; Rinderle-Ma S.","Herbert, Tobias (57222483450); Mangler, Juergen (8553318800); Rinderle-Ma, Stefanie (24376814800)","57222483450; 8553318800; 24376814800","Generating Reliable Process Event Streams and Time Series Data Based on Neural Networks","2021","Lecture Notes in Business Information Processing","421","","","81","95","14","2","10.1007/978-3-030-79186-5_6","https://www.scopus.com/inward/record.uri?eid=2-s2.0-85111854700&doi=10.1007%2f978-3-030-79186-5_6&partnerID=40&md5=fa07e3716133ef76f6f8f12f94a632c0","Conference paper","Final","All Open Access; Green Open Access","Scopus","2-s2.0-85111854700"
"De Sousa R.G.; Peres S.M.; Fantinato M.; Reijers H.A.","De Sousa, Rafael Gaspar (57223141536); Peres, Sarajane Marques (8088491100); Fantinato, Marcelo (15019013300); Reijers, Hajo Alexander (6603060277)","57223141536; 8088491100; 15019013300; 6603060277","Concept drift detection and localization in process mining: An integrated and efficient approach enabled by trace clustering","2021","Proceedings of the ACM Symposium on Applied Computing","","","","364","373","9","10","10.1145/3412841.3441918","https://www.scopus.com/inward/record.uri?eid=2-s2.0-85104947463&doi=10.1145%2f3412841.3441918&partnerID=40&md5=39cb9075b62e6188f96b060cd434d5e6","Conference paper","Final","","Scopus","2-s2.0-85104947463"
"Hassani M.; Habets S.","Hassani, Marwan (35177627800); Habets, Stefan (57224742669)","35177627800; 57224742669","Predicting next touch point in a customer journey: A use case in telecommunication","2021","Proceedings - European Council for Modelling and Simulation, ECMS","35","1","","48","54","6","6","","https://www.scopus.com/inward/record.uri?eid=2-s2.0-85108232705&partnerID=40&md5=f48dcc7af4e1fb4674f706b2e13c4f5f","Conference paper","Final","","Scopus","2-s2.0-85108232705"
"Stertz F.; Mangler J.; Scheibel B.; Rinderle-Ma S.","Stertz, Florian (56809444400); Mangler, Juergen (8553318800); Scheibel, Beate (57222584870); Rinderle-Ma, Stefanie (24376814800)","56809444400; 8553318800; 57222584870; 24376814800","Expectations vs. Experiences – Process Mining in Small and Medium Sized Manufacturing Companies","2021","Lecture Notes in Business Information Processing","427 LNBIP","","","195","211","16","9","10.1007/978-3-030-85440-9_12","https://www.scopus.com/inward/record.uri?eid=2-s2.0-85115172136&doi=10.1007%2f978-3-030-85440-9_12&partnerID=40&md5=33cbd1dc4e2962f527b39d131568e474","Conference paper","Final","All Open Access; Green Open Access","Scopus","2-s2.0-85115172136"
"Heinrich B.; Schiller A.; Schön D.; Szubartowicz M.","Heinrich, Bernd (27067696400); Schiller, Alexander (57200513661); Schön, Dominik (57191992848); Szubartowicz, Michael (57200511046)","27067696400; 57200513661; 57191992848; 57200511046","Adapting process models via an automated planning approach","2020","Journal of Decision Systems","29","4","","223","259","36","3","10.1080/12460125.2020.1800976","https://www.scopus.com/inward/record.uri?eid=2-s2.0-85089859462&doi=10.1080%2f12460125.2020.1800976&partnerID=40&md5=9b6488d3563cbb450f75770bec6b9fa5","Article","Final","All Open Access; Green Open Access","Scopus","2-s2.0-85089859462"
"Bakullari B.; Van Der Aalst W.M.P.","Bakullari, Bianka (57238028900); Van Der Aalst, Wil M.P. (7007153024)","57238028900; 7007153024","High-Level Event Mining: A Framework","2022","Proceedings - 2022 4th International Conference on Process Mining, ICPM 2022","","","","136","143","7","1","10.1109/ICPM57379.2022.9980816","https://www.scopus.com/inward/record.uri?eid=2-s2.0-85145778595&doi=10.1109%2fICPM57379.2022.9980816&partnerID=40&md5=329766ed3f4f62b5e33ae1e8604dd891","Conference paper","Final","All Open Access; Green Open Access","Scopus","2-s2.0-85145778595"
"Valdés J.J.; Céspedes-González Y.; Pou A.","Valdés, Julio J. (7103075496); Céspedes-González, Yaimara (57207797408); Pou, Antonio (7005145193)","7103075496; 57207797408; 7005145193","Process Mining as a Time Series Analysis Tool via Conformance Checking","2022","Lecture Notes in Networks and Systems","358 LNNS","","","636","649","13","0","10.1007/978-3-030-89906-6_42","https://www.scopus.com/inward/record.uri?eid=2-s2.0-85118999734&doi=10.1007%2f978-3-030-89906-6_42&partnerID=40&md5=f273ef1421de9cebd06e5bd86d086e37","Conference paper","Final","","Scopus","2-s2.0-85118999734"
"Yu H.; Cai H.-M.; Zhang Y.-F.; Jiang L.-H.","Yu, Han (57193401486); Cai, Hong-Ming (8947292100); Zhang, Yi-Fei (58406845600); Jiang, Li-Hong (35790172300)","57193401486; 8947292100; 58406845600; 35790172300","An Approach to Constructing Adaptive Crowd Groups Based on Incremental Stream Processing; [基于增量式流处理的自适应群体划分方法]","2020","Jisuanji Xuebao/Chinese Journal of Computers","43","12","","2337","2351","14","1","10.11897/SP.J.1016.2020.02337","https://www.scopus.com/inward/record.uri?eid=2-s2.0-85097845044&doi=10.11897%2fSP.J.1016.2020.02337&partnerID=40&md5=527c19c59cde11bb2b8e3513877ae8a6","Article","Final","","Scopus","2-s2.0-85097845044"
"Alqaheri H.; Panda M.","Alqaheri, Hameed (57202387986); Panda, Mrutyunjaya (24829805900)","57202387986; 24829805900","An Education Process Mining Framework: Unveiling Meaningful Information for Understanding Students’ Learning Behavior and Improving Teaching Quality","2022","Information (Switzerland)","13","1","29","","","","12","10.3390/info13010029","https://www.scopus.com/inward/record.uri?eid=2-s2.0-85122528443&doi=10.3390%2finfo13010029&partnerID=40&md5=8f724bde58e6656f53933ba106178fb8","Article","Final","All Open Access; Gold Open Access","Scopus","2-s2.0-85122528443"
"Yaeli A.; Shlomov S.; Oved A.; Zeltyn S.; Mashkif N.","Yaeli, Avi (35079720000); Shlomov, Segev (57207858588); Oved, Alon (57906949600); Zeltyn, Sergey (56000042400); Mashkif, Nir (35302592000)","35079720000; 57207858588; 57906949600; 56000042400; 35302592000","Recommending Next Best Skill in Conversational Robotic Process Automation","2022","Lecture Notes in Business Information Processing","459 LNBIP","","","215","230","15","0","10.1007/978-3-031-16168-1_14","https://www.scopus.com/inward/record.uri?eid=2-s2.0-85138818128&doi=10.1007%2f978-3-031-16168-1_14&partnerID=40&md5=774b972d19611e3fe413fabe825a5ff5","Conference paper","Final","","Scopus","2-s2.0-85138818128"
"Yaghoubi M.; Nazari M.","Yaghoubi, Mehdi (57222754827); Nazari, Mohammad (57537946300)","57222754827; 57537946300","An efficient drift detection approach using data entropy in business processes","2021","Proceedings of 5th National Conference on Advances in Enterprise Architecture, NCAEA 2021","","","","17","22","5","0","10.1109/NCAEA54556.2021.9690508","https://www.scopus.com/inward/record.uri?eid=2-s2.0-85126678278&doi=10.1109%2fNCAEA54556.2021.9690508&partnerID=40&md5=d0fd937045155585ea1e9395366a92db","Conference paper","Final","","Scopus","2-s2.0-85126678278"
"Pauwels S.; Calders T.","Pauwels, Stephen (57208746979); Calders, Toon (57210440038)","57208746979; 57210440038","Incremental Predictive Process Monitoring: The Next Activity Case","2021","Lecture Notes in Computer Science (including subseries Lecture Notes in Artificial Intelligence and Lecture Notes in Bioinformatics)","12875 LNCS","","","123","140","17","10","10.1007/978-3-030-85469-0_10","https://www.scopus.com/inward/record.uri?eid=2-s2.0-85115193508&doi=10.1007%2f978-3-030-85469-0_10&partnerID=40&md5=ed95a989de801a5dbbb6749b2d83ddc3","Conference paper","Final","","Scopus","2-s2.0-85115193508"
"Jiang C.; Yu W.","Jiang, Changjun (7403665248); Yu, Wangyang (55657477200)","7403665248; 55657477200","Risk Control Theory of Online Transactions","2021","Risk Control Theory of Online Transactions","","","","1","244","243","0","10.1142/12393","https://www.scopus.com/inward/record.uri?eid=2-s2.0-85174107542&doi=10.1142%2f12393&partnerID=40&md5=3eaff018234e673900ccbfb335dc66af","Book","Final","","Scopus","2-s2.0-85174107542"
"Burattin A.","Burattin, Andrea (38361002000)","38361002000","Streaming Process Mining","2022","Lecture Notes in Business Information Processing","448","","","349","372","23","9","10.1007/978-3-031-08848-3_11","https://www.scopus.com/inward/record.uri?eid=2-s2.0-85133182066&doi=10.1007%2f978-3-031-08848-3_11&partnerID=40&md5=9ac69cf362b05ccc79c747fdef4838f1","Book chapter","Final","All Open Access; Green Open Access; Hybrid Gold Open Access","Scopus","2-s2.0-85133182066"
"Barbon Junior S.; Ceravolo P.; Damiani E.; Marques Tavares G.","Barbon Junior, Sylvio (58510258300); Ceravolo, Paolo (6506416314); Damiani, Ernesto (57195375517); Marques Tavares, Gabriel (57200260509)","58510258300; 6506416314; 57195375517; 57200260509","Evaluating Trace Encoding Methods in Process Mining","2021","Lecture Notes in Computer Science (including subseries Lecture Notes in Artificial Intelligence and Lecture Notes in Bioinformatics)","12611 LNCS","","","174","189","15","11","10.1007/978-3-030-70650-0_11","https://www.scopus.com/inward/record.uri?eid=2-s2.0-85103566250&doi=10.1007%2f978-3-030-70650-0_11&partnerID=40&md5=9df6c894db4f7b4eb6b0b4bb6fe961ef","Conference paper","Final","All Open Access; Green Open Access","Scopus","2-s2.0-85103566250"
"Richter F.; Maldonado A.; Zellner L.; Seidl T.","Richter, Florian (57189055877); Maldonado, Andrea (57224317404); Zellner, Ludwig (57190943690); Seidl, Thomas (7003963258)","57189055877; 57224317404; 57190943690; 7003963258","OTOSO: Online Trace Ordering for Structural Overviews","2021","Lecture Notes in Business Information Processing","406 LNBIP","","","218","229","11","4","10.1007/978-3-030-72693-5_17","https://www.scopus.com/inward/record.uri?eid=2-s2.0-85107369546&doi=10.1007%2f978-3-030-72693-5_17&partnerID=40&md5=9df6fd457c04e2d7235e33c901a146ab","Conference paper","Final","","Scopus","2-s2.0-85107369546"
"Fazzinga B.; Folino F.; Furfaro F.; Pontieri L.","Fazzinga, Bettina (15131404100); Folino, Francesco (23666966800); Furfaro, Filippo (6507420924); Pontieri, Luigi (6602455538)","15131404100; 23666966800; 6507420924; 6602455538","An ensemble-based approach to the security-oriented classification of low-level log traces","2020","Expert Systems with Applications","153","","113386","","","","10","10.1016/j.eswa.2020.113386","https://www.scopus.com/inward/record.uri?eid=2-s2.0-85083000103&doi=10.1016%2fj.eswa.2020.113386&partnerID=40&md5=cb2b27060d46d8f21bdcba2a08769cac","Article","Final","","Scopus","2-s2.0-85083000103"
"Fang N.; Fang X.; Lu K.; Asare E.","Fang, Na (57217994267); Fang, Xianwen (22634361300); Lu, Ke (57226181065); Asare, Esther (57218566558)","57217994267; 22634361300; 57226181065; 57218566558","Online Incremental Mining Based on Trusted Behavior Interval","2021","IEEE Access","9","","","158562","158573","11","2","10.1109/ACCESS.2021.3130758","https://www.scopus.com/inward/record.uri?eid=2-s2.0-85120549887&doi=10.1109%2fACCESS.2021.3130758&partnerID=40&md5=516c64ad187d3dede766d372297ebaab","Article","Final","All Open Access; Gold Open Access","Scopus","2-s2.0-85120549887"
"Neubauer T.R.; Pamponet Sobrinho G.; Fantinato M.; Peres S.M.","Neubauer, Thais Rodrigues (57219363419); Pamponet Sobrinho, Glaucia (57468512200); Fantinato, Marcelo (15019013300); Peres, Sarajane Marques (8088491100)","57219363419; 57468512200; 15019013300; 8088491100","Visualization for enabling human-in-the-loop in trace clustering-based process mining tasks","2021","Proceedings - 2021 IEEE International Conference on Big Data, Big Data 2021","","","","3548","3556","8","4","10.1109/BigData52589.2021.9671985","https://www.scopus.com/inward/record.uri?eid=2-s2.0-85125304384&doi=10.1109%2fBigData52589.2021.9671985&partnerID=40&md5=3e1b5ce00e3b11c4ee7824e8f714a66d","Conference paper","Final","","Scopus","2-s2.0-85125304384"
"Song Y.; Zhang G.; Lu H.; Lu J.","Song, Yiliao (56625365500); Zhang, Guangquan (7405270696); Lu, Haiyan (7404842588); Lu, Jie (7601559842)","56625365500; 7405270696; 7404842588; 7601559842","A fuzzy drift correlation matrix for multiple data stream regression","2020","IEEE International Conference on Fuzzy Systems","2020-July","","9177566","","","","9","10.1109/FUZZ48607.2020.9177566","https://www.scopus.com/inward/record.uri?eid=2-s2.0-85090496353&doi=10.1109%2fFUZZ48607.2020.9177566&partnerID=40&md5=617a7c493a9e5833132b73291e06a829","Conference paper","Final","All Open Access; Green Open Access","Scopus","2-s2.0-85090496353"
"Misra S.; Saha S.K.; Mazumdar C.","Misra, Sumit (56024335200); Saha, Sanjoy Kumar (12788251400); Mazumdar, Chandan (57212855541)","56024335200; 12788251400; 57212855541","A survey on data stream analytics","2021","Handbook of Big Data Analytics: Methodologies","","","","175","208","33","0","","https://www.scopus.com/inward/record.uri?eid=2-s2.0-85125981229&partnerID=40&md5=f96447f2a3ad5df91eaa5df103bf65f2","Book chapter","Final","","Scopus","2-s2.0-85125981229"
"Awad A.; Weidlich M.; Sakr S.","Awad, Ahmed (57189881011); Weidlich, Matthias (24470520000); Sakr, Sherif (25031688900)","57189881011; 24470520000; 25031688900","Process mining over unordered event streams","2020","Proceedings - 2020 2nd International Conference on Process Mining, ICPM 2020","","","9230157","81","88","7","14","10.1109/ICPM49681.2020.00022","https://www.scopus.com/inward/record.uri?eid=2-s2.0-85096605606&doi=10.1109%2fICPM49681.2020.00022&partnerID=40&md5=bdccda820c26f2a32a5d77cf7ac95942","Conference paper","Final","","Scopus","2-s2.0-85096605606"
"Baier L.; Schöffer J.; Kühl N.","Baier, Lucas (57201880101); Schöffer, Jakob (57221341541); Kühl, Niklas (57196220660)","57201880101; 57221341541; 57196220660","Utilizing adaptive AI-based information systems to analyze the effectiveness of policy measures in the fight of COVID-19","2021","International Conference on Information Systems, ICIS 2020 - Making Digital Inclusive: Blending the Local and the Global","","","","","","","0","","https://www.scopus.com/inward/record.uri?eid=2-s2.0-85103453494&partnerID=40&md5=af03c1b28c2a299c3190b67ae2dda73c","Conference paper","Final","","Scopus","2-s2.0-85103453494"
"Lee S.; Comuzzi M.; Lu X.","Lee, Suhwan (57208494217); Comuzzi, Marco (23007964200); Lu, Xixi (56597133700)","57208494217; 23007964200; 56597133700","Continuous Performance Evaluation for Business Process Outcome Monitoring","2022","Lecture Notes in Business Information Processing","433 LNBIP","","","237","249","12","2","10.1007/978-3-030-98581-3_18","https://www.scopus.com/inward/record.uri?eid=2-s2.0-85127645536&doi=10.1007%2f978-3-030-98581-3_18&partnerID=40&md5=1e6485c1feee9f253b2cb3dbea3cf1b2","Conference paper","Final","All Open Access; Green Open Access; Hybrid Gold Open Access","Scopus","2-s2.0-85127645536"
"Welz L.; Beckmann H.","Welz, Laslo (57925845000); Beckmann, Helmut (56128714500)","57925845000; 56128714500","Application of machine learning in data-driven process analysis: A state-of-the-art literature analysis; [Anwendung von Machine Learning bei der datengetriebenen Prozessanalyse: Eine State-of-the-Art Literaturanalyse]","2022","Lecture Notes in Informatics (LNI), Proceedings - Series of the Gesellschaft fur Informatik (GI)","P-326","","","259","270","11","0","10.18420/inf2022_24","https://www.scopus.com/inward/record.uri?eid=2-s2.0-85139760339&doi=10.18420%2finf2022_24&partnerID=40&md5=9e4132ae56cb517869c52a18b3c69d10","Conference paper","Final","","Scopus","2-s2.0-85139760339"
"Fang N.; Fang X.; Lu K.","Fang, Na (57217994267); Fang, Xianwen (22634361300); Lu, Ke (57226181065)","57217994267; 22634361300; 57226181065","Online incremental updating for model enhancement based on multi-perspective trusted intervals","2022","Connection Science","34","1","","1956","1980","24","1","10.1080/09540091.2022.2088696","https://www.scopus.com/inward/record.uri?eid=2-s2.0-85132974479&doi=10.1080%2f09540091.2022.2088696&partnerID=40&md5=d92a5c91c8d5c2c6f54ceffde58b0fd8","Article","Final","All Open Access; Gold Open Access","Scopus","2-s2.0-85132974479"
"Chiò E.; Alfieri A.; Pastore E.","Chiò, Edoardo (57223913731); Alfieri, Arianna (7006097969); Pastore, Erica (55363748200)","57223913731; 7006097969; 55363748200","Change-point visualization and variation analysis in a simple production line: A process mining application in manufacturing","2021","Procedia CIRP","99","","","573","579","6","4","10.1016/j.procir.2021.03.122","https://www.scopus.com/inward/record.uri?eid=2-s2.0-85106403720&doi=10.1016%2fj.procir.2021.03.122&partnerID=40&md5=01aa318b4c65b890d21db3139e6e2adf","Conference paper","Final","All Open Access; Gold Open Access; Green Open Access","Scopus","2-s2.0-85106403720"
"Tavares G.M.; Junior S.B.; Damiani E.","Tavares, Gabriel Marques (57200260509); Junior, Sylvio Barbon (58510258300); Damiani, Ernesto (57195375517)","57200260509; 58510258300; 57195375517","Automating Process Discovery Through Meta-learning","2022","Lecture Notes in Computer Science (including subseries Lecture Notes in Artificial Intelligence and Lecture Notes in Bioinformatics)","13591 LNCS","","","205","222","17","5","10.1007/978-3-031-17834-4_12","https://www.scopus.com/inward/record.uri?eid=2-s2.0-85140476956&doi=10.1007%2f978-3-031-17834-4_12&partnerID=40&md5=3a51a5fa22e83ad3ef1b28330b3fd4dc","Conference paper","Final","","Scopus","2-s2.0-85140476956"
"Rico P.; Cuadrado F.; Dueñas J.C.","Rico, Pedro (57295504300); Cuadrado, Félix (23008194000); Dueñas, Juan C. (7003501614)","57295504300; 23008194000; 7003501614","Online Model Generation for Scalable Predictive Process Monitoring","2021","Proceedings - 2021 International Young Engineers Forum in Electrical and Computer Engineering, YEF-ECE 2021","","","","7","12","5","0","10.1109/YEF-ECE52297.2021.9505122","https://www.scopus.com/inward/record.uri?eid=2-s2.0-85125672482&doi=10.1109%2fYEF-ECE52297.2021.9505122&partnerID=40&md5=88a631b99cb054cb52cdfad5f3024bef","Conference paper","Final","","Scopus","2-s2.0-85125672482"
"Rico P.; Cuadrado F.; Duenas J.C.; Andion J.; Parada G. H.A.","Rico, Pedro (57295504300); Cuadrado, Felix (23008194000); Duenas, Juan C. (7003501614); Andion, Javier (57204541264); Parada G., Hugo A. (23009760700)","57295504300; 23008194000; 7003501614; 57204541264; 23009760700","Business Process Event Prediction through Scalable Online Learning","2021","IEEE Access","9","","","136313","136333","20","1","10.1109/ACCESS.2021.3117147","https://www.scopus.com/inward/record.uri?eid=2-s2.0-85117053650&doi=10.1109%2fACCESS.2021.3117147&partnerID=40&md5=9a7f621324daa71ad375a1082d09d640","Article","Final","All Open Access; Gold Open Access","Scopus","2-s2.0-85117053650"
"Lin L.; Yang L.; Wen L.; Zhou H.; Wang J.","Lin, Leilei (56525698800); Yang, Liang (57197773780); Wen, Lijie (14030649200); Zhou, Hua (55574209301); Wang, Jianming (57217998434)","56525698800; 57197773780; 14030649200; 55574209301; 57217998434","Evaluation method for log partition without ground truthbased oninformation entropy; [基于信息熵的无标日志划分评价方法]","2020","Jisuanji Jicheng Zhizao Xitong/Computer Integrated Manufacturing Systems, CIMS","26","6","","1483","1491","8","0","10.13196/j.cims.2020.06.005","https://www.scopus.com/inward/record.uri?eid=2-s2.0-85087830089&doi=10.13196%2fj.cims.2020.06.005&partnerID=40&md5=14cd5eccee69ab5b096da6fd32a5dcd2","Article","Final","","Scopus","2-s2.0-85087830089"
"Garcia C.D.S.; Meincheim A.; Faria Junior E.R.; Dallagassa M.R.; Sato D.M.V.; Carvalho D.R.; Santos E.A.P.; Scalabrin E.E.","Garcia, Cleiton dos Santos (55605911200); Meincheim, Alex (57202464753); Faria Junior, Elio Ribeiro (57204686832); Dallagassa, Marcelo Rosano (57208618288); Sato, Denise Maria Vecino (55314908300); Carvalho, Deborah Ribeiro (55887138200); Santos, Eduardo Alves Portela (57217500301); Scalabrin, Edson Emilio (6506948841)","55605911200; 57202464753; 57204686832; 57208618288; 55314908300; 55887138200; 57217500301; 6506948841","Process mining techniques and applications – A systematic mapping study","2019","Expert Systems with Applications","133","","","260","295","35","209","10.1016/j.eswa.2019.05.003","https://www.scopus.com/inward/record.uri?eid=2-s2.0-85065903366&doi=10.1016%2fj.eswa.2019.05.003&partnerID=40&md5=3cb4f6b9f095d847107d41b06e452d71","Review","Final","","Scopus","2-s2.0-85065903366"
"Pentland B.T.; Liu P.; Kremser W.; Hærem T.","Pentland, Brian T. (7005204890); Liu, Peng (57199213199); Kremser, Waldemar (37661840000); Hærem, Thorvald (22034234800)","7005204890; 57199213199; 37661840000; 22034234800","The dynamics of drift in digitized processes","2020","MIS Quarterly: Management Information Systems","44","1","","19","47","28","48","10.25300/MISQ/2020/14458","https://www.scopus.com/inward/record.uri?eid=2-s2.0-85088473715&doi=10.25300%2fMISQ%2f2020%2f14458&partnerID=40&md5=6661e6a625ae234471f3c6f272d9d7a8","Article","Final","","Scopus","2-s2.0-85088473715"
"Yeshchenko A.; Mendling J.; Di Ciccio C.; Polyvyanyy A.","Yeshchenko, Anton (57204500692); Mendling, Jan (6503908779); Di Ciccio, Claudio (35193494400); Polyvyanyy, Artem (25654203000)","57204500692; 6503908779; 35193494400; 25654203000","VDD: A visual drift detection system for process mining","2020","CEUR Workshop Proceedings","2703","","","31","34","3","6","","https://www.scopus.com/inward/record.uri?eid=2-s2.0-85094821772&partnerID=40&md5=d55d032dc4580d0ffba4d3e0f021fe7e","Conference paper","Final","","Scopus","2-s2.0-85094821772"
"Rizzi W.; Simonetto L.; Di Francescomarino C.; Ghidini C.; Kasekamp T.; Maggi F.M.","Rizzi, Williams (56809365800); Simonetto, Luca (57200698828); Di Francescomarino, Chiara (25928227700); Ghidini, Chiara (6701842843); Kasekamp, Tonis (57210588094); Maggi, Fabrizio Maria (35318465800)","56809365800; 57200698828; 25928227700; 6701842843; 57210588094; 35318465800","Nirdizati 2.0: New features andredesigned backend","2019","CEUR Workshop Proceedings","2420","","","","","","4","","https://www.scopus.com/inward/record.uri?eid=2-s2.0-85070989766&partnerID=40&md5=cd5e3995058173567c7e4123f68ee398","Conference paper","Final","","Scopus","2-s2.0-85070989766"
"","","","Confederated International Conferences: Cooperative Information Systems, CoopIS 2018, Ontologies, Databases, and Applications of Semantics, ODBASE 2018, and Cloud and Trusted Computing, C and TC, held as part of OTM 2018","2018","Lecture Notes in Computer Science (including subseries Lecture Notes in Artificial Intelligence and Lecture Notes in Bioinformatics)","11230 LNCS","","","","","1280","0","","https://www.scopus.com/inward/record.uri?eid=2-s2.0-85055926480&partnerID=40&md5=76f3cadddde6fecc88d4a4c26424c3c1","Conference review","Final","","Scopus","2-s2.0-85055926480"
"Lin L.; Wen L.; Zhou H.; Pei J.; Dai F.; Zheng C.","Lin, Leilei (56525698800); Wen, Lijie (14030649200); Zhou, Hua (55574209301); Pei, Jisheng (56383410400); Dai, Fei (55434920100); Zheng, Canbin (57196329195)","56525698800; 14030649200; 55574209301; 56383410400; 55434920100; 57196329195","Process concept drift detection approach based on log completeness; [基于日志完备性的过程漂移检测方法]","2019","Jisuanji Jicheng Zhizao Xitong/Computer Integrated Manufacturing Systems, CIMS","25","4","","873","881","8","3","10.13196/j.cims.2019.04.009","https://www.scopus.com/inward/record.uri?eid=2-s2.0-85070689345&doi=10.13196%2fj.cims.2019.04.009&partnerID=40&md5=1d8db68ca756a29da228c554b8a809c2","Article","Final","","Scopus","2-s2.0-85070689345"
"Lehto T.; Hinkka M.; Hollmén J.","Lehto, Teemu (57189311658); Hinkka, Markku (57189300689); Hollmén, Jaakko (6602726263)","57189311658; 57189300689; 6602726263","Analyzing business process changes using influence analysis","2018","CEUR Workshop Proceedings","2270","","","32","46","14","1","","https://www.scopus.com/inward/record.uri?eid=2-s2.0-85058821100&partnerID=40&md5=95ba3774378d87dfbf34adda415a7740","Conference paper","Final","","Scopus","2-s2.0-85058821100"
"Impedovo A.; Mignone P.; Loglisci C.; Ceci M.","Impedovo, Angelo (57195062284); Mignone, Paolo (56712994200); Loglisci, Corrado (8883315400); Ceci, Michelangelo (6701472018)","57195062284; 56712994200; 8883315400; 6701472018","Simultaneous Process Drift Detection and Characterization with Pattern-Based Change Detectors","2020","Lecture Notes in Computer Science (including subseries Lecture Notes in Artificial Intelligence and Lecture Notes in Bioinformatics)","12323 LNAI","","","451","467","16","8","10.1007/978-3-030-61527-7_30","https://www.scopus.com/inward/record.uri?eid=2-s2.0-85094104822&doi=10.1007%2f978-3-030-61527-7_30&partnerID=40&md5=a5c93fe59fea95fd00d0e95f3fd1a685","Conference paper","Final","","Scopus","2-s2.0-85094104822"
"Yürek I.; Birant D.; Birant K.U.","Yürek, Ismail (57198435741); Birant, Derya (6508164583); Birant, Kökten Ulas (57190115006)","57198435741; 6508164583; 57190115006","Interactive process miner: a new approach for process mining","2018","Turkish Journal of Electrical Engineering and Computer Sciences","26","3","","1314","1328","14","6","10.3906/elk-1708-112","https://www.scopus.com/inward/record.uri?eid=2-s2.0-85048240054&doi=10.3906%2felk-1708-112&partnerID=40&md5=3f75bcb3e97b829114f508ed0c08fb65","Article","Final","All Open Access; Bronze Open Access","Scopus","2-s2.0-85048240054"
"Hanga K.M.; Kovalchuk Y.; Gaber M.M.","Hanga, Khadijah Muzzammil (57212017493); Kovalchuk, Yevgeniya (26534433200); Gaber, Mohamed Medhat (8927664800)","57212017493; 26534433200; 8927664800","A graph-based approach to interpreting recurrent neural networks in process mining","2020","IEEE Access","8","","","172923","172938","15","10","10.1109/ACCESS.2020.3025999","https://www.scopus.com/inward/record.uri?eid=2-s2.0-85102757960&doi=10.1109%2fACCESS.2020.3025999&partnerID=40&md5=14c1a346294299513ca9f8ddcd36d328","Article","Final","All Open Access; Gold Open Access; Green Open Access","Scopus","2-s2.0-85102757960"
"Zaman R.; Hassani M.; van Dongen B.F.","Zaman, Rashid (57210883741); Hassani, Marwan (35177627800); van Dongen, Boudewijn F. (6602091082)","57210883741; 35177627800; 6602091082","Data Minimisation as Privacy and Trust Instrument in Business Processes","2020","Lecture Notes in Business Information Processing","397","","","17","29","12","0","10.1007/978-3-030-66498-5_2","https://www.scopus.com/inward/record.uri?eid=2-s2.0-85101303265&doi=10.1007%2f978-3-030-66498-5_2&partnerID=40&md5=f588828758194510c9619236b45f5917","Conference paper","Final","","Scopus","2-s2.0-85101303265"
"Leno V.; Armas-Cervantes A.; Dumas M.; La Rosa M.; Maggi F.M.","Leno, Volodymyr (57202443496); Armas-Cervantes, Abel (54580539300); Dumas, Marlon (7201354798); La Rosa, Marcello (23397159700); Maggi, Fabrizio M. (35318465800)","57202443496; 54580539300; 7201354798; 23397159700; 35318465800","Discovering process maps from event streams","2018","ACM International Conference Proceeding Series","","","","86","95","9","14","10.1145/3202710.3203154","https://www.scopus.com/inward/record.uri?eid=2-s2.0-85048373149&doi=10.1145%2f3202710.3203154&partnerID=40&md5=1ee0d46fc5a94e3c2a20c22930d7d3e1","Conference paper","Final","All Open Access; Green Open Access","Scopus","2-s2.0-85048373149"
"Di Francescomarino C.; Ghidini C.; Maggi F.M.; Milani F.","Di Francescomarino, Chiara (25928227700); Ghidini, Chiara (6701842843); Maggi, Fabrizio Maria (35318465800); Milani, Fredrik (55320178900)","25928227700; 6701842843; 35318465800; 55320178900","Predictive Process Monitoring Methods: Which One Suits Me Best?","2018","Lecture Notes in Computer Science (including subseries Lecture Notes in Artificial Intelligence and Lecture Notes in Bioinformatics)","11080 LNCS","","","462","479","17","101","10.1007/978-3-319-98648-7_27","https://www.scopus.com/inward/record.uri?eid=2-s2.0-85053635949&doi=10.1007%2f978-3-319-98648-7_27&partnerID=40&md5=4e46ce1f952ac5458342f7f9ebefea4c","Conference paper","Final","All Open Access; Green Open Access","Scopus","2-s2.0-85053635949"
"Gross S.; Yeshchenko A.; Djurica D.; Mendling J.","Gross, Steven (57202442843); Yeshchenko, Anton (57204500692); Djurica, Djordje (57202456673); Mendling, Jan (6503908779)","57202442843; 57204500692; 57202456673; 6503908779","Process mining supported process redesign: Matching problems with solutions","2020","CEUR Workshop Proceedings","2793","","","24","33","9","4","","https://www.scopus.com/inward/record.uri?eid=2-s2.0-85098912900&partnerID=40&md5=6b09dd7e08738b951191e9766bd46962","Conference paper","Final","","Scopus","2-s2.0-85098912900"
"Arostegi M.; Torre-Bastida A.I.; Lobo J.L.; Bilbao M.N.; Del Ser J.","Arostegi, Maria (57200276401); Torre-Bastida, Ana I. (55872031600); Lobo, Jesus L. (56556150800); Bilbao, Miren Nekane (37039201600); Del Ser, Javier (9737598300)","57200276401; 55872031600; 56556150800; 37039201600; 9737598300","Concept tracking and adaptation for drifting data streams under extreme verification latency","2018","Studies in Computational Intelligence","798","","","11","25","14","2","10.1007/978-3-319-99626-4_2","https://www.scopus.com/inward/record.uri?eid=2-s2.0-85053462195&doi=10.1007%2f978-3-319-99626-4_2&partnerID=40&md5=9f2ed21b8e6bdb7241b01d3a6ed72376","Book chapter","Final","","Scopus","2-s2.0-85053462195"
"El-Gharib N.M.; Amyot D.","El-Gharib, Najah Mary (57215333566); Amyot, Daniel (6602186776)","57215333566; 6602186776","Process mining for cloud-based applications: A systematic literature review","2019","Proceedings - 2019 IEEE 27th International Requirements Engineering Conference Workshops, REW 2019","","","8933636","34","43","9","8","10.1109/REW.2019.00012","https://www.scopus.com/inward/record.uri?eid=2-s2.0-85078042075&doi=10.1109%2fREW.2019.00012&partnerID=40&md5=21235ae7197337076f414b1ce0831e0a","Conference paper","Final","","Scopus","2-s2.0-85078042075"
"Singh V.K.; Verma S.; Kumar M.","Singh, Vivek Kumar (57201511309); Verma, Shekhar (55807466700); Kumar, Manish (57222391873)","57201511309; 55807466700; 57222391873","Stream Processing with Concept Drift for Event Identification in Sensors Enabled IoT Environment","2019","IEEE Sensors Journal","19","24","8815833","12187","12195","8","3","10.1109/JSEN.2019.2937911","https://www.scopus.com/inward/record.uri?eid=2-s2.0-85076358238&doi=10.1109%2fJSEN.2019.2937911&partnerID=40&md5=ee46ee73a8b05f257e36c4e84f7bab3c","Article","Final","","Scopus","2-s2.0-85076358238"
"Nikhilsai; Sanjay; Jancy S.","Nikhilsai (57211286996); Sanjay (57211292638); Jancy, S. (56638499100)","57211286996; 57211292638; 56638499100","Discovering unpredictable changes in business process","2019","Journal of Computational and Theoretical Nanoscience","16","8","","3228","3231","3","5","10.1166/jctn.2019.8167","https://www.scopus.com/inward/record.uri?eid=2-s2.0-85073320963&doi=10.1166%2fjctn.2019.8167&partnerID=40&md5=bb089a0175cc897943e794aba95fcf05","Article","Final","","Scopus","2-s2.0-85073320963"
"Coltellese S.; Maria Maggi F.; Marrella A.; Massarelli L.; Querzoni L.","Coltellese, Simone (57213597408); Maria Maggi, Fabrizio (35318465800); Marrella, Andrea (23569686800); Massarelli, Luca (57203191452); Querzoni, Leonardo (6504012404)","57213597408; 35318465800; 23569686800; 57203191452; 6504012404","Triage of IoT attacks through process mining","2019","Lecture Notes in Computer Science (including subseries Lecture Notes in Artificial Intelligence and Lecture Notes in Bioinformatics)","11877 LNCS","","","326","344","18","9","10.1007/978-3-030-33246-4_22","https://www.scopus.com/inward/record.uri?eid=2-s2.0-85077849557&doi=10.1007%2f978-3-030-33246-4_22&partnerID=40&md5=954146a2d7693e1be5f2f459da0d4f88","Conference paper","Final","All Open Access; Green Open Access","Scopus","2-s2.0-85077849557"
"Omori N.J.; Tavares G.M.; Ceravolo P.; Barbon S.","Omori, Nicolas Jashchenko (57210933728); Tavares, Gabriel Marques (57200260509); Ceravolo, Paolo (6506416314); Barbon, Sylvio (58510258300)","57210933728; 57200260509; 6506416314; 58510258300","Comparing concept drift detection with process mining tools","2019","ACM International Conference Proceeding Series","","","0031","","","","0","10.1145/3330204.3330240","https://www.scopus.com/inward/record.uri?eid=2-s2.0-85071954867&doi=10.1145%2f3330204.3330240&partnerID=40&md5=4b970443881c01ed53f224ed2216dda8","Conference paper","Final","","Scopus","2-s2.0-85071954867"
"Knols B.; Van Der Werf J.M.E.M.","Knols, Bram (57205151787); Van Der Werf, Jan Martijn E. M. (56405278900)","57205151787; 56405278900","Measuring the behavioral quality of log sampling","2019","Proceedings - 2019 International Conference on Process Mining, ICPM 2019","","","8786070","97","104","7","11","10.1109/ICPM.2019.00024","https://www.scopus.com/inward/record.uri?eid=2-s2.0-85071192472&doi=10.1109%2fICPM.2019.00024&partnerID=40&md5=595db07195614fece20f8b73eccb7686","Conference paper","Final","","Scopus","2-s2.0-85071192472"
"Metzger A.; Kley T.; Palm A.","Metzger, Andreas (15119826600); Kley, Tristan (57219108675); Palm, Alexander (57193737993)","15119826600; 57219108675; 57193737993","Triggering proactive business process adaptations via online reinforcement learning","2020","Lecture Notes in Computer Science (including subseries Lecture Notes in Artificial Intelligence and Lecture Notes in Bioinformatics)","12168 LNCS","","","273","290","17","20","10.1007/978-3-030-58666-9_16","https://www.scopus.com/inward/record.uri?eid=2-s2.0-85091287982&doi=10.1007%2f978-3-030-58666-9_16&partnerID=40&md5=fa1daece10b1f78fdb4131027b5045d9","Conference paper","Final","","Scopus","2-s2.0-85091287982"
"Van Houdt G.","Van Houdt, Greg (57209773919)","57209773919","Mining behavioural patterns from event data to enable context-aware root cause analysis (Extended abstract)","2020","CEUR Workshop Proceedings","2703","","","9","10","1","0","","https://www.scopus.com/inward/record.uri?eid=2-s2.0-85094856194&partnerID=40&md5=4e98513031f81dc06cd77ac9569a4a63","Conference paper","Final","","Scopus","2-s2.0-85094856194"
"Zheng C.; Wu X.; Wen L.; Wang J.","Zheng, Canbin (57196329195); Wu, Xuan (57210430606); Wen, Lijie (14030649200); Wang, Jianmin (16306106100)","57196329195; 57210430606; 14030649200; 16306106100","Detecting concept drift of process models from event logs; [从事件日志中发现过程模型的渐变漂移]","2019","Jisuanji Jicheng Zhizao Xitong/Computer Integrated Manufacturing Systems, CIMS","25","4","","830","836","6","4","10.13196/j.cims.2019.04.004","https://www.scopus.com/inward/record.uri?eid=2-s2.0-85070691422&doi=10.13196%2fj.cims.2019.04.004&partnerID=40&md5=8d71bb071224f2b7dcbc77a246a56afe","Article","Final","","Scopus","2-s2.0-85070691422"
"Yeshchenko A.; Di Ciccio C.; Mendling J.; Polyvyanyy A.","Yeshchenko, Anton (57204500692); Di Ciccio, Claudio (35193494400); Mendling, Jan (6503908779); Polyvyanyy, Artem (25654203000)","57204500692; 35193494400; 6503908779; 25654203000","Comprehensive process drift detection with visual analytics","2019","Lecture Notes in Computer Science (including subseries Lecture Notes in Artificial Intelligence and Lecture Notes in Bioinformatics)","11788 LNCS","","","119","135","16","35","10.1007/978-3-030-33223-5_11","https://www.scopus.com/inward/record.uri?eid=2-s2.0-85076191162&doi=10.1007%2f978-3-030-33223-5_11&partnerID=40&md5=45bb22b740496dfe00ec0f41172e7b79","Conference paper","Final","All Open Access; Bronze Open Access; Green Open Access","Scopus","2-s2.0-85076191162"
"Zhang X.; Du Y.; Qi L.; Sun H.","Zhang, Xize (57202358233); Du, Yuyue (23990130300); Qi, Liang (55270493600); Sun, Haichun (56012473800)","57202358233; 23990130300; 55270493600; 56012473800","An Approach for Repairing Process Models Based on Logic Petri Nets","2018","IEEE Access","6","","","29926","29939","13","12","10.1109/ACCESS.2018.2843137","https://www.scopus.com/inward/record.uri?eid=2-s2.0-85047977070&doi=10.1109%2fACCESS.2018.2843137&partnerID=40&md5=53ee498cc4e29d075b51fe836ace2cdf","Article","Final","All Open Access; Gold Open Access","Scopus","2-s2.0-85047977070"
"Mehdiyev N.; Evermann J.; Fettke P.","Mehdiyev, Nijat (35782063300); Evermann, Joerg (8625437800); Fettke, Peter (55888276100)","35782063300; 8625437800; 55888276100","A Novel Business Process Prediction Model Using a Deep Learning Method","2020","Business and Information Systems Engineering","62","2","","143","157","14","55","10.1007/s12599-018-0551-3","https://www.scopus.com/inward/record.uri?eid=2-s2.0-85081387573&doi=10.1007%2fs12599-018-0551-3&partnerID=40&md5=e6926e6341ae38cbe3eb5278918828cb","Article","Final","All Open Access; Green Open Access","Scopus","2-s2.0-85081387573"
"Hmami A.; Sbai H.; Fredj M.","Hmami, Asmae (57213520739); Sbai, Hanae (55560772700); Fredj, Mounia (24477215600)","57213520739; 55560772700; 24477215600","Change Mining in Business Process Variability: A Comparative Study","2019","Proceedings of 2019 IEEE World Conference on Complex Systems, WCCS 2019","","","8930792","","","","2","10.1109/ICoCS.2019.8930792","https://www.scopus.com/inward/record.uri?eid=2-s2.0-85077812318&doi=10.1109%2fICoCS.2019.8930792&partnerID=40&md5=b7547d3c40eff7ed768f3b50c1a89319","Conference paper","Final","","Scopus","2-s2.0-85077812318"
"Janssenswillen G.; Depaire B.; Swennen M.; Jans M.; Vanhoof K.","Janssenswillen, Gert (57190124753); Depaire, Benoît (23566498200); Swennen, Marijke (56203894900); Jans, Mieke (6603712843); Vanhoof, Koen (12778733500)","57190124753; 23566498200; 56203894900; 6603712843; 12778733500","bupaR: Enabling reproducible business process analysis","2019","Knowledge-Based Systems","163","","","927","930","3","49","10.1016/j.knosys.2018.10.018","https://www.scopus.com/inward/record.uri?eid=2-s2.0-85055880819&doi=10.1016%2fj.knosys.2018.10.018&partnerID=40&md5=7fa9c80af214d9f853c6e5dd09a9510e","Article","Final","All Open Access; Green Open Access","Scopus","2-s2.0-85055880819"
"Alirezaei E.; Parsa S.","Alirezaei, Ehsan (55386835400); Parsa, Saeed (8407441400)","55386835400; 8407441400","Adaptable Cross-organizational Unstructured Business Processes via Dynamic Rule-based Semantic Network","2020","Information Systems Frontiers","22","3","","771","787","16","2","10.1007/s10796-018-9886-z","https://www.scopus.com/inward/record.uri?eid=2-s2.0-85056093973&doi=10.1007%2fs10796-018-9886-z&partnerID=40&md5=b8c430649e82d9d6ef1e9678b6a36835","Article","Final","","Scopus","2-s2.0-85056093973"
"Ramos-Merino M.; álvarez-Sabucedo L.M.; Santos-Gago J.M.; de Arriba-Pérez F.","Ramos-Merino, Mateo (57190884718); álvarez-Sabucedo, Luis M. (8847089700); Santos-Gago, Juan M. (7402388975); de Arriba-Pérez, Francisco (56891654000)","57190884718; 8847089700; 7402388975; 56891654000","A pattern based method for simplifying a BPMN process model","2019","Applied Sciences (Switzerland)","9","11","2322","","","","11","10.3390/app9112322","https://www.scopus.com/inward/record.uri?eid=2-s2.0-85067244983&doi=10.3390%2fapp9112322&partnerID=40&md5=b428458ecdd37027e155ed657bcdfb53","Article","Final","All Open Access; Gold Open Access","Scopus","2-s2.0-85067244983"
"Grisold T.; Wurm B.; Mendling J.; vom Brocke J.","Grisold, Thomas (57191861461); Wurm, Bastian (57202442869); Mendling, Jan (6503908779); vom Brocke, Jan (7801493688)","57191861461; 57202442869; 6503908779; 7801493688","Using process mining to support theorizing about change in organizations","2020","Proceedings of the Annual Hawaii International Conference on System Sciences","2020-January","","","5492","5501","9","24","","https://www.scopus.com/inward/record.uri?eid=2-s2.0-85078796957&partnerID=40&md5=785b9086f0c5e08f2700264a5ca59969","Conference paper","Final","","Scopus","2-s2.0-85078796957"
"Carmona J.; van Dongen B.; Solti A.; Weidlich M.","Carmona, Josep (22333712700); van Dongen, Boudewijn (6602091082); Solti, Andreas (42962422300); Weidlich, Matthias (24470520000)","22333712700; 6602091082; 42962422300; 24470520000","Conformance checking: Relating processes and models, relating processes and models","2018","Conformance Checking: Relating Processes and Models, Relating Processes and Models","","","","1","277","276","207","10.1007/978-3-319-99414-7","https://www.scopus.com/inward/record.uri?eid=2-s2.0-85073657166&doi=10.1007%2f978-3-319-99414-7&partnerID=40&md5=8adf5929e461b3ad530ec6bad8da89a5","Book","Final","All Open Access; Green Open Access","Scopus","2-s2.0-85073657166"
"Zaman R.; Hassani M.","Zaman, Rashid (57210883741); Hassani, Marwan (35177627800)","57210883741; 35177627800","Process mining meets GDPR compliance: The right to be forgotten as a use case","2019","CEUR Workshop Proceedings","2432","","","","","","1","","https://www.scopus.com/inward/record.uri?eid=2-s2.0-85071764645&partnerID=40&md5=5560448c2ac3671a2bbab7c6683300dc","Conference paper","Final","","Scopus","2-s2.0-85071764645"
"Lopes I.F.; Ferreira D.R.","Lopes, Iezalde F. (57214241432); Ferreira, Diogo R. (14826450500)","57214241432; 14826450500","A Survey of Process Mining Competitions: The BPI Challenges 2011–2018","2019","Lecture Notes in Business Information Processing","362 LNBIP","","","263","274","11","7","10.1007/978-3-030-37453-2_22","https://www.scopus.com/inward/record.uri?eid=2-s2.0-85078537375&doi=10.1007%2f978-3-030-37453-2_22&partnerID=40&md5=4bf957ce59bbd0b9f435651ed2fbc91c","Conference paper","Final","","Scopus","2-s2.0-85078537375"
"Ghasemi M.","Ghasemi, Mahdi (57204296526)","57204296526","Towards goal-oriented process mining","2018","Proceedings - 2018 IEEE 26th International Requirements Engineering Conference, RE 2018","","","8491173","484","489","5","5","10.1109/RE.2018.00066","https://www.scopus.com/inward/record.uri?eid=2-s2.0-85056824058&doi=10.1109%2fRE.2018.00066&partnerID=40&md5=548348cf24b48687eb77a7bf02430ca7","Conference paper","Final","All Open Access; Green Open Access","Scopus","2-s2.0-85056824058"
"Wurm B.","Wurm, Bastian (57202442869)","57202442869","Patterns of stability and change in business processes: Using process mining to capture reality in flight","2018","CEUR Workshop Proceedings","2097","","","21","28","7","1","","https://www.scopus.com/inward/record.uri?eid=2-s2.0-85048369907&partnerID=40&md5=961e7a18c1840260ec895e2f347263c8","Conference paper","Final","","Scopus","2-s2.0-85048369907"
"Tavares G.M.; Ceravolo P.; Da Costa V.G.T.; Damiani E.; Junior S.B.","Tavares, Gabriel Marques (57200260509); Ceravolo, Paolo (6506416314); Da Costa, Victor G. Turrisi (57205445800); Damiani, Ernesto (57195375517); Junior, Sylvio Barbon (58510258300)","57200260509; 6506416314; 57205445800; 57195375517; 58510258300","Overlapping analytic stages in online process mining","2019","Proceedings - 2019 IEEE International Conference on Services Computing, SCC 2019 - Part of the 2019 IEEE World Congress on Services","","","8813959","167","175","8","18","10.1109/SCC.2019.00037","https://www.scopus.com/inward/record.uri?eid=2-s2.0-85072572058&doi=10.1109%2fSCC.2019.00037&partnerID=40&md5=b38a2244d0ce756847fe9645f1d469a1","Conference paper","Final","","Scopus","2-s2.0-85072572058"
"van Zelst S.J.; van Dongen B.F.; van der Aalst W.M.P.","van Zelst, Sebastiaan J. (35076831500); van Dongen, Boudewijn F. (6602091082); van der Aalst, Wil M. P. (7007153024)","35076831500; 6602091082; 7007153024","Event stream-based process discovery using abstract representations","2018","Knowledge and Information Systems","54","2","","407","435","28","59","10.1007/s10115-017-1060-2","https://www.scopus.com/inward/record.uri?eid=2-s2.0-85019180173&doi=10.1007%2fs10115-017-1060-2&partnerID=40&md5=013f12b02c6c1e4442f6db13a46bc6f2","Article","Final","All Open Access; Green Open Access; Hybrid Gold Open Access","Scopus","2-s2.0-85019180173"
"Zaman R.; Cuzzocrea A.; Hassani M.","Zaman, Rashid (57210883741); Cuzzocrea, Alfredo (23388216900); Hassani, Marwan (35177627800)","57210883741; 23388216900; 35177627800","An Innovative Online Process Mining Framework for Supporting Incremental GDPR Compliance of Business Processes","2019","Proceedings - 2019 IEEE International Conference on Big Data, Big Data 2019","","","9005705","2982","2991","9","4","10.1109/BigData47090.2019.9005705","https://www.scopus.com/inward/record.uri?eid=2-s2.0-85081340678&doi=10.1109%2fBigData47090.2019.9005705&partnerID=40&md5=202b44f092a54a6259b9d3a86626e161","Conference paper","Final","All Open Access; Green Open Access","Scopus","2-s2.0-85081340678"
"Syamsiyah A.; Van Dongen B.F.; Van Der Aalst W.M.P.","Syamsiyah, Alifah (56497200200); Van Dongen, Boudewijn F. (6602091082); Van Der Aalst, Wil M. P. (7007153024)","56497200200; 6602091082; 7007153024","DB-XES: Enabling process discovery in the large","2018","Lecture Notes in Business Information Processing","307","","","53","77","24","7","10.1007/978-3-319-74161-1_4","https://www.scopus.com/inward/record.uri?eid=2-s2.0-85041796509&doi=10.1007%2f978-3-319-74161-1_4&partnerID=40&md5=0db7f3967e8f92cc442828aa5cd1d75e","Conference paper","Final","All Open Access; Green Open Access","Scopus","2-s2.0-85041796509"
"Liu N.; Huang J.; Cui L.","Liu, Na (57188867814); Huang, Jiwei (55634345200); Cui, Lizhen (55632676200)","57188867814; 55634345200; 55632676200","A framework for online process concept drift detection from event streams","2018","Proceedings - 2018 IEEE International Conference on Services Computing, SCC 2018 - Part of the 2018 IEEE World Congress on Services","","","8456407","105","112","7","13","10.1109/SCC.2018.00021","https://www.scopus.com/inward/record.uri?eid=2-s2.0-85054039537&doi=10.1109%2fSCC.2018.00021&partnerID=40&md5=8a2a6ed84ff8f266d3484421d8b77471","Conference paper","Final","","Scopus","2-s2.0-85054039537"
"Gunn I.A.D.; Arnaiz-González Á.; Kuncheva L.I.","Gunn, Iain A.D. (57192675189); Arnaiz-González, Álvar (57189602921); Kuncheva, Ludmila I. (7005496253)","57192675189; 57189602921; 7005496253","A taxonomic look at instance-based stream classifiers","2018","Neurocomputing","286","","","167","178","11","8","10.1016/j.neucom.2018.01.062","https://www.scopus.com/inward/record.uri?eid=2-s2.0-85041946412&doi=10.1016%2fj.neucom.2018.01.062&partnerID=40&md5=b7b3b8af2daadfd5b554bf995ca23cc7","Article","Final","All Open Access; Green Open Access","Scopus","2-s2.0-85041946412"
"Chandrakanth P.; Anbarasi M.S.","Chandrakanth, P. (57211073506); Anbarasi, M.S. (57022239400)","57211073506; 57022239400","Privacy preserving in data stream mining using statistical learning methods for building ensemble classifier","2019","Smart Innovation, Systems and Technologies","105","","","631","638","7","0","10.1007/978-981-13-1927-3_66","https://www.scopus.com/inward/record.uri?eid=2-s2.0-85056837016&doi=10.1007%2f978-981-13-1927-3_66&partnerID=40&md5=83f12248e3901ad3cea1db94f9c338db","Conference paper","Final","","Scopus","2-s2.0-85056837016"
"van Cruchten R.M.E.","van Cruchten, R.M.E. (57203191181)","57203191181","Data quality in process mining: A rule-based Approach","2019","CEUR Workshop Proceedings","2432","","","","","","0","","https://www.scopus.com/inward/record.uri?eid=2-s2.0-85071748869&partnerID=40&md5=8b964844a830a1b6db8b138177365bc7","Conference paper","Final","","Scopus","2-s2.0-85071748869"
"Di Ciccio C.; Maggi F.M.; Montali M.; Mendling J.","Di Ciccio, Claudio (35193494400); Maggi, Fabrizio Maria (35318465800); Montali, Marco (8871580200); Mendling, Jan (6503908779)","35193494400; 35318465800; 8871580200; 6503908779","On the relevance of a business constraint to an event log","2018","Information Systems","78","","","144","161","17","15","10.1016/j.is.2018.01.011","https://www.scopus.com/inward/record.uri?eid=2-s2.0-85046765530&doi=10.1016%2fj.is.2018.01.011&partnerID=40&md5=0dd671bd18f529b3eed467ff2edc66b1","Article","Final","All Open Access; Green Open Access","Scopus","2-s2.0-85046765530"
"Xu Y.; Du Y.; Luan W.; Qi L.; Sun H.","Xu, Yuhua (57204067057); Du, Yuyue (23990130300); Luan, Wenjing (43561545300); Qi, Liang (55270493600); Sun, Haichun (56012473800)","57204067057; 23990130300; 43561545300; 55270493600; 56012473800","Repairing process models with logical concurrent and casual relations via logical petri nets","2018","IEEE Access","6","","8478132","56341","56355","14","9","10.1109/ACCESS.2018.2872640","https://www.scopus.com/inward/record.uri?eid=2-s2.0-85054348137&doi=10.1109%2fACCESS.2018.2872640&partnerID=40&md5=5213e360ae145cd28adc24676f94d433","Article","Final","All Open Access; Gold Open Access","Scopus","2-s2.0-85054348137"
"Yeshchenko A.; Ciccio C.D.; Mendling J.; Polyvyanyy A.","Yeshchenko, Anton (57204500692); Ciccio, Claudio Di (35193494400); Mendling, Jan (6503908779); Polyvyanyy, Artem (25654203000)","57204500692; 35193494400; 6503908779; 25654203000","Comprehensive process drift analysis with the visual drift detection tool","2019","CEUR Workshop Proceedings","2469","","","108","112","4","5","","https://www.scopus.com/inward/record.uri?eid=2-s2.0-85074107108&partnerID=40&md5=39f636e4949f4346b8670fcb2e28ec5e","Conference paper","Final","","Scopus","2-s2.0-85074107108"
"Klinkmüller C.; van Beest N.R.T.P.; Weber I.","Klinkmüller, Christopher (42861636600); van Beest, Nick R. T. P. (24479230600); Weber, Ingo (23398864700)","42861636600; 24479230600; 23398864700","Towards reliable predictive process monitoring","2018","Lecture Notes in Business Information Processing","317","","","163","181","18","8","10.1007/978-3-319-92901-9_15","https://www.scopus.com/inward/record.uri?eid=2-s2.0-85048614318&doi=10.1007%2f978-3-319-92901-9_15&partnerID=40&md5=c101f9db9734c98cdbe32ab8d1335fc0","Conference paper","Final","","Scopus","2-s2.0-85048614318"
"Borkowski M.; Fdhila W.; Nardelli M.; Rinderle-Ma S.; Schulte S.","Borkowski, Michael (57190187940); Fdhila, Walid (23670214300); Nardelli, Matteo (57171962700); Rinderle-Ma, Stefanie (24376814800); Schulte, Stefan (24767006100)","57190187940; 23670214300; 57171962700; 24376814800; 24767006100","Event-based failure prediction in distributed business processes","2019","Information Systems","81","","","220","235","15","26","10.1016/j.is.2017.12.005","https://www.scopus.com/inward/record.uri?eid=2-s2.0-85039978934&doi=10.1016%2fj.is.2017.12.005&partnerID=40&md5=66630c15fa0ff2dd71f58564526dcae8","Article","Final","All Open Access; Green Open Access","Scopus","2-s2.0-85039978934"
"Leida M.; Ceravolo P.; Damiani E.; Asal R.; Colombo M.","Leida, Marcello (14021672200); Ceravolo, Paolo (6506416314); Damiani, Ernesto (57195375517); Asal, Rasool (55211447300); Colombo, Maurizio (23466335600)","14021672200; 6506416314; 57195375517; 55211447300; 23466335600","Dynamic Access Control to Semantics-Aware Streamed Process Logs","2019","Journal on Data Semantics","8","3","","203","218","15","3","10.1007/s13740-019-00106-2","https://www.scopus.com/inward/record.uri?eid=2-s2.0-85069745679&doi=10.1007%2fs13740-019-00106-2&partnerID=40&md5=999bb852c53a8082efea7ab4a22547a6","Article","Final","All Open Access; Green Open Access; Hybrid Gold Open Access","Scopus","2-s2.0-85069745679"
"Kurniati A.P.; McInerney C.; Zucker K.; Hall G.; Hogg D.; Johnson O.","Kurniati, Angelina Prima (56411983500); McInerney, Ciarán (57214243099); Zucker, Kieran (57214070394); Hall, Geoff (16444338600); Hogg, David (7103188000); Johnson, Owen (14822120300)","56411983500; 57214243099; 57214070394; 16444338600; 7103188000; 14822120300","A Multi-level Approach for Identifying Process Change in Cancer Pathways","2019","Lecture Notes in Business Information Processing","362 LNBIP","","","595","607","12","10","10.1007/978-3-030-37453-2_48","https://www.scopus.com/inward/record.uri?eid=2-s2.0-85078534951&doi=10.1007%2f978-3-030-37453-2_48&partnerID=40&md5=98b0e7a9162945a7db69f86e1b952e83","Conference paper","Final","All Open Access; Green Open Access","Scopus","2-s2.0-85078534951"
"Lamghari Z.; Radgui M.; Saidi R.; Rahmani M.D.","Lamghari, Zineb (57203220994); Radgui, Maryam (55611397000); Saidi, Rajaa (24725653100); Rahmani, Moulay Driss (56606818100)","57203220994; 55611397000; 24725653100; 56606818100","Passage challenges from data-intensive system to knowledge-intensive system related to process mining field","2019","ACM International Conference Proceeding Series","","","a3","","","","5","10.1145/3333165.3333168","https://www.scopus.com/inward/record.uri?eid=2-s2.0-85071949517&doi=10.1145%2f3333165.3333168&partnerID=40&md5=9dc0d53e33c5ea234a1024cf902602bd","Conference paper","Final","","Scopus","2-s2.0-85071949517"
"Stertz F.; Rinderle-Ma S.","Stertz, Florian (56809444400); Rinderle-Ma, Stefanie (24376814800)","56809444400; 24376814800","Process Histories - Detecting and Representing Concept Drifts Based on Event Streams","2018","Lecture Notes in Computer Science (including subseries Lecture Notes in Artificial Intelligence and Lecture Notes in Bioinformatics)","11229 LNCS","","","318","335","17","18","10.1007/978-3-030-02610-3_18","https://www.scopus.com/inward/record.uri?eid=2-s2.0-85055793822&doi=10.1007%2f978-3-030-02610-3_18&partnerID=40&md5=ab3567868d7d2385c0c47fb861d2e30d","Conference paper","Final","","Scopus","2-s2.0-85055793822"
"Batyuk A.; Voityshyn V.","Batyuk, Anatoliy (24482887400); Voityshyn, Volodymyr (57191869338)","24482887400; 57191869338","Streaming process discovery for lambda architecture-based process monitoring platform","2018","International Scientific and Technical Conference on Computer Sciences and Information Technologies","1","","8526592","298","301","3","10","10.1109/STC-CSIT.2018.8526592","https://www.scopus.com/inward/record.uri?eid=2-s2.0-85058024279&doi=10.1109%2fSTC-CSIT.2018.8526592&partnerID=40&md5=cbbc5d0a19047b99f77af7c460dbafde","Conference paper","Final","","Scopus","2-s2.0-85058024279"
"Batyuk A.; V Oityshyn V.; Verhun V.","Batyuk, Anatoliy (24482887400); V Oityshyn, Volodymyr (57191869338); Verhun, Volodymyr (57204560375)","24482887400; 57191869338; 57204560375","Software Architecture Design of the Real- Time Processes Monitoring Platform","2018","Proceedings of the 2018 IEEE 2nd International Conference on Data Stream Mining and Processing, DSMP 2018","","","8478589","98","101","3","25","10.1109/DSMP.2018.8478589","https://www.scopus.com/inward/record.uri?eid=2-s2.0-85056148472&doi=10.1109%2fDSMP.2018.8478589&partnerID=40&md5=9392b3701aaa892c9089ee3330dd7fd2","Conference paper","Final","","Scopus","2-s2.0-85056148472"
"","","","Confederated International Conferences: Cooperative Information Systems, CoopIS 2018, Ontologies, Databases, and Applications of Semantics, ODBASE 2018, and Cloud and Trusted Computing, C and TC, held as part of OTM 2018","2018","Lecture Notes in Computer Science (including subseries Lecture Notes in Artificial Intelligence and Lecture Notes in Bioinformatics)","11229 LNCS","","","","","1280","0","","https://www.scopus.com/inward/record.uri?eid=2-s2.0-85055834588&partnerID=40&md5=a9f251df59ede6c70e9098bd6a0c6efd","Conference review","Final","","Scopus","2-s2.0-85055834588"
"De Smedt J.; Deeva G.; De Weerdt J.","De Smedt, Johannes (57110895800); Deeva, Galina (57200215167); De Weerdt, Jochen (57204699051)","57110895800; 57200215167; 57204699051","Mining Behavioral Sequence Constraints for Classification","2020","IEEE Transactions on Knowledge and Data Engineering","32","6","8633396","1130","1142","12","18","10.1109/TKDE.2019.2897311","https://www.scopus.com/inward/record.uri?eid=2-s2.0-85084315149&doi=10.1109%2fTKDE.2019.2897311&partnerID=40&md5=038b879bc5318261960107f5d9550dff","Article","Final","All Open Access; Green Open Access","Scopus","2-s2.0-85084315149"
"Pijnenburg M.; Kowalczyk W.","Pijnenburg, Mark (57190377004); Kowalczyk, Wojtek (55760640500)","57190377004; 55760640500","Are Similar Cases Treated Similarly? A Comparison Between Process Workers","2019","Lecture Notes in Business Information Processing","354","","","162","176","14","0","10.1007/978-3-030-20482-2_14","https://www.scopus.com/inward/record.uri?eid=2-s2.0-85068184745&doi=10.1007%2f978-3-030-20482-2_14&partnerID=40&md5=ab3412f4b439cbd7e14c0b9184724331","Conference paper","Final","","Scopus","2-s2.0-85068184745"
"Maggi F.M.; Di Ciccio C.; Di Francescomarino C.; Kala T.","Maggi, Fabrizio Maria (35318465800); Di Ciccio, Claudio (35193494400); Di Francescomarino, Chiara (25928227700); Kala, Taavi (57191878399)","35318465800; 35193494400; 25928227700; 57191878399","Parallel algorithms for the automated discovery of declarative process models","2018","Information Systems","74","","","136","152","16","36","10.1016/j.is.2017.12.002","https://www.scopus.com/inward/record.uri?eid=2-s2.0-85039726087&doi=10.1016%2fj.is.2017.12.002&partnerID=40&md5=96c76d290fafe09dcc2acfcce73b9ef6","Article","Final","All Open Access; Green Open Access","Scopus","2-s2.0-85039726087"
"Stertz F.; Rinderle-Ma S.; Mangler J.","Stertz, Florian (56809444400); Rinderle-Ma, Stefanie (24376814800); Mangler, Juergen (8553318800)","56809444400; 24376814800; 8553318800","Analyzing process concept drifts based on sensor event streams during runtime","2020","Lecture Notes in Computer Science (including subseries Lecture Notes in Artificial Intelligence and Lecture Notes in Bioinformatics)","12168 LNCS","","","202","219","17","16","10.1007/978-3-030-58666-9_12","https://www.scopus.com/inward/record.uri?eid=2-s2.0-85091283596&doi=10.1007%2f978-3-030-58666-9_12&partnerID=40&md5=24fd35c3249e1907044d5ff00b202abb","Conference paper","Final","","Scopus","2-s2.0-85091283596"
"Huang X.-F.; Cao J.; Tan Y.-D.","Huang, Xiao-Fu (56828298500); Cao, Jian (57218980017); Tan, Yu-Dong (57188842211)","56828298500; 57218980017; 57188842211","Business Process Predictive Monitoring Based on Sequence Encoding of Frequent Activity Sets; [基于频繁活动集序列编码业务过程预测性监控]","2019","Beijing Youdian Daxue Xuebao/Journal of Beijing University of Posts and Telecommunications","42","4","","1","7","6","0","10.13190/j.jbupt.2018-278","https://www.scopus.com/inward/record.uri?eid=2-s2.0-85075583961&doi=10.13190%2fj.jbupt.2018-278&partnerID=40&md5=3f6ca6e4df015fd01d764a6dbdcef3d2","Article","Final","","Scopus","2-s2.0-85075583961"
"Gal A.; Senderovich A.","Gal, Avigdor (7201834671); Senderovich, Arik (56226481600)","7201834671; 56226481600","Process minding: Closing the big data gap","2020","Lecture Notes in Computer Science (including subseries Lecture Notes in Artificial Intelligence and Lecture Notes in Bioinformatics)","12168 LNCS","","","3","16","13","2","10.1007/978-3-030-58666-9_1","https://www.scopus.com/inward/record.uri?eid=2-s2.0-85091282365&doi=10.1007%2f978-3-030-58666-9_1&partnerID=40&md5=21286c397f0c6060df6a0bd4f1a3c2d6","Conference paper","Final","","Scopus","2-s2.0-85091282365"
"Pauwels S.","Pauwels, Stephen (57208746979)","57208746979","An anomaly detection technique for business processes based on extended dynamic Bayesian networks","2019","Proceedings of the ACM Symposium on Applied Computing","Part F147772","","","494","501","7","19","10.1145/3297280.3297326","https://www.scopus.com/inward/record.uri?eid=2-s2.0-85065649776&doi=10.1145%2f3297280.3297326&partnerID=40&md5=0075228faa6554ac44a4b5632adaa487","Conference paper","Final","All Open Access; Green Open Access","Scopus","2-s2.0-85065649776"
"van der Aalst W.M.P.; Tacke Genannt Unterberg D.; Denisov V.; Fahland D.","van der Aalst, Wil M. P. (7007153024); Tacke Genannt Unterberg, Daniel (57218200905); Denisov, Vadim (57203923967); Fahland, Dirk (23396621900)","7007153024; 57218200905; 57203923967; 23396621900","Visualizing Token Flows Using Interactive Performance Spectra","2020","Lecture Notes in Computer Science (including subseries Lecture Notes in Artificial Intelligence and Lecture Notes in Bioinformatics)","12152 LNCS","","","369","380","11","2","10.1007/978-3-030-51831-8_18","https://www.scopus.com/inward/record.uri?eid=2-s2.0-85088268262&doi=10.1007%2f978-3-030-51831-8_18&partnerID=40&md5=d4f1d82ad84b7ff6d680a764c3efe7e0","Conference paper","Final","All Open Access; Bronze Open Access","Scopus","2-s2.0-85088268262"
"Ostovar A.; Leemans S.J.J.; Rosa M.L.","Ostovar, Alireza (56736539300); Leemans, Sander J. J. (55565724400); Rosa, Marcello La (23397159700)","56736539300; 55565724400; 23397159700","Robust drift characterization from event streams of business processes","2020","ACM Transactions on Knowledge Discovery from Data","14","3","30","","","","24","10.1145/3375398","https://www.scopus.com/inward/record.uri?eid=2-s2.0-85085250852&doi=10.1145%2f3375398&partnerID=40&md5=5b9a722617213631e079c41c9498cf49","Article","Final","","Scopus","2-s2.0-85085250852"
"Richter F.; Seidl T.","Richter, Florian (57189055877); Seidl, Thomas (7003963258)","57189055877; 7003963258","Looking into the TESSERACT: Time-drifts in event streams using series of evolving rolling averages of completion times","2019","Information Systems","84","","","265","282","17","9","10.1016/j.is.2018.11.003","https://www.scopus.com/inward/record.uri?eid=2-s2.0-85057384493&doi=10.1016%2fj.is.2018.11.003&partnerID=40&md5=73948c057d39653114a5f17e390f9da3","Article","Final","","Scopus","2-s2.0-85057384493"
"Zheng C.; Wen L.; Wang J.","Zheng, Canbin (57196329195); Wen, Lijie (14030649200); Wang, Jianmin (16306106100)","57196329195; 14030649200; 16306106100","Process concept drift detection based on extensible activity relationship; [基于可扩展活动关系的过程概念漂移检测]","2018","Jisuanji Jicheng Zhizao Xitong/Computer Integrated Manufacturing Systems, CIMS","24","7","","1589","1597","8","1","10.13196/j.cims.2018.07.001","https://www.scopus.com/inward/record.uri?eid=2-s2.0-85055588867&doi=10.13196%2fj.cims.2018.07.001&partnerID=40&md5=78239d899e12cb7eb29d1645177ea36b","Article","Final","","Scopus","2-s2.0-85055588867"
"Yeshchenko A.; Bayomie D.; Gross S.; Mendling J.","Yeshchenko, Anton (57204500692); Bayomie, Dina (57190030230); Gross, Steven (57202442843); Mendling, Jan (6503908779)","57204500692; 57190030230; 57202442843; 6503908779","Visualizing business process evolution","2020","Lecture Notes in Business Information Processing","387 LNBIP","","","185","192","7","1","10.1007/978-3-030-49418-6_12","https://www.scopus.com/inward/record.uri?eid=2-s2.0-85086305010&doi=10.1007%2f978-3-030-49418-6_12&partnerID=40&md5=f50e65b2e9220fbe9af824d08456a773","Conference paper","Final","All Open Access; Bronze Open Access","Scopus","2-s2.0-85086305010"
"Zhang P.; Ye J.; Zhang P.","Zhang, Peng (57210915906); Ye, Jian (57198795183); Zhang, Peng (57211422276)","57210915906; 57198795183; 57211422276","Optimization of Big Data Transaction Process Model Based on Concept Drift Detection; [基于概念漂移检测的大数据交易过程模型优化方法]","2019","Tien Tzu Hsueh Pao/Acta Electronica Sinica","47","7","","1465","1474","9","1","10.3969/j.issn.0372-2112.2019.07.009","https://www.scopus.com/inward/record.uri?eid=2-s2.0-85071883721&doi=10.3969%2fj.issn.0372-2112.2019.07.009&partnerID=40&md5=e9a978b100569c30bf6d530560480d0a","Article","Final","","Scopus","2-s2.0-85071883721"
"Wurm B.","Wurm, Bastian (57202442869)","57202442869","Process mining as a strategy of inquiry: Understanding design interventions and the development of business processes","2019","CEUR Workshop Proceedings","2420","","","","","","0","","https://www.scopus.com/inward/record.uri?eid=2-s2.0-85070975936&partnerID=40&md5=7a4c92d3c505c65004eb3cdf3bbb817d","Conference paper","Final","","Scopus","2-s2.0-85070975936"
"Silva F.A.R.","Silva, Fernanda Aparecida Rocha (57204652712)","57204652712","Analytical intelligence in processes: Data science for business","2018","IEEE Latin America Transactions","16","8","8528241","2240","2247","7","9","10.1109/TLA.2018.8528241","https://www.scopus.com/inward/record.uri?eid=2-s2.0-85056606649&doi=10.1109%2fTLA.2018.8528241&partnerID=40&md5=c8abdba4797d7183bb766f9b7c7f63a9","Article","Final","","Scopus","2-s2.0-85056606649"
"Yuan J.; Li T.; Zhu R.; Ma Z.; Peng J.; Huang Y.","Yuan, Jiayi (57214687658); Li, Tong (57217781875); Zhu, Rui (53064993500); Ma, Zifei (57191863814); Peng, Jiayuan (57208126727); Huang, Yue (57188573536)","57214687658; 57217781875; 53064993500; 57191863814; 57208126727; 57188573536","Detecting Sudden Drift for Single-Instance Log in Software Development Process","2020","Proceedings - 2020 Prognostics and Health Management Conference, PHM-Besancon 2020","","","9115499","354","359","5","0","10.1109/PHM-Besancon49106.2020.00069","https://www.scopus.com/inward/record.uri?eid=2-s2.0-85087281856&doi=10.1109%2fPHM-Besancon49106.2020.00069&partnerID=40&md5=27146f0337563b33623c7938bceed437","Conference paper","Final","","Scopus","2-s2.0-85087281856"
"Weidlich M.","Weidlich, Matthias (24470520000)","24470520000","A self-portrayal of GI Junior Fellow Matthias Weidlich: Event-driven analysis of service processes","2018","IT - Information Technology","60","1","","51","54","3","0","10.1515/itit-2017-0035","https://www.scopus.com/inward/record.uri?eid=2-s2.0-85111724086&doi=10.1515%2fitit-2017-0035&partnerID=40&md5=63b4cada6bcd6941251efeccd031ee51","Article","Final","","Scopus","2-s2.0-85111724086"
"Li W.; Fan Y.; Liu W.; Xin M.; Wang H.; Jin Q.","Li, Weimin (56113739500); Fan, Yuting (58363148600); Liu, Wei (57209524479); Xin, Minjun (23394268600); Wang, Hao (57202273307); Jin, Qun (7202528699)","56113739500; 58363148600; 57209524479; 23394268600; 57202273307; 7202528699","A Self-Adaptive Process Mining Algorithm Based on Information Entropy to Deal with Uncertain Data","2019","IEEE Access","7","","8826260","131681","131691","10","6","10.1109/ACCESS.2019.2939565","https://www.scopus.com/inward/record.uri?eid=2-s2.0-85077823895&doi=10.1109%2fACCESS.2019.2939565&partnerID=40&md5=8f80476a80ca576d3fba966a3418c7c7","Article","Final","All Open Access; Gold Open Access","Scopus","2-s2.0-85077823895"
"Alirezaei E.; Parsa S.; Vahedi Z.","Alirezaei, Ehsan (55386835400); Parsa, Saeed (8407441400); Vahedi, Zahra (14030942400)","55386835400; 8407441400; 14030942400","Predictive analytics of hyper-connected collaborative network","2019","International Journal of Business Data Communications and Networking","15","1","","17","33","16","1","10.4018/IJBDCN.2019010102","https://www.scopus.com/inward/record.uri?eid=2-s2.0-85055890902&doi=10.4018%2fIJBDCN.2019010102&partnerID=40&md5=c5b208e121b317973ed5b0d2baa3e254","Article","Final","","Scopus","2-s2.0-85055890902"
"Mora D.; Ceravolo P.; Damiani E.; Tavares G.M.","Mora, Davide (57219699553); Ceravolo, Paolo (6506416314); Damiani, Ernesto (57195375517); Tavares, Gabriel Marques (57200260509)","57219699553; 6506416314; 57195375517; 57200260509","The CDESF toolkit: An introduction","2020","CEUR Workshop Proceedings","2703","","","47","50","3","2","","https://www.scopus.com/inward/record.uri?eid=2-s2.0-85094864286&partnerID=40&md5=3e66b138abc6e67381853028101a410c","Conference paper","Final","","Scopus","2-s2.0-85094864286"
"Barbon Junior S.; Tavares G.M.; Da Costa V.G.T.; Ceravolo P.; Damiani E.","Barbon Junior, Sylvio (58510258300); Tavares, Gabriel Marques (57200260509); Da Costa, Victor G. Turrisi (57205445800); Ceravolo, Paolo (6506416314); Damiani, Ernesto (57195375517)","58510258300; 57200260509; 57205445800; 6506416314; 57195375517","A Framework for Human-in-the-loop Monitoring of Concept-drift Detection in Event Log Stream","2018","The Web Conference 2018 - Companion of the World Wide Web Conference, WWW 2018","","","","319","326","7","25","10.1145/3184558.3186343","https://www.scopus.com/inward/record.uri?eid=2-s2.0-85085164762&doi=10.1145%2f3184558.3186343&partnerID=40&md5=dd6dea9f030158eb6551c23602629025","Conference paper","Final","All Open Access; Bronze Open Access","Scopus","2-s2.0-85085164762"
"Ferilli S.; Angelastro S.","Ferilli, Stefano (35502407200); Angelastro, Sergio (57192381148)","35502407200; 57192381148","Efficient Declarative-Based Process Mining Using an Enhanced Framework","2020","Studies in Computational Intelligence","880","","","121","136","15","1","10.1007/978-3-030-36617-9_8","https://www.scopus.com/inward/record.uri?eid=2-s2.0-85078112477&doi=10.1007%2f978-3-030-36617-9_8&partnerID=40&md5=fc10f3378d93a39f99f831cfef5a5a13","Book chapter","Final","","Scopus","2-s2.0-85078112477"
"Winter K.; Stertz F.; Rinderle-Ma S.","Winter, Karolin (57196347714); Stertz, Florian (56809444400); Rinderle-Ma, Stefanie (24376814800)","57196347714; 56809444400; 24376814800","Discovering instance and process spanning constraints from process execution logs","2020","Information Systems","89","","101484","","","","19","10.1016/j.is.2019.101484","https://www.scopus.com/inward/record.uri?eid=2-s2.0-85076424930&doi=10.1016%2fj.is.2019.101484&partnerID=40&md5=48a1e60b86176b3d71bd2e65675446ae","Article","Final","All Open Access; Hybrid Gold Open Access","Scopus","2-s2.0-85076424930"
"Xiao Z.; Fu X.; Zhang L.; Goh R.S.M.","Xiao, Zhe (55542182600); Fu, Xiuju (7402205117); Zhang, Liye (57062474100); Goh, Rick Siow Mong (35388108200)","55542182600; 7402205117; 57062474100; 35388108200","Traffic Pattern Mining and Forecasting Technologies in Maritime Traffic Service Networks: A Comprehensive Survey","2020","IEEE Transactions on Intelligent Transportation Systems","21","5","8693856","1796","1825","29","92","10.1109/TITS.2019.2908191","https://www.scopus.com/inward/record.uri?eid=2-s2.0-85084556003&doi=10.1109%2fTITS.2019.2908191&partnerID=40&md5=9cf59b386711382eec915bb1704b74de","Review","Final","","Scopus","2-s2.0-85084556003"
"Rizzi W.; Di Francescomarino C.; Maggi F.M.","Rizzi, Williams (56809365800); Di Francescomarino, Chiara (25928227700); Maggi, Fabrizio Maria (35318465800)","56809365800; 25928227700; 35318465800","Explainability in predictive process monitoring: When understanding helps improving","2020","Lecture Notes in Business Information Processing","392 LNBIP","","","141","158","17","25","10.1007/978-3-030-58638-6_9","https://www.scopus.com/inward/record.uri?eid=2-s2.0-85091295469&doi=10.1007%2f978-3-030-58638-6_9&partnerID=40&md5=609460a30e2373dfc803485d358b6938","Conference paper","Final","","Scopus","2-s2.0-85091295469"
"Spenrath Y.; Hassani M.","Spenrath, Yorick (57207622655); Hassani, Marwan (35177627800)","57207622655; 35177627800","Ensemble-based prediction of business processes bottlenecks with recurrent concept drifts","2019","CEUR Workshop Proceedings","2322","","","","","","3","","https://www.scopus.com/inward/record.uri?eid=2-s2.0-85062651409&partnerID=40&md5=bbbc5f3775cb9c2c34bf4ae47fbe1a53","Conference paper","Final","","Scopus","2-s2.0-85062651409"
"Pentland B.T.; Recker J.; Kim I.","Pentland, Brian T. (7005204890); Recker, Jan (14016490200); Kim, Inkyu (57200578554)","7005204890; 14016490200; 57200578554","Capturing reality in flight? Empirical tools for strong process theory","2018","ICIS 2017: Transforming Society with Digital Innovation","","","","","","","5","","https://www.scopus.com/inward/record.uri?eid=2-s2.0-85126492444&partnerID=40&md5=61cea8e5eeeb8951f3af1be2d1f1b5b3","Conference paper","Final","","Scopus","2-s2.0-85126492444"
"Bernardi M.L.; Cimitile M.; Mercaldo F.","Bernardi, Mario Luca (57195515766); Cimitile, Marta (23392132800); Mercaldo, Francesco (55842609700)","57195515766; 23392132800; 55842609700","Cross-organisational process mining in cloud environments","2018","Journal of Information and Knowledge Management","17","2","1850014","","","","6","10.1142/S0219649218500144","https://www.scopus.com/inward/record.uri?eid=2-s2.0-85045192310&doi=10.1142%2fS0219649218500144&partnerID=40&md5=45245b264cd804f7d9e120ef2138bc76","Article","Final","","Scopus","2-s2.0-85045192310"
"Ferdaus M.M.; Pratama M.; Anavatti S.G.; Garratt M.A.","Ferdaus, Md Meftahul (56029640300); Pratama, Mahardhika (57207799513); Anavatti, Sreenatha G. (6506559082); Garratt, Matthew A. (14015693000)","56029640300; 57207799513; 6506559082; 14015693000","PALM: An Incremental Construction of Hyperplanes for Data Stream Regression","2019","IEEE Transactions on Fuzzy Systems","27","11","8613834","2115","2129","14","38","10.1109/TFUZZ.2019.2893565","https://www.scopus.com/inward/record.uri?eid=2-s2.0-85069745064&doi=10.1109%2fTFUZZ.2019.2893565&partnerID=40&md5=86b89d8ac7bb9747bea222130271f03f","Article","Final","All Open Access; Green Open Access","Scopus","2-s2.0-85069745064"
"Tavares G.M.; Barbon S., Jr.","Tavares, Gabriel Marques (57200260509); Barbon, Sylvio (58510258300)","57200260509; 58510258300","Analysis of Language Inspired Trace Representation for Anomaly Detection","2020","Communications in Computer and Information Science","1260 CCIS","","","296","308","12","8","10.1007/978-3-030-55814-7_25","https://www.scopus.com/inward/record.uri?eid=2-s2.0-85090097339&doi=10.1007%2f978-3-030-55814-7_25&partnerID=40&md5=94e847b60770a78946cb2b9cb15c5cba","Conference paper","Final","All Open Access; Green Open Access","Scopus","2-s2.0-85090097339"
"Hassani M.","Hassani, Marwan (35177627800)","35177627800","Concept drift detection of event streams using an adaptive window","2019","Proceedings - European Council for Modelling and Simulation, ECMS","33","1","","230","239","9","21","10.7148/2019-0230","https://www.scopus.com/inward/record.uri?eid=2-s2.0-85068747038&doi=10.7148%2f2019-0230&partnerID=40&md5=32ad50f02afeb9c9c6347d883d325841","Conference paper","Final","All Open Access; Green Open Access","Scopus","2-s2.0-85068747038"
"Litchfield I.; Hoye C.; Shukla D.; Backman R.; Turner A.; Lee M.; Weber P.","Litchfield, Ian (6504254879); Hoye, Ciaron (57189101363); Shukla, David (57205023460); Backman, Ruth (56566311800); Turner, Alice (55555041500); Lee, Mark (56143088500); Weber, Phil (37040004000)","6504254879; 57189101363; 57205023460; 56566311800; 55555041500; 56143088500; 37040004000","Can process mining automatically describe care pathways of patients with long-term conditions in UK primary care? A study protocol","2018","BMJ Open","8","12","e019947","","","","15","10.1136/bmjopen-2017-019947","https://www.scopus.com/inward/record.uri?eid=2-s2.0-85058321578&doi=10.1136%2fbmjopen-2017-019947&partnerID=40&md5=90674d60e8f654202c7d29ac08280f00","Article","Final","All Open Access; Gold Open Access; Green Open Access","Scopus","2-s2.0-85058321578"
"Lan L.; Liu Y.; Feng Lu W.","Lan, Lijun (56100506200); Liu, Ying (35206193200); Feng Lu, Wen (7404214751)","56100506200; 35206193200; 7404214751","Learning from the Past: Uncovering Design Process Models Using an Enriched Process Mining","2018","Journal of Mechanical Design","140","4","041403","","","","8","10.1115/1.4039200","https://www.scopus.com/inward/record.uri?eid=2-s2.0-85042689132&doi=10.1115%2f1.4039200&partnerID=40&md5=ba8c5c1f6221b18e7e2f5ef0ebb84a17","Article","Final","All Open Access; Bronze Open Access; Green Open Access","Scopus","2-s2.0-85042689132"
"Stertz F.; Rinderle-Ma S.","Stertz, Florian (56809444400); Rinderle-Ma, Stefanie (24376814800)","56809444400; 24376814800","Detecting and identifying data drifts in process event streams based on process histories","2019","Lecture Notes in Business Information Processing","350","","","240","252","12","10","10.1007/978-3-030-21297-1_21","https://www.scopus.com/inward/record.uri?eid=2-s2.0-85066789569&doi=10.1007%2f978-3-030-21297-1_21&partnerID=40&md5=a5793b452fcff48257510430046a1413","Conference paper","Final","","Scopus","2-s2.0-85066789569"
"Firouzian I.; Zahedi M.; Hassanpour H.","Firouzian, Iman (57211266341); Zahedi, Morteza (8875398100); Hassanpour, Hamid (56919429700)","57211266341; 8875398100; 56919429700","Investigation of the effect of concept drift on data-aware remaining time prediction of business processes","2019","International Journal of Nonlinear Analysis and Applications","10","2","","153","166","13","6","10.22075/IJNAA.2019.4182","https://www.scopus.com/inward/record.uri?eid=2-s2.0-85077912179&doi=10.22075%2fIJNAA.2019.4182&partnerID=40&md5=ee17fc47454ad7ee8dbad1b3f91be56f","Article","Final","","Scopus","2-s2.0-85077912179"
"Lioudakis G.V.; Koukovini M.N.; Papagiannakopoulou E.I.; Dellas N.; Kalaboukas K.; de Carvalho R.M.; Hassani M.; Bracciale L.; Bianchi G.; Juan-Verdejo A.; Alexakis S.; Gaudino F.; Cascone D.; Barracano P.","Lioudakis, Georgios V. (14627713100); Koukovini, Maria N. (54912102100); Papagiannakopoulou, Eugenia I. (54912102400); Dellas, Nikolaos (14627096200); Kalaboukas, Kostas (53877568100); de Carvalho, Renata Medeiros (57196937103); Hassani, Marwan (35177627800); Bracciale, Lorenzo (24722537100); Bianchi, Giuseppe (57193527025); Juan-Verdejo, Adrian (55783061300); Alexakis, Spiros (21833503300); Gaudino, Francesca (36995748400); Cascone, Davide (57496548800); Barracano, Paolo (57215777491)","14627713100; 54912102100; 54912102400; 14627096200; 53877568100; 57196937103; 35177627800; 24722537100; 57193527025; 55783061300; 21833503300; 36995748400; 57496548800; 57215777491","Facilitating GDPR Compliance: The H2020 BPR4GDPR Approach","2020","IFIP Advances in Information and Communication Technology","573 AICT","","","72","78","6","6","10.1007/978-3-030-39634-3_7","https://www.scopus.com/inward/record.uri?eid=2-s2.0-85081890546&doi=10.1007%2f978-3-030-39634-3_7&partnerID=40&md5=cbb6069368d8f110e631764bc04eebfe","Conference paper","Final","All Open Access; Green Open Access","Scopus","2-s2.0-85081890546"
"Thanapal P.; Meenatchi S.; Navaneethan C.; Iyapparaja M.; Prasanna M.","Thanapal, P. (36810910000); Meenatchi, S. (56202714800); Navaneethan, C. (55788804400); Iyapparaja, M. (56026181500); Prasanna, M. (57243841200)","36810910000; 56202714800; 55788804400; 56026181500; 57243841200","Diagnosing sudden and gradual drifts in business process","2018","Journal of Advanced Research in Dynamical and Control Systems","10","5 Special Issue","","1583","1589","6","0","","https://www.scopus.com/inward/record.uri?eid=2-s2.0-85051170928&partnerID=40&md5=8b6ea60c8dc91a4dda8f577b86917402","Article","Final","","Scopus","2-s2.0-85051170928"
"Mishra V.P.; Shukla B.; Jain C.","Mishra, Ved Prakash (57195472330); Shukla, Balvinder (35732356800); Jain, Charu (36131505200)","57195472330; 35732356800; 36131505200","A simulation-based approach to sense and alert the DDoS attacks in organizations network","2019","International Journal of Advanced Science and Technology","28","14","","268","284","16","0","","https://www.scopus.com/inward/record.uri?eid=2-s2.0-85081560080&partnerID=40&md5=8d1ea8eec65c8c7a3e8e2047dbad68ab","Article","Final","","Scopus","2-s2.0-85081560080"
"Berti A.; Van Der Aalst W.; Zang D.; Lang M.","Berti, Alessandro (57205143232); Van Der Aalst, Wil (7007153024); Zang, David (57219706605); Lang, Magdalena (57219704788)","57205143232; 7007153024; 57219706605; 57219704788","An open-source integration of process mining features into the camunda workflow engine: Data extraction and challenges","2020","CEUR Workshop Proceedings","2703","","","23","26","3","0","","https://www.scopus.com/inward/record.uri?eid=2-s2.0-85094839809&partnerID=40&md5=7eb4cad73beaacb336974c2db2458ef3","Conference paper","Final","","Scopus","2-s2.0-85094839809"
"Armas-Cervantes A.; Dumas M.; La Rosa M.; Maaradji A.","Armas-Cervantes, Abel (54580539300); Dumas, Marlon (7201354798); La Rosa, Marcello (23397159700); Maaradji, Abderrahmane (36242061700)","54580539300; 7201354798; 23397159700; 36242061700","Local concurrency detection in business process event logs","2019","ACM Transactions on Internet Technology","19","1","16","","","","9","10.1145/3289181","https://www.scopus.com/inward/record.uri?eid=2-s2.0-85061201957&doi=10.1145%2f3289181&partnerID=40&md5=f4bf7bb40e6505da8dca4a38e2e8efee","Article","Final","All Open Access; Green Open Access","Scopus","2-s2.0-85061201957"
"Li W.; Zhu H.; Liu W.; Chen D.; Jiang J.; Jin Q.","Li, Weimin (56113739500); Zhu, Heng (57203713646); Liu, Wei (57209524479); Chen, Dehua (56170730600); Jiang, Jiulei (36782321900); Jin, Qun (7202528699)","56113739500; 57203713646; 57209524479; 56170730600; 36782321900; 7202528699","An anti-noise process mining algorithm based on minimum spanning tree clustering","2018","IEEE Access","6","","8440819","48756","48764","8","13","10.1109/ACCESS.2018.2865540","https://www.scopus.com/inward/record.uri?eid=2-s2.0-85052698250&doi=10.1109%2fACCESS.2018.2865540&partnerID=40&md5=bdb2d24adbdcfdc2e9bd93fc3e088c67","Article","Final","All Open Access; Gold Open Access","Scopus","2-s2.0-85052698250"
"Huang T.; Xu B.; Cai H.; Du J.; Chao K.-M.; Huang C.","Huang, Tao (57203120441); Xu, Boyi (7404588422); Cai, Hongming (8947292100); Du, Jiawei (57193263820); Chao, Kuo-Ming (7202680681); Huang, Chengxi (57020038600)","57203120441; 7404588422; 8947292100; 57193263820; 7202680681; 57020038600","A fog computing based concept drift adaptive process mining framework for mobile APPs","2018","Future Generation Computer Systems","89","","","670","684","14","9","10.1016/j.future.2018.07.034","https://www.scopus.com/inward/record.uri?eid=2-s2.0-85050529546&doi=10.1016%2fj.future.2018.07.034&partnerID=40&md5=47c882675042782074fab53bba64f976","Article","Final","","Scopus","2-s2.0-85050529546"
"Aalst W.V.D.","Aalst, Wil Van Der (7007153024)","7007153024","Service mining: Using process mining to discover, check, and improve service behavior","2013","IEEE Transactions on Services Computing","6","4","6275430","525","535","10","76","10.1109/TSC.2012.25","https://www.scopus.com/inward/record.uri?eid=2-s2.0-84880894144&doi=10.1109%2fTSC.2012.25&partnerID=40&md5=1157565c797fd2abdc9a39cc1e08f437","Article","Final","","Scopus","2-s2.0-84880894144"
"Zhao W.-D.; Liu H.-T.","Zhao, Wei-Dong (57218985543); Liu, Hai-Tao (56822672200)","57218985543; 56822672200","Application of process mining in process optimization","2014","Jisuanji Jicheng Zhizao Xitong/Computer Integrated Manufacturing Systems, CIMS","20","10","","2632","2642","10","7","10.13196/j.cims201410030","https://www.scopus.com/inward/record.uri?eid=2-s2.0-84912528531&doi=10.13196%2fj.cims201410030&partnerID=40&md5=275a15595cca2db74a1ce101caba5c72","Article","Final","","Scopus","2-s2.0-84912528531"
"Dudok E.; Guerreiro S.; Babkin E.; Pergl R.; Van Kervel S.J.","Dudok, Emmy (56549932900); Guerreiro, Sérgio (24536769600); Babkin, Eduard (6701533991); Pergl, Robert (26633154200); Van Kervel, Steven J.H. (55440728400)","56549932900; 24536769600; 6701533991; 26633154200; 55440728400","Enterprise operational analysis using DEMO and the enterprise operating system","2015","Lecture Notes in Business Information Processing","211","","","3","18","15","6","10.1007/978-3-319-19297-0_1","https://www.scopus.com/inward/record.uri?eid=2-s2.0-84937467918&doi=10.1007%2f978-3-319-19297-0_1&partnerID=40&md5=6915a5ffda55b8a1cf22114ae57895de","Conference paper","Final","","Scopus","2-s2.0-84937467918"
"Syamsiyah A.; van Dongen B.F.; van der Aalst W.M.P.","Syamsiyah, Alifah (56497200200); van Dongen, Boudewijn F. (6602091082); van der Aalst, Wil M. P. (7007153024)","56497200200; 6602091082; 7007153024","Recurrent process mining with live event data","2018","Lecture Notes in Business Information Processing","308","","","178","190","12","3","10.1007/978-3-319-74030-0_13","https://www.scopus.com/inward/record.uri?eid=2-s2.0-85041708555&doi=10.1007%2f978-3-319-74030-0_13&partnerID=40&md5=bc2893cc9110003f3e8f581964775743","Conference paper","Final","","Scopus","2-s2.0-85041708555"
"Kalsing A.C.; Iochpe C.; Thom L.H.; Do Nascimento G.S.","Kalsing, André Cristiano (36662455400); Iochpe, Cirano (6507431873); Thom, Lucinéia Heloisa (25121848500); Do Nascimento, Gleison Samuel (35317346300)","36662455400; 6507431873; 25121848500; 35317346300","Re-learning of business process models from legacy system using incremental process mining","2014","Lecture Notes in Business Information Processing","190","","","314","330","16","1","10.1007/978-3-319-09492-2_19","https://www.scopus.com/inward/record.uri?eid=2-s2.0-84927759117&doi=10.1007%2f978-3-319-09492-2_19&partnerID=40&md5=bf49dc66f2bf1f830b81f96040eb6fe1","Conference paper","Final","","Scopus","2-s2.0-84927759117"
"Che H.; Machu Q.; Zhou Y.","Che, Haiying (23974431900); Machu, Quentin (57193807200); Zhou, Yangguang (57193803135)","23974431900; 57193807200; 57193803135","Time drift detection in process mining","2016","Signal and Information Processing, Networking and Computers - Proceedings of the 1st International Congress on Signal and Information Processing, Networking and Computers, ICSINC 2015","","","","99","108","9","0","10.1201/b21308-15","https://www.scopus.com/inward/record.uri?eid=2-s2.0-85016802082&doi=10.1201%2fb21308-15&partnerID=40&md5=27f68e9c646fca0980e7620f3c1f2e5a","Conference paper","Final","","Scopus","2-s2.0-85016802082"
"Ostovar A.; Maaradji A.; La Rosa M.; Ter Hofstede A.H.M.","Ostovar, Alireza (56736539300); Maaradji, Abderrahmane (36242061700); La Rosa, Marcello (23397159700); Ter Hofstede, Arthur H. M. (7004086310)","56736539300; 36242061700; 23397159700; 7004086310","Characterizing drift from event streams of business processes","2017","Lecture Notes in Computer Science (including subseries Lecture Notes in Artificial Intelligence and Lecture Notes in Bioinformatics)","10253 LNCS","","","210","228","18","22","10.1007/978-3-319-59536-8_14","https://www.scopus.com/inward/record.uri?eid=2-s2.0-85021252076&doi=10.1007%2f978-3-319-59536-8_14&partnerID=40&md5=ec38047931fbbb149f8865d81628be19","Conference paper","Final","","Scopus","2-s2.0-85021252076"
"Chatain T.; Carmona J.; van Dongen B.","Chatain, Thomas (13002692800); Carmona, Josep (22333712700); van Dongen, Boudewijn (6602091082)","13002692800; 22333712700; 6602091082","Alignment-based trace clustering","2017","Lecture Notes in Computer Science (including subseries Lecture Notes in Artificial Intelligence and Lecture Notes in Bioinformatics)","10650 LNCS","","","295","308","13","21","10.1007/978-3-319-69904-2_24","https://www.scopus.com/inward/record.uri?eid=2-s2.0-85033445854&doi=10.1007%2f978-3-319-69904-2_24&partnerID=40&md5=bfda66e64e75ea978371e10b62709669","Conference paper","Final","All Open Access; Green Open Access","Scopus","2-s2.0-85033445854"
"Li T.; He T.; Wang Z.; Zhang Y.; Chu D.","Li, Tianyang (56549173000); He, Ting (36453686700); Wang, Zhongjie (14009001300); Zhang, Yufeng (40462843500); Chu, Dianhui (9733764400)","56549173000; 36453686700; 14009001300; 40462843500; 9733764400","Unraveling Process Evolution by Handling Concept Drifts in Process Mining","2017","Proceedings - 2017 IEEE 14th International Conference on Services Computing, SCC 2017","","","8035016","442","449","7","9","10.1109/SCC.2017.63","https://www.scopus.com/inward/record.uri?eid=2-s2.0-85032350208&doi=10.1109%2fSCC.2017.63&partnerID=40&md5=d366b9b6972d691a510002785662440d","Conference paper","Final","","Scopus","2-s2.0-85032350208"
"Zheng C.; Wen L.; Wang J.","Zheng, Canbin (57196329195); Wen, Lijie (14030649200); Wang, Jianmin (16306106100)","57196329195; 14030649200; 16306106100","Detecting process concept drifts from event logs","2017","Lecture Notes in Computer Science (including subseries Lecture Notes in Artificial Intelligence and Lecture Notes in Bioinformatics)","10573 LNCS","","","524","542","18","32","10.1007/978-3-319-69462-7_33","https://www.scopus.com/inward/record.uri?eid=2-s2.0-85032701222&doi=10.1007%2f978-3-319-69462-7_33&partnerID=40&md5=2b59ed1658b3f376de38dc65588f4ffe","Conference paper","Final","","Scopus","2-s2.0-85032701222"
"Greco G.; Terracina G.","Greco, Gianluigi (7101640146); Terracina, Giorgio (7003682146)","7101640146; 7003682146","Frequency-based similarity for parameterized sequences: Formal framework, algorithms, and applications","2013","Information Sciences","237","","","176","195","19","8","10.1016/j.ins.2013.03.016","https://www.scopus.com/inward/record.uri?eid=2-s2.0-84877007259&doi=10.1016%2fj.ins.2013.03.016&partnerID=40&md5=061ed2c07533d112001ed885983b9d55","Article","Final","","Scopus","2-s2.0-84877007259"
"Suriadi S.; Wynn M.T.; Xu J.; van der Aalst W.M.P.; ter Hofstede A.H.M.","Suriadi, Suriadi (57191567233); Wynn, Moe T. (8964287000); Xu, Jingxin (56962709700); van der Aalst, Wil M.P. (7007153024); ter Hofstede, Arthur H.M. (7004086310)","57191567233; 8964287000; 56962709700; 7007153024; 7004086310","Discovering work prioritisation patterns from event logs","2017","Decision Support Systems","100","","","77","92","15","22","10.1016/j.dss.2017.02.002","https://www.scopus.com/inward/record.uri?eid=2-s2.0-85017375984&doi=10.1016%2fj.dss.2017.02.002&partnerID=40&md5=abcaa29d7743a4e4ea5fcb302bd82414","Article","Final","All Open Access; Green Open Access","Scopus","2-s2.0-85017375984"
"Ferilli S.","Ferilli, Stefano (35502407200)","35502407200","WoMan: Logic-based workflow learning and management","2014","IEEE Transactions on Systems, Man, and Cybernetics: Systems","44","6","6578158","744","756","12","37","10.1109/TSMC.2013.2273310","https://www.scopus.com/inward/record.uri?eid=2-s2.0-84901280175&doi=10.1109%2fTSMC.2013.2273310&partnerID=40&md5=a4edc82243924a40eb0b200ef14c998d","Article","Final","","Scopus","2-s2.0-84901280175"
"Yoo S.; Cho M.; Kim E.; Kim S.; Sim Y.; Yoo D.; Hwang H.; Song M.","Yoo, Sooyoung (8426359900); Cho, Minsu (36788260900); Kim, Eunhye (55561567700); Kim, Seok (55351915400); Sim, Yerim (57117448800); Yoo, Donghyun (56353700900); Hwang, Hee (8632587500); Song, Minseok (57198324241)","8426359900; 36788260900; 55561567700; 55351915400; 57117448800; 56353700900; 8632587500; 57198324241","Assessment of hospital processes using a process mining technique: Outpatient process analysis at a tertiary hospital","2016","International Journal of Medical Informatics","88","","","34","43","9","38","10.1016/j.ijmedinf.2015.12.018","https://www.scopus.com/inward/record.uri?eid=2-s2.0-84958225468&doi=10.1016%2fj.ijmedinf.2015.12.018&partnerID=40&md5=d3c1ca082954e5ff69892b27ca7fbbda","Article","Final","","Scopus","2-s2.0-84958225468"
"Sun Y.; Du Y.; Li M.","Sun, Yanan (58392237000); Du, Yuyue (23990130300); Li, Maozhen (7405263968)","58392237000; 23990130300; 7405263968","A Repair of Workflow Models Based on Mirroring Matrices","2017","International Journal of Parallel Programming","45","4","","1001","1020","19","11","10.1007/s10766-016-0438-1","https://www.scopus.com/inward/record.uri?eid=2-s2.0-84968624688&doi=10.1007%2fs10766-016-0438-1&partnerID=40&md5=6e2435c2cb70fc154dbffdd639eea6cd","Article","Final","","Scopus","2-s2.0-84968624688"
"Pascual González D.; Vázquez Mesa F.D.; Toro Pozo J.L.","Pascual González, Damaris (56177571900); Vázquez Mesa, Fernando Daniel (56178162000); Toro Pozo, Jorge Luis (56177849800)","56177571900; 56178162000; 56177849800","Noise detection and learning based on current information; [Detección de ruido y aprendizaje basado en información actual]","2014","Computacion y Sistemas","18","1","","153","167","14","1","10.13053/CyS-18-1-2014-025","https://www.scopus.com/inward/record.uri?eid=2-s2.0-84901359845&doi=10.13053%2fCyS-18-1-2014-025&partnerID=40&md5=a312576f044a932d02d68cb17c9da400","Article","Final","","Scopus","2-s2.0-84901359845"
"Bose R.P.J.C.; Mans R.S.; Van Der Aalst W.M.P.","Bose, R.P. Jagadeesh Chandra (57538913100); Mans, Ronny S. (23100144700); Van Der Aalst, Wil M.P. (7007153024)","57538913100; 23100144700; 7007153024","Wanna improve process mining results?","2013","Proceedings of the 2013 IEEE Symposium on Computational Intelligence and Data Mining, CIDM 2013 - 2013 IEEE Symposium Series on Computational Intelligence, SSCI 2013","","","6597227","127","134","7","147","10.1109/CIDM.2013.6597227","https://www.scopus.com/inward/record.uri?eid=2-s2.0-84883597918&doi=10.1109%2fCIDM.2013.6597227&partnerID=40&md5=7dd856e0ff5a3bc6bd6bc1ee77bb94c2","Conference paper","Final","","Scopus","2-s2.0-84883597918"
"Weber P.; Tiňo P.; Bordbar B.","Weber, Phil (37040004000); Tiňo, Peter (6701490097); Bordbar, Behzad (8697044300)","37040004000; 6701490097; 8697044300","Process mining in non-stationary environments","2012","ESANN 2012 proceedings, 20th European Symposium on Artificial Neural Networks, Computational Intelligence and Machine Learning","","","","37","42","5","2","","https://www.scopus.com/inward/record.uri?eid=2-s2.0-84947770376&partnerID=40&md5=ff108782305b2e60d7d960fdacf177cc","Conference paper","Final","","Scopus","2-s2.0-84947770376"
"Karnok D.; Monostori L.","Karnok, D. (16480627100); Monostori, L. (34572186000)","16480627100; 34572186000","Determination of routings and process time information from event logs","2011","IFAC Proceedings Volumes (IFAC-PapersOnline)","44","1 PART 1","","14055","14060","5","4","10.3182/20110828-6-IT-1002.01448","https://www.scopus.com/inward/record.uri?eid=2-s2.0-84866747244&doi=10.3182%2f20110828-6-IT-1002.01448&partnerID=40&md5=040900a2b161fe2710df691a0fb3dd51","Conference paper","Final","All Open Access; Bronze Open Access; Green Open Access","Scopus","2-s2.0-84866747244"
"Bernardi M.L.; Cimitile M.; Maggi F.M.","Bernardi, Mario Luca (57195515766); Cimitile, Marta (23392132800); Maggi, Fabrizio M. (35318465800)","57195515766; 23392132800; 35318465800","Discovering cross-organizational business rules from the cloud","2015","IEEE SSCI 2014 - 2014 IEEE Symposium Series on Computational Intelligence - CIDM 2014: 2014 IEEE Symposium on Computational Intelligence and Data Mining, Proceedings","","","7008694","389","396","7","9","10.1109/CIDM.2014.7008694","https://www.scopus.com/inward/record.uri?eid=2-s2.0-84925060988&doi=10.1109%2fCIDM.2014.7008694&partnerID=40&md5=d5684aee0b5a9ca80ec19fde2af92d2e","Conference paper","Final","","Scopus","2-s2.0-84925060988"
"Van Der Aalst W.M.P.","Van Der Aalst, W.M.P. (7007153024)","7007153024","Do petri nets provide the right representational bias for process mining? (short paper)","2011","CEUR Workshop Proceedings","725","","","85","94","9","8","","https://www.scopus.com/inward/record.uri?eid=2-s2.0-84890770213&partnerID=40&md5=64a40d2f9e4f8920e659c69edda1cf58","Conference paper","Final","","Scopus","2-s2.0-84890770213"
"Hompes B.F.A.; Buijs J.C.A.M.; Van Der Aalst W.M.P.; Dixit P.M.; Buurman J.","Hompes, B.F.A. (56437738100); Buijs, J.C.A.M. (36917938400); Van Der Aalst, W.M.P. (7007153024); Dixit, P.M. (57188727980); Buurman, J. (6603958855)","56437738100; 36917938400; 7007153024; 57188727980; 6603958855","Detecting change in procebes using comparative trace clustering","2015","CEUR Workshop Proceedings","1527","","","95","108","13","30","","https://www.scopus.com/inward/record.uri?eid=2-s2.0-84962593588&partnerID=40&md5=91bbc817204e78ff6f99f65436c2de7c","Conference paper","Final","","Scopus","2-s2.0-84962593588"
"Kumar M.M.V.; Thomas L.; Annappa B.","Kumar, Manoj M. V. (58680083300); Thomas, Likewin (37049292400); Annappa, B. (35179174200)","58680083300; 37049292400; 35179174200","Concept drifts detection and localisation in process mining","2016","Information (Japan)","19","10","","4617","4621","4","0","","https://www.scopus.com/inward/record.uri?eid=2-s2.0-85017166613&partnerID=40&md5=1cf22d76183eccc33014f19f6d4e8fb9","Article","Final","","Scopus","2-s2.0-85017166613"
"Soylu A.; Mödritscher F.; Wild F.; de Causmaecker P.; Desmet P.","Soylu, Ahmet (35243744400); Mödritscher, Felix (14042188600); Wild, Fridolin (55876635700); de Causmaecker, Patrick (54891852800); Desmet, Piet (56573761000)","35243744400; 14042188600; 55876635700; 54891852800; 56573761000","Mashups by orchestration and widget-based personal environments: Key challenges, solution strategies, and an application","2012","Program","46","4","","383","428","45","32","10.1108/00330331211276486","https://www.scopus.com/inward/record.uri?eid=2-s2.0-84866866281&doi=10.1108%2f00330331211276486&partnerID=40&md5=d8b67e9ba220bdd7a3532c9ae76a25fb","Article","Final","All Open Access; Green Open Access","Scopus","2-s2.0-84866866281"
"Dumas M.; García-Bañuelos L.","Dumas, Marlon (7201354798); García-Bañuelos, Luciano (8283156200)","7201354798; 8283156200","Process mining reloaded: Event structures as a unified representation of process models and event logs","2015","Lecture Notes in Computer Science (including subseries Lecture Notes in Artificial Intelligence and Lecture Notes in Bioinformatics)","9115","","","33","48","15","27","10.1007/978-3-319-19488-2_2","https://www.scopus.com/inward/record.uri?eid=2-s2.0-84937458383&doi=10.1007%2f978-3-319-19488-2_2&partnerID=40&md5=a2229ffc236010b8c9dd36348333fd12","Conference paper","Final","","Scopus","2-s2.0-84937458383"
"Seeliger A.; Nolle T.; Mühlhäuser M.","Seeliger, Alexander (57090407200); Nolle, Timo (57191836671); Mühlhäuser, Max (7003434700)","57090407200; 57191836671; 7003434700","Detecting concept drift in processes using graph metrics on process graphs","2017","ACM International Conference Proceeding Series","Part F127185","","a6","","","","9","10.1145/3040565.3040566","https://www.scopus.com/inward/record.uri?eid=2-s2.0-85021972833&doi=10.1145%2f3040565.3040566&partnerID=40&md5=56b50ee11294c8b2308a0925b969dc10","Conference paper","Final","","Scopus","2-s2.0-85021972833"
"Weller T.; Maleshkova M.","Weller, Tobias (56208626600); Maleshkova, Maria (36706361500)","56208626600; 36706361500","Annotating sBPMN elements with their likelihood of occurrence","2017","CEUR Workshop Proceedings","2063","","","","","","0","","https://www.scopus.com/inward/record.uri?eid=2-s2.0-85044523393&partnerID=40&md5=e2568ad4470d56ba8aba99929c1e1510","Conference paper","Final","","Scopus","2-s2.0-85044523393"
"Deng S.; Wang D.; Li Y.; Cao B.; Yin J.; Wu Z.; Zhou M.","Deng, Shuiguang (36136773800); Wang, Dongjing (55522665700); Li, Ying (55945677900); Cao, Bin (7102832618); Yin, Jianwei (8249720800); Wu, Zhaohui (7501411463); Zhou, Mengchu (7403506743)","36136773800; 55522665700; 55945677900; 7102832618; 8249720800; 7501411463; 7403506743","A Recommendation System to Facilitate Business Process Modeling","2017","IEEE Transactions on Cybernetics","47","6","7447788","1380","1394","14","54","10.1109/TCYB.2016.2545688","https://www.scopus.com/inward/record.uri?eid=2-s2.0-84963636480&doi=10.1109%2fTCYB.2016.2545688&partnerID=40&md5=1cbbb466deb12d2c75505e0ea1f52ef1","Article","Final","","Scopus","2-s2.0-84963636480"
"Hompes B.F.A.; Buijs J.C.A.M.; van der Aalst W.M.P.; Dixit P.M.; Buurman J.","Hompes, B.F.A. (56437738100); Buijs, J.C.A.M. (36917938400); van der Aalst, Wil M. P. (7007153024); Dixit, P.M. (57188727980); Buurman, J. (6603958855)","56437738100; 36917938400; 7007153024; 57188727980; 6603958855","Detecting changes in process behavior using comparative case clustering","2017","Lecture Notes in Business Information Processing","244","","","54","75","21","11","10.1007/978-3-319-53435-0_3","https://www.scopus.com/inward/record.uri?eid=2-s2.0-85012965311&doi=10.1007%2f978-3-319-53435-0_3&partnerID=40&md5=b0d0c41b29c1b7863ce4a66cb98bb9fd","Conference paper","Final","","Scopus","2-s2.0-85012965311"
"Yuan G.-Y.; Zeng Q.-T.; Duan H.; Lu F.-M.; Zhou C.-H.","Yuan, Gui-yuan (57188859186); Zeng, Qing-tian (7401806588); Duan, Hua (57203551563); Lu, Fa-ming (12240908100); Zhou, Chang-hong (56486455800)","57188859186; 7401806588; 57203551563; 12240908100; 56486455800","A management tool for distributed heterogeneous process logs","2016","Communications in Computer and Information Science","602","","","79","86","7","0","10.1007/978-981-10-1019-4_7","https://www.scopus.com/inward/record.uri?eid=2-s2.0-84963904700&doi=10.1007%2f978-981-10-1019-4_7&partnerID=40&md5=7fc98c72cf9a761c5f0f7595115c0997","Conference paper","Final","","Scopus","2-s2.0-84963904700"
"Miao Y.-Q.; Farahat A.K.; Kamel M.S.","Miao, Yun-Qian (35932206700); Farahat, Ahmed K. (55002325200); Kamel, Mohamed S. (57203054730)","35932206700; 55002325200; 57203054730","Discriminative density-ratio estimation","2014","SIAM International Conference on Data Mining 2014, SDM 2014","2","","","830","838","8","3","10.1137/1.9781611973440.95","https://www.scopus.com/inward/record.uri?eid=2-s2.0-84959906032&doi=10.1137%2f1.9781611973440.95&partnerID=40&md5=ceccb850e29f042c208fceea662eb981","Conference paper","Final","All Open Access; Green Open Access","Scopus","2-s2.0-84959906032"
"Bose R.P.J.C.; Van Der Aalst W.M.P.","Bose, R. P. Jagadeesh Chandra (57538913100); Van Der Aalst, Wil M. P. (7007153024)","57538913100; 7007153024","When process mining meets bioinformatics","2012","Lecture Notes in Business Information Processing","107 LNBIP","","","202","217","15","5","10.1007/978-3-642-29749-6_14","https://www.scopus.com/inward/record.uri?eid=2-s2.0-84861131983&doi=10.1007%2f978-3-642-29749-6_14&partnerID=40&md5=12ec8641791e07790629024bbd242784","Conference paper","Final","All Open Access; Bronze Open Access","Scopus","2-s2.0-84861131983"
"Huang F.F.; Zhang L.Q.; Li Z.","Huang, Fang Fang (56319491100); Zhang, Li Qun (9842927900); Li, Zhao (55707085400)","56319491100; 9842927900; 55707085400","Time prediction based on process mining taking concept drift into consideration","2014","Advanced Materials Research","989-994","","","2101","2105","4","1","10.4028/www.scientific.net/AMR.989-994.2101","https://www.scopus.com/inward/record.uri?eid=2-s2.0-84905828008&doi=10.4028%2fwww.scientific.net%2fAMR.989-994.2101&partnerID=40&md5=9d0e027790c7f1f4dfd38700c23a251e","Conference paper","Final","","Scopus","2-s2.0-84905828008"
"Van Der Aalst W.M.P.","Van Der Aalst, Wil M.P. (7007153024)","7007153024","Distributed process discovery and conformance checking","2012","Lecture Notes in Computer Science (including subseries Lecture Notes in Artificial Intelligence and Lecture Notes in Bioinformatics)","7212 LNCS","","","1","25","24","44","10.1007/978-3-642-28872-2_1","https://www.scopus.com/inward/record.uri?eid=2-s2.0-84859116320&doi=10.1007%2f978-3-642-28872-2_1&partnerID=40&md5=3d5fdcc99938c92599502c0ebafef416","Conference paper","Final","All Open Access; Bronze Open Access","Scopus","2-s2.0-84859116320"
"Barbon S., Jr.; Tavares G.M.; Ceravolo P.; Damiani E.","Barbon, Sylvio (58510258300); Tavares, Gabriel Marques (57200260509); Ceravolo, Paolo (6506416314); Damiani, Ernesto (57195375517)","58510258300; 57200260509; 6506416314; 57195375517","A framework for trace clustering and concept-drift detection in event streams","2017","CEUR Workshop Proceedings","2016","","","153","154","1","0","","https://www.scopus.com/inward/record.uri?eid=2-s2.0-85040512185&partnerID=40&md5=c398e80798ec6b62f2f4728138d2814f","Conference paper","Final","","Scopus","2-s2.0-85040512185"
"Van Der Aalst W.M.P.","Van Der Aalst, Wil M.P. (7007153024)","7007153024","Mediating between modeled and observed behavior: The quest for the 'right' process: Keynote","2013","Proceedings - International Conference on Research Challenges in Information Science","","","6577675","","","","13","10.1109/RCIS.2013.6577675","https://www.scopus.com/inward/record.uri?eid=2-s2.0-84884127659&doi=10.1109%2fRCIS.2013.6577675&partnerID=40&md5=0368a0d5cf1890c45d0d6209c7e31126","Conference paper","Final","","Scopus","2-s2.0-84884127659"
"Chabrol M.; Dalmas B.; Norre S.; Rodier S.","Chabrol, Michelle (55920830200); Dalmas, Benjamin (57191161172); Norre, Sylvie (6506478061); Rodier, Sophie (14833384900)","55920830200; 57191161172; 6506478061; 14833384900","A process tree-based algorithm for the detection of implicit dependencies","2016","Proceedings - International Conference on Research Challenges in Information Science","2016-August","","7549357","","","","5","10.1109/RCIS.2016.7549357","https://www.scopus.com/inward/record.uri?eid=2-s2.0-84987667440&doi=10.1109%2fRCIS.2016.7549357&partnerID=40&md5=6a911b1cbc35933b1ec0d59081a38d5a","Conference paper","Final","","Scopus","2-s2.0-84987667440"
"Xu T.; Meng Y.; Lu M.","Xu, Tao (56542275900); Meng, Ye (57190617074); Lu, Min (55460820400)","56542275900; 57190617074; 55460820400","Activity mining for airport event logs based on RankClus algorithm","2016","Dianzi Yu Xinxi Xuebao/Journal of Electronics and Information Technology","38","8","","2033","2039","6","0","10.11999/JEIT151137","https://www.scopus.com/inward/record.uri?eid=2-s2.0-84981703772&doi=10.11999%2fJEIT151137&partnerID=40&md5=2d2a9fbe2d0bf6a30bef7d6ac6799279","Article","Final","","Scopus","2-s2.0-84981703772"
"Burattin A.","Burattin, Andrea (38361002000)","38361002000","Process mining techniques in business environments: Theoretical aspects, algorithms, techniques and open challenges in process mining","2015","Lecture Notes in Business Information Processing","207","","","1","220","219","12","10.1007/978-3-319-17482-2_1","https://www.scopus.com/inward/record.uri?eid=2-s2.0-84995877994&doi=10.1007%2f978-3-319-17482-2_1&partnerID=40&md5=5e212fb95e4b1b60ab03113e406d0ea1","Book chapter","Final","","Scopus","2-s2.0-84995877994"
"Redlich D.; Molka T.; Gilani W.; Blair G.; Rashid A.","Redlich, David (36100414300); Molka, Thomas (55576494800); Gilani, Wasif (14832607600); Blair, Gordon (7202759157); Rashid, Awais (7102299639)","36100414300; 55576494800; 14832607600; 7202759157; 7102299639","Dynamic constructs competition miner - occurrence- vs. time-based ageing","2015","Lecture Notes in Business Information Processing","237","","","79","106","27","2","10.1007/978-3-319-27243-6_4","https://www.scopus.com/inward/record.uri?eid=2-s2.0-84952786682&doi=10.1007%2f978-3-319-27243-6_4&partnerID=40&md5=cfdfcc95fb87d039c91d0ed718cd1f7a","Conference paper","Final","All Open Access; Bronze Open Access; Green Open Access","Scopus","2-s2.0-84952786682"
"Burattin A.; Carmona J.","Burattin, Andrea (38361002000); Carmona, Josep (22333712700)","38361002000; 22333712700","A framework for online conformance checking","2018","Lecture Notes in Business Information Processing","308","","","165","177","12","40","10.1007/978-3-319-74030-0_12","https://www.scopus.com/inward/record.uri?eid=2-s2.0-85041704589&doi=10.1007%2f978-3-319-74030-0_12&partnerID=40&md5=74f2152d4d8c304502cbe3eee7bd26e3","Conference paper","Final","All Open Access; Green Open Access","Scopus","2-s2.0-85041704589"
"Van Dongen B.F.; Shabani Sh.","Van Dongen, B.F. (6602091082); Shabani, Sh. (56728254600)","6602091082; 56728254600","Relational XES: Data management for process mining","2015","CEUR Workshop Proceedings","1367","","","169","176","7","19","","https://www.scopus.com/inward/record.uri?eid=2-s2.0-84937436120&partnerID=40&md5=29bdbac129e9e7bf33934100623e33f8","Conference paper","Final","","Scopus","2-s2.0-84937436120"
"Van Der Aalst W.M.P.; Dustdar S.","Van Der Aalst, Wil M.P. (7007153024); Dustdar, Schahram (6701473617)","7007153024; 6701473617","Process mining put into context","2012","IEEE Internet Computing","16","1","6123703","82","86","4","96","10.1109/MIC.2012.12","https://www.scopus.com/inward/record.uri?eid=2-s2.0-84855703355&doi=10.1109%2fMIC.2012.12&partnerID=40&md5=75e30c900010a8a66ad62e43ddde7147","Article","Final","","Scopus","2-s2.0-84855703355"
"Van Zelst S.J.; Burattin A.; Van Dongen B.F.; Verbeek H.M.W.","Van Zelst, S.J. (35076831500); Burattin, A. (38361002000); Van Dongen, B.F. (6602091082); Verbeek, H.M.W. (7006780913)","35076831500; 38361002000; 6602091082; 7006780913","Data streams in ProM 6: A single-node architecture","2014","CEUR Workshop Proceedings","1295","","","81","85","4","6","","https://www.scopus.com/inward/record.uri?eid=2-s2.0-84915746543&partnerID=40&md5=4e489d0555c2f5e6d053c8f8e3b597ad","Conference paper","Final","","Scopus","2-s2.0-84915746543"
"Reichert M.; Weber B.","Reichert, Manfred (9734809800); Weber, Barbara (7401435414)","9734809800; 7401435414","Enabling flexibility in process-aware information systems: Challenges, methods, technologies","2012","Enabling Flexibility in Process-Aware Information Systems: Challenges, Methods, Technologies","","","","1","515","514","500","10.1007/978-3-642-30409-5","https://www.scopus.com/inward/record.uri?eid=2-s2.0-84955114612&doi=10.1007%2f978-3-642-30409-5&partnerID=40&md5=39216f528970afb31a90db4d51bf6f9d","Book","Final","All Open Access; Green Open Access","Scopus","2-s2.0-84955114612"
"Munoz-Gama J.; Echizen I.","Munoz-Gama, Jorge (36603094000); Echizen, Isao (6602366829)","36603094000; 6602366829","Insuring sensitive processes through process mining","2012","Proceedings - IEEE 9th International Conference on Ubiquitous Intelligence and Computing and IEEE 9th International Conference on Autonomic and Trusted Computing, UIC-ATC 2012","","","6332034","447","454","7","4","10.1109/UIC-ATC.2012.83","https://www.scopus.com/inward/record.uri?eid=2-s2.0-84869767225&doi=10.1109%2fUIC-ATC.2012.83&partnerID=40&md5=3b3fe23dc0f389a726bbb38dd0c3fb49","Conference paper","Final","","Scopus","2-s2.0-84869767225"
"Katzouris N.; Artikis A.; Paliouras G.","Katzouris, Nikos (55937434800); Artikis, Alexander (6602748562); Paliouras, Georgios (6602657411)","55937434800; 6602748562; 6602657411","Incremental learning of event definitions with Inductive Logic Programming","2015","Machine Learning","100","2-3","","555","585","30","57","10.1007/s10994-015-5512-1","https://www.scopus.com/inward/record.uri?eid=2-s2.0-84939256422&doi=10.1007%2fs10994-015-5512-1&partnerID=40&md5=96d57db2958366f218a8606b5529b595","Article","Final","All Open Access; Bronze Open Access; Green Open Access","Scopus","2-s2.0-84939256422"
"Manoj Kumar M.V.; Thomas L.; Annappa B.","Manoj Kumar, M.V. (57218772075); Thomas, Likewin (37049292400); Annappa, B. (35179174200)","57218772075; 37049292400; 35179174200","Phenomenon of concept drift from process mining insight","2014","Souvenir of the 2014 IEEE International Advance Computing Conference, IACC 2014","","","6779378","517","522","5","2","10.1109/IAdCC.2014.6779378","https://www.scopus.com/inward/record.uri?eid=2-s2.0-84899061529&doi=10.1109%2fIAdCC.2014.6779378&partnerID=40&md5=8fa06d5c8a6c5714149fcb1ed9a0b50b","Conference paper","Final","","Scopus","2-s2.0-84899061529"
"Burattin A.; Cimitile M.; Maggi F.M.; Sperduti A.","Burattin, Andrea (38361002000); Cimitile, Marta (23392132800); Maggi, Fabrizio M. (35318465800); Sperduti, Alessandro (7004071191)","38361002000; 23392132800; 35318465800; 7004071191","Online Discovery of Declarative Process Models from Event Streams","2015","IEEE Transactions on Services Computing","8","6","7164336","833","846","13","68","10.1109/TSC.2015.2459703","https://www.scopus.com/inward/record.uri?eid=2-s2.0-84961797482&doi=10.1109%2fTSC.2015.2459703&partnerID=40&md5=573ae435baa66db7a9405d571b07208a","Article","Final","","Scopus","2-s2.0-84961797482"
"Kala T.; Maggi F.M.; Di Ciccio C.; Di Francescomarino C.","Kala, Taavi (57191878399); Maggi, Fabrizio Maria (35318465800); Di Ciccio, Claudio (35193494400); Di Francescomarino, Chiara (25928227700)","57191878399; 35318465800; 35193494400; 25928227700","Apriori and sequence analysis for discovering declarative process models","2016","Proceedings - 2016 IEEE 20th International Enterprise Distributed Object Computing Conference, EDOC 2016","","","7579378","50","58","8","10","10.1109/EDOC.2016.7579378","https://www.scopus.com/inward/record.uri?eid=2-s2.0-84994443291&doi=10.1109%2fEDOC.2016.7579378&partnerID=40&md5=d52bc5ff28d19b50f54d3073e1fd5bf8","Conference paper","Final","All Open Access; Green Open Access","Scopus","2-s2.0-84994443291"
"Yahya B.N.; Khosiawan Y.; Choi W.; Do N.A.D.","Yahya, Bernardo Nugroho (24529414200); Khosiawan, Yohanes (56155664100); Choi, Woosik (57143349000); Do, Ngoc Anh Dung (56191206500)","24529414200; 56155664100; 57143349000; 56191206500","RT-PLG: Real time process log generator","2016","Advances in Intelligent Systems and Computing","431","","","127","138","11","0","10.1007/978-3-319-28564-1_11","https://www.scopus.com/inward/record.uri?eid=2-s2.0-84959283375&doi=10.1007%2f978-3-319-28564-1_11&partnerID=40&md5=28314e6060da70e5190cb3501769b2b0","Conference paper","Final","All Open Access; Green Open Access","Scopus","2-s2.0-84959283375"
"Burattin A.; Cimitile M.; Maggi F.M.","Burattin, Andrea (38361002000); Cimitile, Marta (23392132800); Maggi, Fabrizio Maria (35318465800)","38361002000; 23392132800; 35318465800","Lights, camera, action! Business process movies for online process discovery","2015","Lecture Notes in Business Information Processing","202","","","408","419","11","18","10.1007/978-3-319-15895-2_34","https://www.scopus.com/inward/record.uri?eid=2-s2.0-84929893374&doi=10.1007%2f978-3-319-15895-2_34&partnerID=40&md5=d834fbeca38318f9a84e997436f660e9","Conference paper","Final","","Scopus","2-s2.0-84929893374"
"Luengo D.; Sepúlveda M.","Luengo, Daniela (57220349985); Sepúlveda, Marcos (7005859415)","57220349985; 7005859415","Applying clustering in process mining to find different versions of a business process that changes over time","2012","Lecture Notes in Business Information Processing","99 LNBIP","PART 1","","153","158","5","40","10.1007/978-3-642-28108-2_15","https://www.scopus.com/inward/record.uri?eid=2-s2.0-84856585039&doi=10.1007%2f978-3-642-28108-2_15&partnerID=40&md5=0eee4825c1c192b31f5e24d8f46602c8","Conference paper","Final","","Scopus","2-s2.0-84856585039"
"Richter F.; Seidl T.","Richter, Florian (57189055877); Seidl, Thomas (7003963258)","57189055877; 7003963258","TESSERACT: Time-drifts in event streams using series of evolving rolling averages of completion times","2017","Lecture Notes in Computer Science (including subseries Lecture Notes in Artificial Intelligence and Lecture Notes in Bioinformatics)","10445 LNCS","","","289","305","16","9","10.1007/978-3-319-65000-517","https://www.scopus.com/inward/record.uri?eid=2-s2.0-85057430415&doi=10.1007%2f978-3-319-65000-517&partnerID=40&md5=0fd4181e719875028e9ea14bfc55af21","Conference paper","Final","","Scopus","2-s2.0-85057430415"
"Martjushev J.; Jagadeesh Chandra Bose R.P.; van der Aalst W.M.P.","Martjushev, J. (57016748700); Jagadeesh Chandra Bose, R.P. (34976807600); van der Aalst, Wil M. P. (7007153024)","57016748700; 34976807600; 7007153024","Change point detection and dealing with gradual and multi-order dynamics in process mining","2015","Lecture Notes in Business Information Processing","229","","","161","178","17","36","10.1007/978-3-319-21915-8_11","https://www.scopus.com/inward/record.uri?eid=2-s2.0-84951276380&doi=10.1007%2f978-3-319-21915-8_11&partnerID=40&md5=c8b369641b4a6b2dd55a6d8cbd964420","Conference paper","Final","","Scopus","2-s2.0-84951276380"
"Carmona J.","Carmona, Josep (22333712700)","22333712700","The alignment of formal, structured and unstructured process descriptions","2017","Lecture Notes in Computer Science (including subseries Lecture Notes in Artificial Intelligence and Lecture Notes in Bioinformatics)","10258 LNCS","","","3","11","8","3","10.1007/978-3-319-57861-3_1","https://www.scopus.com/inward/record.uri?eid=2-s2.0-85019248464&doi=10.1007%2f978-3-319-57861-3_1&partnerID=40&md5=a98ea296eb8cc5278c48afa6dea90889","Conference paper","Final","All Open Access; Green Open Access","Scopus","2-s2.0-85019248464"
"Räim M.; Di Ciccio C.; Maria Maggi F.; Mecella M.; Mendling J.","Räim, Margus (56413003500); Di Ciccio, Claudio (35193494400); Maria Maggi, Fabrizio (35318465800); Mecella, Massimo (6602717537); Mendling, Jan (6503908779)","56413003500; 35193494400; 35318465800; 6602717537; 6503908779","Log-based understanding of business processes through temporal logic query checking","2014","Lecture Notes in Computer Science (including subseries Lecture Notes in Artificial Intelligence and Lecture Notes in Bioinformatics)","8841","","","75","92","17","30","10.1007/978-3-662-45563-0_5","https://www.scopus.com/inward/record.uri?eid=2-s2.0-84909992217&doi=10.1007%2f978-3-662-45563-0_5&partnerID=40&md5=59a30309bdd67c0fc0b243eb5ae696c9","Conference paper","Final","","Scopus","2-s2.0-84909992217"
"Thomas L.; Manoj Kumar M.V.; Annappa B.","Thomas, Likewin (37049292400); Manoj Kumar, M.V. (57218772075); Annappa, B. (35179174200)","37049292400; 57218772075; 35179174200","Efficient process mining through critical path network analysis","2014","Souvenir of the 2014 IEEE International Advance Computing Conference, IACC 2014","","","6779377","511","516","5","0","10.1109/IAdCC.2014.6779377","https://www.scopus.com/inward/record.uri?eid=2-s2.0-84899059469&doi=10.1109%2fIAdCC.2014.6779377&partnerID=40&md5=a2ef4d255d0635b8e59b664eed7a9894","Conference paper","Final","","Scopus","2-s2.0-84899059469"
"Sheu P.C.Y.","Sheu, Phillip C. Y. (57225378817)","57225378817","Semantic Computing","2017","Semantic Computing","","","","1","241","240","1","10.1142/10651","https://www.scopus.com/inward/record.uri?eid=2-s2.0-85124867900&doi=10.1142%2f10651&partnerID=40&md5=2bac183965e6a82bd517c26d3dc9620a","Book","Final","","Scopus","2-s2.0-85124867900"
"Maaradji A.; Dumas M.; Rosa M.L.; Ostovar A.","Maaradji, Abderrahmane (36242061700); Dumas, Marlon (7201354798); Rosa, Marcello La (23397159700); Ostovar, Alireza (56736539300)","36242061700; 7201354798; 23397159700; 56736539300","Detecting sudden and gradual drifts in business processes from execution traces","2017","IEEE Transactions on Knowledge and Data Engineering","29","10","7959545","2140","2154","14","74","10.1109/TKDE.2017.2720601","https://www.scopus.com/inward/record.uri?eid=2-s2.0-85021917768&doi=10.1109%2fTKDE.2017.2720601&partnerID=40&md5=2e15744116e6d78402a153ec126d92db","Article","Final","All Open Access; Green Open Access","Scopus","2-s2.0-85021917768"
"Evermann J.; Rehse J.-R.; Fettke P.","Evermann, Joerg (8625437800); Rehse, Jana-Rebecca (56819108000); Fettke, Peter (55888276100)","8625437800; 56819108000; 55888276100","Process discovery from event stream data in the cloud - A scalable, distributed implementation of the flexible heuristics miner on the amazon kinesis cloud infrastructure","2016","Proceedings of the International Conference on Cloud Computing Technology and Science, CloudCom","0","","7830752","645","652","7","3","10.1109/CloudCom.2016.0111","https://www.scopus.com/inward/record.uri?eid=2-s2.0-85013020858&doi=10.1109%2fCloudCom.2016.0111&partnerID=40&md5=a64608f8fa809da801cf93ea7e524103","Conference paper","Final","","Scopus","2-s2.0-85013020858"
"Maaradji A.; Dumas M.; La Rosa M.; Ostovar A.","Maaradji, Abderrahmane (36242061700); Dumas, Marlon (7201354798); La Rosa, Marcello (23397159700); Ostovar, Alireza (56736539300)","36242061700; 7201354798; 23397159700; 56736539300","Fast and accurate business process drift detection","2015","Lecture Notes in Computer Science (including subseries Lecture Notes in Artificial Intelligence and Lecture Notes in Bioinformatics)","9253","","","406","422","16","63","10.1007/978-3-319-23063-4_27","https://www.scopus.com/inward/record.uri?eid=2-s2.0-84944710205&doi=10.1007%2f978-3-319-23063-4_27&partnerID=40&md5=6d3691c3a6f8d7a765a7558e8e23c332","Conference paper","Final","All Open Access; Green Open Access","Scopus","2-s2.0-84944710205"
"Wang J.; Zhu B.; Wang Y.; Huang L.","Wang, Jie (57261094600); Zhu, Bing (57243618100); Wang, Ying (56204185700); Huang, Lei (57302653000)","57261094600; 57243618100; 56204185700; 57302653000","Mining organizational behaviors in collaborative logistics chain: An empirical study in a port","2016","2016 International Conference on Logistics, Informatics and Service Sciences, LISS 2016","","","7854453","","","","4","10.1109/LISS.2016.7854453","https://www.scopus.com/inward/record.uri?eid=2-s2.0-85114121035&doi=10.1109%2fLISS.2016.7854453&partnerID=40&md5=fae4d6c7c422f53ae2a89779069141e7","Conference paper","Final","","Scopus","2-s2.0-85114121035"
"","","","CEUR Workshop Proceedings","2015","CEUR Workshop Proceedings","1371","January","","","","149","0","","https://www.scopus.com/inward/record.uri?eid=2-s2.0-84938082188&partnerID=40&md5=0f1f323b47edde63c00913ba61ec3da1","Conference review","Final","","Scopus","2-s2.0-84938082188"
"van der Aalst W.M.P.","van der Aalst, W.M.P. (7007153024)","7007153024","What makes a good process model?: Lessons learned from process mining","2012","Software and Systems Modeling","11","4","","557","569","12","17","10.1007/s10270-012-0265-9","https://www.scopus.com/inward/record.uri?eid=2-s2.0-84867896696&doi=10.1007%2fs10270-012-0265-9&partnerID=40&md5=4b7f537780a988ad66091402c63aed0a","Article","Final","","Scopus","2-s2.0-84867896696"
"Van Der Aalst W.M.P.","Van Der Aalst, Wil M. P. (7007153024)","7007153024","Process cubes: Slicing, dicing, rolling up and drilling down event data for process mining","2017","Lecture Notes in Business Information Processing","159","","","1","22","21","33","","https://www.scopus.com/inward/record.uri?eid=2-s2.0-85029702838&partnerID=40&md5=0a16a331fd81f71645702bec402e370e","Conference paper","Final","","Scopus","2-s2.0-85029702838"
"Stocker T.","Stocker, Thomas (34977778000)","34977778000","Time-based trace clustering for evolution-aware security audits","2012","Lecture Notes in Business Information Processing","100 LNBIP","PART 2","","471","476","5","5","10.1007/978-3-642-28115-0_45","https://www.scopus.com/inward/record.uri?eid=2-s2.0-84856564848&doi=10.1007%2f978-3-642-28115-0_45&partnerID=40&md5=dcb7a3acfde73e3a588eced3112907f5","Conference paper","Final","","Scopus","2-s2.0-84856564848"
"Pravilovic S.; Appice A.; Malerba D.","Pravilovic, Sonja (55805078500); Appice, Annalisa (6603601473); Malerba, Donato (7003297699)","55805078500; 6603601473; 7003297699","Process mining to forecast the future of running cases","2014","Lecture Notes in Computer Science (including subseries Lecture Notes in Artificial Intelligence and Lecture Notes in Bioinformatics)","8399 LNAI","","","67","81","14","26","10.1007/978-3-319-08407-7_5","https://www.scopus.com/inward/record.uri?eid=2-s2.0-84905280685&doi=10.1007%2f978-3-319-08407-7_5&partnerID=40&md5=a68a903bbfb9dfc71654af98fb4edce4","Conference paper","Final","","Scopus","2-s2.0-84905280685"
"Pika A.; Leyer M.; Wynn M.T.; Fidge C.J.; Ter Hofstede A.H.M.; Van Der Aalst W.M.P.","Pika, Anastasiia (55574871100); Leyer, Michael (36662464700); Wynn, Moe T. (8964287000); Fidge, Colin J. (15122189100); Ter Hofstede, Arthur H.M. (7004086310); Van Der Aalst, Wil M.P. (7007153024)","55574871100; 36662464700; 8964287000; 15122189100; 7004086310; 7007153024","Mining resource profiles from event logs","2017","ACM Transactions on Management Information Systems","8","1","1","","","","48","10.1145/3041218","https://www.scopus.com/inward/record.uri?eid=2-s2.0-85017600447&doi=10.1145%2f3041218&partnerID=40&md5=a52f733ab2c95bf90b5a527d33a82eee","Article","Final","All Open Access; Green Open Access","Scopus","2-s2.0-85017600447"
"Miao Y.-Q.; Farahat A.K.; Kamel M.S.","Miao, Yun-Qian (35932206700); Farahat, Ahmed K. (55002325200); Kamel, Mohamed S. (27169346300)","35932206700; 55002325200; 27169346300","Auto-tuning kernel mean matching","2013","Proceedings - IEEE 13th International Conference on Data Mining Workshops, ICDMW 2013","","","6753970","560","567","7","6","10.1109/ICDMW.2013.117","https://www.scopus.com/inward/record.uri?eid=2-s2.0-84898031897&doi=10.1109%2fICDMW.2013.117&partnerID=40&md5=493bb73848dd7cee59a2193b537ab570","Conference paper","Final","","Scopus","2-s2.0-84898031897"
"Di Ciccio C.; Maggi F.M.; Mendling J.","Di Ciccio, Claudio (35193494400); Maggi, Fabrizio Maria (35318465800); Mendling, Jan (6503908779)","35193494400; 35318465800; 6503908779","Efficient discovery of Target-Branched Declare constraints","2016","Information Systems","56","","","258","283","25","42","10.1016/j.is.2015.06.009","https://www.scopus.com/inward/record.uri?eid=2-s2.0-84949726662&doi=10.1016%2fj.is.2015.06.009&partnerID=40&md5=15bceae7059dd6da183e0bb2be7bf7df","Article","Final","All Open Access; Green Open Access","Scopus","2-s2.0-84949726662"
"Abdallah A.; Maarof M.A.; Zainal A.","Abdallah, Aisha (57211105239); Maarof, Mohd Aizaini (6507894298); Zainal, Anazida (6603913023)","57211105239; 6507894298; 6603913023","Fraud detection system: A survey","2016","Journal of Network and Computer Applications","68","","","90","113","23","343","10.1016/j.jnca.2016.04.007","https://www.scopus.com/inward/record.uri?eid=2-s2.0-84964414633&doi=10.1016%2fj.jnca.2016.04.007&partnerID=40&md5=723736d7fda515b49e8f711c8efe95c7","Review","Final","","Scopus","2-s2.0-84964414633"
"Van Der Aalst W.","Van Der Aalst, Wil (7007153024)","7007153024","Process mining: Overview and opportunities","2012","ACM Transactions on Management Information Systems","3","2","7","","","","297","10.1145/2229156.2229157","https://www.scopus.com/inward/record.uri?eid=2-s2.0-84872058463&doi=10.1145%2f2229156.2229157&partnerID=40&md5=493b90de2b9e9f563333f657c2e19979","Review","Final","","Scopus","2-s2.0-84872058463"
"Mishra V.P.; Shukla B.","Mishra, Ved Prakash (57195472330); Shukla, Balvinder (35732356800)","57195472330; 35732356800","Process mining in intrusion detection-the need of current digital world","2017","Communications in Computer and Information Science","712","","","238","246","8","20","10.1007/978-981-10-5780-9_22","https://www.scopus.com/inward/record.uri?eid=2-s2.0-85028334921&doi=10.1007%2f978-981-10-5780-9_22&partnerID=40&md5=c268cd0f49425ccdea239cafa4442cc4","Conference paper","Final","","Scopus","2-s2.0-85028334921"
"Burattin A.; Sperduti A.; Van Der Aalst W.M.P.","Burattin, Andrea (38361002000); Sperduti, Alessandro (7004071191); Van Der Aalst, Wil M. P. (7007153024)","38361002000; 7004071191; 7007153024","Control-flow discovery from event streams","2014","Proceedings of the 2014 IEEE Congress on Evolutionary Computation, CEC 2014","","","6900341","2420","2427","7","68","10.1109/CEC.2014.6900341","https://www.scopus.com/inward/record.uri?eid=2-s2.0-84908565982&doi=10.1109%2fCEC.2014.6900341&partnerID=40&md5=66a471fea6d8f0506e04cfa9250a4923","Conference paper","Final","All Open Access; Green Open Access","Scopus","2-s2.0-84908565982"
"Redlich D.; Molka T.; Gilani W.; Blair G.; Rashid A.","Redlich, David (36100414300); Molka, Thomas (55576494800); Gilani, Wasif (14832607600); Blair, Gordon (7202759157); Rashid, Awais (7102299639)","36100414300; 55576494800; 14832607600; 7202759157; 7102299639","Scalable dynamic business process discovery with the constructs competition miner","2014","CEUR Workshop Proceedings","1293","","","91","107","16","16","","https://www.scopus.com/inward/record.uri?eid=2-s2.0-84914673045&partnerID=40&md5=ad9029c728fbc45afeacadb3241b1c85","Conference paper","Final","","Scopus","2-s2.0-84914673045"
"Pika A.; Wynn M.T.; Fidge C.J.; Ter Hofstede A.H.M.; Leyer M.; Van Der Aalst W.M.P.","Pika, Anastasiia (55574871100); Wynn, Moe T. (8964287000); Fidge, Colin J. (15122189100); Ter Hofstede, Arthur H. M. (7004086310); Leyer, Michael (36662464700); Van Der Aalst, Wil M. P. (7007153024)","55574871100; 8964287000; 15122189100; 7004086310; 36662464700; 7007153024","An extensible framework for analysing resource behaviour using event logs","2014","Lecture Notes in Computer Science (including subseries Lecture Notes in Artificial Intelligence and Lecture Notes in Bioinformatics)","8484 LNCS","","","564","579","15","30","10.1007/978-3-319-07881-6_38","https://www.scopus.com/inward/record.uri?eid=2-s2.0-84903194928&doi=10.1007%2f978-3-319-07881-6_38&partnerID=40&md5=066367f8c083097107482b4c12291920","Conference paper","Final","All Open Access; Bronze Open Access; Green Open Access","Scopus","2-s2.0-84903194928"
"R'Bigui H.; Cho C.","R'Bigui, Hind (57200655286); Cho, Chiwoon (15019137200)","57200655286; 15019137200","The state-of-the-art of business process mining challenges","2017","International Journal of Business Process Integration and Management","8","4","","285","303","18","33","10.1504/IJBPIM.2017.10009731","https://www.scopus.com/inward/record.uri?eid=2-s2.0-85039779508&doi=10.1504%2fIJBPIM.2017.10009731&partnerID=40&md5=1366c0c6cdf1e4595098af403aa57007","Article","Final","","Scopus","2-s2.0-85039779508"
"Dees M.; de Leoni M.; Mannhardt F.","Dees, Marcus (57197543190); de Leoni, Massimiliano (22937181700); Mannhardt, Felix (56007915000)","57197543190; 22937181700; 56007915000","Enhancing process models to improve business performance: A methodology and case studies","2017","Lecture Notes in Computer Science (including subseries Lecture Notes in Artificial Intelligence and Lecture Notes in Bioinformatics)","10573 LNCS","","","232","251","19","12","10.1007/978-3-319-69462-7_15","https://www.scopus.com/inward/record.uri?eid=2-s2.0-85032694413&doi=10.1007%2f978-3-319-69462-7_15&partnerID=40&md5=ef02c7a5b80cde520f6790a059c37c11","Conference paper","Final","","Scopus","2-s2.0-85032694413"
"Hassani M.; Siccha S.; Richter F.; Seidl T.","Hassani, Marwan (35177627800); Siccha, Sergio (57189054309); Richter, Florian (57189055877); Seidl, Thomas (7003963258)","35177627800; 57189054309; 57189055877; 7003963258","Efficient process discovery from event streams using sequential pattern mining","2015","Proceedings - 2015 IEEE Symposium Series on Computational Intelligence, SSCI 2015","","","7376771","1366","1373","7","47","10.1109/SSCI.2015.195","https://www.scopus.com/inward/record.uri?eid=2-s2.0-84964963456&doi=10.1109%2fSSCI.2015.195&partnerID=40&md5=2a1a9769aa6dd6ed103aae18f75e58f4","Conference paper","Final","","Scopus","2-s2.0-84964963456"
"Van der Aalst W.","Van der Aalst, Wil (7007153024)","7007153024","Process mining: Data science in action","2016","Process Mining: Data Science in Action","","","","1","467","466","1891","10.1007/978-3-662-49851-4","https://www.scopus.com/inward/record.uri?eid=2-s2.0-84979530122&doi=10.1007%2f978-3-662-49851-4&partnerID=40&md5=2c9677c2cfe2b253453b40c50e86ebb3","Book","Final","","Scopus","2-s2.0-84979530122"
"Pika A.; Van Der Aalst W.M.P.; Wynn M.T.; Fidge C.J.; Ter Hofstede A.H.M.","Pika, A. (55574871100); Van Der Aalst, W.M.P. (7007153024); Wynn, M.T. (8964287000); Fidge, C.J. (15122189100); Ter Hofstede, A.H.M. (7004086310)","55574871100; 7007153024; 8964287000; 15122189100; 7004086310","Evaluating and predicting overall process risk using event logs","2016","Information Sciences","352-353","","","98","120","22","32","10.1016/j.ins.2016.03.003","https://www.scopus.com/inward/record.uri?eid=2-s2.0-84961619683&doi=10.1016%2fj.ins.2016.03.003&partnerID=40&md5=ca55ac50dfb5e54c20161a56d1a127d5","Article","Final","","Scopus","2-s2.0-84961619683"
"Weber P.; Bordbar B.; Tiňo P.","Weber, Phil (37040004000); Bordbar, Behzad (8697044300); Tiňo, Peter (6701490097)","37040004000; 8697044300; 6701490097","Real-time detection of process change using Process Mining","2011","Imperial College Computing Student Workshop - Proceedings of ICCSW'11","","","","108","114","6","13","","https://www.scopus.com/inward/record.uri?eid=2-s2.0-84869031277&partnerID=40&md5=5b4f6507e0c792d289afd1ad19e03b46","Conference paper","Final","","Scopus","2-s2.0-84869031277"
"Burattin A.","Burattin, Andrea (38361002000)","38361002000","PLG2: Multiperspective process randomization with online and offline simulations","2016","CEUR Workshop Proceedings","1789","","","1","6","5","44","","https://www.scopus.com/inward/record.uri?eid=2-s2.0-85032735571&partnerID=40&md5=9507a557a14eaebb43e5beaf5ffeaea5","Conference paper","Final","","Scopus","2-s2.0-85032735571"
"Tan W.; Huang L.; Shen T.; Tang A.","Tan, Wenan (15133367500); Huang, Li (56746759400); Shen, Tengteng (57189240358); Tang, Anqiong (14831916100)","15133367500; 56746759400; 57189240358; 14831916100","Hybrid heuristics miner based on time series prediction for streaming process mining","2016","Proceedings of the 2016 IEEE 20th International Conference on Computer Supported Cooperative Work in Design, CSCWD 2016","","","7565997","251","256","5","2","10.1109/CSCWD.2016.7565997","https://www.scopus.com/inward/record.uri?eid=2-s2.0-84991711096&doi=10.1109%2fCSCWD.2016.7565997&partnerID=40&md5=f4d5a039dcd4f1c9f184843a73aaee9a","Conference paper","Final","","Scopus","2-s2.0-84991711096"
"Ostovar A.; Maaradji A.; La Rosa M.; ter Hofstede A.H.M.; van Dongen B.F.V.","Ostovar, Alireza (56736539300); Maaradji, Abderrahmane (36242061700); La Rosa, Marcello (23397159700); ter Hofstede, Arthur H. M. (7004086310); van Dongen, Boudewijn F. V. (6602091082)","56736539300; 36242061700; 23397159700; 7004086310; 6602091082","Detecting drift from event streams of unpredictable business processes","2016","Lecture Notes in Computer Science (including subseries Lecture Notes in Artificial Intelligence and Lecture Notes in Bioinformatics)","9974 LNCS","","","330","346","16","34","10.1007/978-3-319-46397-1_26","https://www.scopus.com/inward/record.uri?eid=2-s2.0-84997294262&doi=10.1007%2f978-3-319-46397-1_26&partnerID=40&md5=6284a4cc6d39c6ba27d3f9027aeeaef1","Conference paper","Final","","Scopus","2-s2.0-84997294262"
"Bose R.P.J.C.; Van Der Aalst W.M.P.; Žliobaite I.; Pechenizkiy M.","Bose, R. P. Jagadeesh Chandra (57538913100); Van Der Aalst, Wil M. P. (7007153024); Žliobaite, Indre (8837828900); Pechenizkiy, Mykola (55900254600)","57538913100; 7007153024; 8837828900; 55900254600","Handling concept drift in process mining","2011","Lecture Notes in Computer Science (including subseries Lecture Notes in Artificial Intelligence and Lecture Notes in Bioinformatics)","6741 LNCS","","","391","405","14","140","10.1007/978-3-642-21640-4_30","https://www.scopus.com/inward/record.uri?eid=2-s2.0-79960288084&doi=10.1007%2f978-3-642-21640-4_30&partnerID=40&md5=198621c5ed1175df303a728024d7bced","Conference paper","Final","All Open Access; Bronze Open Access","Scopus","2-s2.0-79960288084"
"R'bigui H.; Cho C.","R'bigui, Hind (57200655286); Cho, Chiwoon (15019137200)","57200655286; 15019137200","The state-of-the-art of business process mining challenges","2017","International Journal of Business Process Integration and Management","8","4","","285","303","18","4","10.1504/IJBPIM.2017.088819","https://www.scopus.com/inward/record.uri?eid=2-s2.0-85116268650&doi=10.1504%2fIJBPIM.2017.088819&partnerID=40&md5=2791e621c00fee64991354f73b678832","Article","Final","","Scopus","2-s2.0-85116268650"
"Munoz-Gama J.; Carmona J.; Van Der Aalst W.M.P.","Munoz-Gama, Jorge (36603094000); Carmona, Josep (22333712700); Van Der Aalst, Wil M.P. (7007153024)","36603094000; 22333712700; 7007153024","Single-Entry Single-Exit decomposed conformance checking","2014","Information Systems","46","","","102","122","20","103","10.1016/j.is.2014.04.003","https://www.scopus.com/inward/record.uri?eid=2-s2.0-84904648663&doi=10.1016%2fj.is.2014.04.003&partnerID=40&md5=bcb94af24988bf352aa0cdf1fb793a2a","Article","Final","","Scopus","2-s2.0-84904648663"
"Maggi F.M.; Burattin A.; Cimitile M.; Sperduti A.","Maggi, Fabrizio Maria (35318465800); Burattin, Andrea (38361002000); Cimitile, Marta (23392132800); Sperduti, Alessandro (7004071191)","35318465800; 38361002000; 23392132800; 7004071191","Online process discovery to detect concept drifts in LTL-based declarative process models","2013","Lecture Notes in Computer Science (including subseries Lecture Notes in Artificial Intelligence and Lecture Notes in Bioinformatics)","8185 LNCS","","","94","111","17","39","10.1007/978-3-642-41030-7_7","https://www.scopus.com/inward/record.uri?eid=2-s2.0-84886739521&doi=10.1007%2f978-3-642-41030-7_7&partnerID=40&md5=26e87a4449f9c061e381f1bafc295fc3","Conference paper","Final","","Scopus","2-s2.0-84886739521"
"Folino F.; Folino G.; Pontieri L.; Sabatino P.","Folino, Francesco (23666966800); Folino, Gianluigi (6601965569); Pontieri, Luigi (6602455538); Sabatino, Pietro (56228818700)","23666966800; 6601965569; 6602455538; 56228818700","A peer-to-peer architecture for detecting attacks from network traffic and log data","2017","Proceedings - 2017 International Conference on High Performance Computing and Simulation, HPCS 2017","","","8035155","769","776","7","0","10.1109/HPCS.2017.116","https://www.scopus.com/inward/record.uri?eid=2-s2.0-85032348428&doi=10.1109%2fHPCS.2017.116&partnerID=40&md5=9ef109697dabbbd8536bfa737c12c1df","Conference paper","Final","","Scopus","2-s2.0-85032348428"
"Kalsing A.C.; Iochpe C.; Thom L.H.; Do Nascimento G.S.","Kalsing, André Cristiano (36662455400); Iochpe, Cirano (6507431873); Thom, Lucinéia Heloisa (25121848500); Do Nascimento, Gleison Samuel (35317346300)","36662455400; 6507431873; 25121848500; 35317346300","Evolutionary learning of business process models from legacy systems using incremental process mining","2013","ICEIS 2013 - Proceedings of the 15th International Conference on Enterprise Information Systems","2","","","58","69","11","1","","https://www.scopus.com/inward/record.uri?eid=2-s2.0-84887793756&partnerID=40&md5=748712f7d49f8bd75b2b69a89e9433d5","Conference paper","Final","","Scopus","2-s2.0-84887793756"
"","","","CEUR Workshop Proceedings","2017","CEUR Workshop Proceedings","2016","","","","","167","0","","https://www.scopus.com/inward/record.uri?eid=2-s2.0-85040511571&partnerID=40&md5=03c501fbf5111a6a55c18078ce461b44","Conference review","Final","","Scopus","2-s2.0-85040511571"
"Vitali M.; Pernici B.","Vitali, Monica (42662409700); Pernici, Barbara (7004638196)","42662409700; 7004638196","Interconnecting processes through IoT in a health-care scenario","2016","IEEE 2nd International Smart Cities Conference: Improving the Citizens Quality of Life, ISC2 2016 - Proceedings","","","07580760","","","","11","10.1109/ISC2.2016.07580760","https://www.scopus.com/inward/record.uri?eid=2-s2.0-84994111969&doi=10.1109%2fISC2.2016.07580760&partnerID=40&md5=a9f6b715c3f58fbdba7357c049d70d5c","Conference paper","Final","","Scopus","2-s2.0-84994111969"
"Combi C.; Pozzi G.; Veltri P.","Combi, Carlo (7003413825); Pozzi, Giuseppe (7101651152); Veltri, Pierangelo (15766584600)","7003413825; 7101651152; 15766584600","Process modeling and management for healthcare","2017","Process Modeling and Management for Healthcare","","","","1","314","313","4","10.1201/b21884","https://www.scopus.com/inward/record.uri?eid=2-s2.0-85125213144&doi=10.1201%2fb21884&partnerID=40&md5=9adb1e4bc9d4e477eecf273b375b1ba6","Book","Final","","Scopus","2-s2.0-85125213144"
"Armas Cervantes A.; van Beest N.R.T.P.; La Rosa M.; Dumas M.; García-Bañuelos L.","Armas Cervantes, Abel (54580539300); van Beest, Nick R. T. P. (24479230600); La Rosa, Marcello (23397159700); Dumas, Marlon (7201354798); García-Bañuelos, Luciano (8283156200)","54580539300; 24479230600; 23397159700; 7201354798; 8283156200","Interactive and incremental business process model repair","2017","Lecture Notes in Computer Science (including subseries Lecture Notes in Artificial Intelligence and Lecture Notes in Bioinformatics)","10573 LNCS","","","53","74","21","30","10.1007/978-3-319-69462-7_5","https://www.scopus.com/inward/record.uri?eid=2-s2.0-85032666523&doi=10.1007%2f978-3-319-69462-7_5&partnerID=40&md5=2866ae6ebba1cea2de77d19f97da2346","Conference paper","Final","All Open Access; Green Open Access","Scopus","2-s2.0-85032666523"
"Pechenizkiy M.","Pechenizkiy, Mykoa (55900254600)","55900254600","Predictive analytics on evolving data streams anticipating and adapting to changes in known and unknown contexts","2015","Proceedings of the 2015 International Conference on High Performance Computing and Simulation, HPCS 2015","","","7237112","658","659","1","1","10.1109/HPCSim.2015.7237112","https://www.scopus.com/inward/record.uri?eid=2-s2.0-84948413234&doi=10.1109%2fHPCSim.2015.7237112&partnerID=40&md5=d7b961f15ba0320da9174c616ebbcec6","Conference paper","Final","","Scopus","2-s2.0-84948413234"
