Authors,Title,Year,Source title,Volume,Issue,Art. No.,Page start,Page end,Page count,Cited by,DOI,Link,Document Type,Publication Stage,Open Access,Source,EID
"Leemans S.J.J., van der Aalst W.M.P., Brockhoff T., Polyvyanyy A.","Stochastic process mining: Earth movers’ stochastic conformance",2021,"Information Systems","102",,"101724","","",,2,"10.1016/j.is.2021.101724","https://www.scopus.com/inward/record.uri?eid=2-s2.0-85101020498&doi=10.1016%2fj.is.2021.101724&partnerID=40&md5=9176e4ec61c3be9ae31a329e4b7203af",Article,"Final","",Scopus,2-s2.0-85101020498
"Zerbino P., Stefanini A., Aloini D.","Process science in action: A literature review on process mining in business management",2021,"Technological Forecasting and Social Change","172",,"121021","","",,,"10.1016/j.techfore.2021.121021","https://www.scopus.com/inward/record.uri?eid=2-s2.0-85111069759&doi=10.1016%2fj.techfore.2021.121021&partnerID=40&md5=a35a36797a4dc4769910fcbb2b0eb8ad",Article,"Final","",Scopus,2-s2.0-85111069759
"Pika A., ter Hofstede A.H.M., Perrons R.K., Grossmann G., Stumptner M., Cooley J.","Using Big Data to Improve Safety Performance: An Application of Process Mining to Enhance Data Visualisation",2021,"Big Data Research","25",,"100210","","",,3,"10.1016/j.bdr.2021.100210","https://www.scopus.com/inward/record.uri?eid=2-s2.0-85100602737&doi=10.1016%2fj.bdr.2021.100210&partnerID=40&md5=fcbc924b1c6d8811ca5e84882ce5f39f",Article,"Final","",Scopus,2-s2.0-85100602737
"Neto R.V., Tavares G.M., Ceravolo P., Barbon S., Jr.","On the use of online clustering for anomaly detection in trace streams",2021,"ACM International Conference Proceeding Series",,,"3466979","","",,,"10.1145/3466933.3466979","https://www.scopus.com/inward/record.uri?eid=2-s2.0-85110315597&doi=10.1145%2f3466933.3466979&partnerID=40&md5=6e1eb413b884a4a3ada965e01e8ce2b3",Conference Paper,"Final","",Scopus,2-s2.0-85110315597
"Pentland B.T., Vaast E., Wolf J.R.","Theorizing process dynamics with directed graphs: A diachronic analysis of digital trace data",2021,"MIS Quarterly: Management Information Systems","45","2",,"967","984",,,"10.25300/MISQ/2021/15360","https://www.scopus.com/inward/record.uri?eid=2-s2.0-85114686183&doi=10.25300%2fMISQ%2f2021%2f15360&partnerID=40&md5=f2f12c0724b03a87cc4f8b9cdfd46d2d",Article,"Final","",Scopus,2-s2.0-85114686183
"Hassani M., Habets S.","Predicting next touch point in a customer journey: A use case in telecommunication",2021,"Proceedings - European Council for Modelling and Simulation, ECMS","35","1",,"48","54",,,,"https://www.scopus.com/inward/record.uri?eid=2-s2.0-85108232705&partnerID=40&md5=f48dcc7af4e1fb4674f706b2e13c4f5f",Conference Paper,"Final","",Scopus,2-s2.0-85108232705
"Wankhade K.K., Jondhale K.C., Dongre S.S.","A clustering and ensemble based classifier for data stream classification",2021,"Applied Soft Computing","102",,"107076","","",,,"10.1016/j.asoc.2020.107076","https://www.scopus.com/inward/record.uri?eid=2-s2.0-85099518925&doi=10.1016%2fj.asoc.2020.107076&partnerID=40&md5=a354f9a523e74f4910a5d872f9babd7a",Article,"Final","",Scopus,2-s2.0-85099518925
"De Sousa R.G., Peres S.M., Fantinato M., Reijers H.A.","Concept drift detection and localization in process mining: An integrated and efficient approach enabled by trace clustering",2021,"Proceedings of the ACM Symposium on Applied Computing",,,,"364","373",,,"10.1145/3412841.3441918","https://www.scopus.com/inward/record.uri?eid=2-s2.0-85104947463&doi=10.1145%2f3412841.3441918&partnerID=40&md5=39cb9075b62e6188f96b060cd434d5e6",Conference Paper,"Final","",Scopus,2-s2.0-85104947463
"Grisold T., Mendling J., Otto M., vom Brocke J.","Adoption, use and management of process mining in practice",2021,"Business Process Management Journal","27","2",,"369","387",,2,"10.1108/BPMJ-03-2020-0112","https://www.scopus.com/inward/record.uri?eid=2-s2.0-85096951255&doi=10.1108%2fBPMJ-03-2020-0112&partnerID=40&md5=2ba8b63703adfb29069f2e1c3e0c61d5",Article,"Final","",Scopus,2-s2.0-85096951255
"Hu Y., Baraldi P., Maio F.D., Liu J., Zio E.","A method for fault diagnosis in evolving environment using unlabeled data",2021,"Proceedings of the Institution of Mechanical Engineers, Part O: Journal of Risk and Reliability","235","1",,"33","49",,3,"10.1177/1748006X20946529","https://www.scopus.com/inward/record.uri?eid=2-s2.0-85089286863&doi=10.1177%2f1748006X20946529&partnerID=40&md5=ff7fdf72dd4c657e66dc7d86ed6fbd21",Article,"Final","All Open Access, Green",Scopus,2-s2.0-85089286863
"Pauwels S., Calders T.","Incremental Predictive Process Monitoring: The Next Activity Case",2021,"Lecture Notes in Computer Science (including subseries Lecture Notes in Artificial Intelligence and Lecture Notes in Bioinformatics)","12875 LNCS",,,"123","140",,,"10.1007/978-3-030-85469-0_10","https://www.scopus.com/inward/record.uri?eid=2-s2.0-85115193508&doi=10.1007%2f978-3-030-85469-0_10&partnerID=40&md5=ed95a989de801a5dbbb6749b2d83ddc3",Conference Paper,"Final","",Scopus,2-s2.0-85115193508
"Adams J.N., van Zelst S.J., Quack L., Hausmann K., van der Aalst W.M.P., Rose T.","A Framework for Explainable Concept Drift Detection in Process Mining",2021,"Lecture Notes in Computer Science (including subseries Lecture Notes in Artificial Intelligence and Lecture Notes in Bioinformatics)","12875 LNCS",,,"400","416",,,"10.1007/978-3-030-85469-0_25","https://www.scopus.com/inward/record.uri?eid=2-s2.0-85115178805&doi=10.1007%2f978-3-030-85469-0_25&partnerID=40&md5=889ba105fbb7f19776ca44fe0568e0f3",Conference Paper,"Final","All Open Access, Green",Scopus,2-s2.0-85115178805
"Stertz F., Mangler J., Scheibel B., Rinderle-Ma S.","Expectations vs. Experiences – Process Mining in Small and Medium Sized Manufacturing Companies",2021,"Lecture Notes in Business Information Processing","427 LNBIP",,,"195","211",,1,"10.1007/978-3-030-85440-9_12","https://www.scopus.com/inward/record.uri?eid=2-s2.0-85115172136&doi=10.1007%2f978-3-030-85440-9_12&partnerID=40&md5=33cbd1dc4e2962f527b39d131568e474",Conference Paper,"Final","",Scopus,2-s2.0-85115172136
"Lu Y., Chen Q., Poon S.","A Robust and Accurate Approach to Detect Process Drifts from Event Streams",2021,"Lecture Notes in Computer Science (including subseries Lecture Notes in Artificial Intelligence and Lecture Notes in Bioinformatics)","12875 LNCS",,,"383","399",,,"10.1007/978-3-030-85469-0_24","https://www.scopus.com/inward/record.uri?eid=2-s2.0-85115168996&doi=10.1007%2f978-3-030-85469-0_24&partnerID=40&md5=8e451c976e45af6100669825750bb3ff",Conference Paper,"Final","All Open Access, Green",Scopus,2-s2.0-85115168996
[No author name available],"19th International Conference on Business Process Management, BPM 2021",2021,"Lecture Notes in Computer Science (including subseries Lecture Notes in Artificial Intelligence and Lecture Notes in Bioinformatics)","12875 LNCS",,,"","",279,,,"https://www.scopus.com/inward/record.uri?eid=2-s2.0-85115155121&partnerID=40&md5=71dd916c125a50eb53338543a242d85c",Conference Review,"Final","",Scopus,2-s2.0-85115155121
"Huo S., Völzer H., Reddy P., Agarwal P., Isahagian V., Muthusamy V.","Graph Autoencoders for Business Process Anomaly Detection",2021,"Lecture Notes in Computer Science (including subseries Lecture Notes in Artificial Intelligence and Lecture Notes in Bioinformatics)","12875 LNCS",,,"417","433",,,"10.1007/978-3-030-85469-0_26","https://www.scopus.com/inward/record.uri?eid=2-s2.0-85115152931&doi=10.1007%2f978-3-030-85469-0_26&partnerID=40&md5=63732eb80626069457ee307000189eea",Conference Paper,"Final","",Scopus,2-s2.0-85115152931
[No author name available],"19th International Conference on Business Process Management, BPM 2021",2021,"Lecture Notes in Business Information Processing","427 LNBIP",,,"","",279,,,"https://www.scopus.com/inward/record.uri?eid=2-s2.0-85115134968&partnerID=40&md5=3891d7e39bb8f7ef11891ac63188e238",Conference Review,"Final","",Scopus,2-s2.0-85115134968
"Venkateswaran P., Muthusamy V., Isahagian V., Venkatasubramanian N.","Robust and Generalizable Predictive Models for Business Processes",2021,"Lecture Notes in Computer Science (including subseries Lecture Notes in Artificial Intelligence and Lecture Notes in Bioinformatics)","12875 LNCS",,,"105","122",,1,"10.1007/978-3-030-85469-0_9","https://www.scopus.com/inward/record.uri?eid=2-s2.0-85114933388&doi=10.1007%2f978-3-030-85469-0_9&partnerID=40&md5=125fee288135839f383547701cb2586e",Conference Paper,"Final","",Scopus,2-s2.0-85114933388
"Stauder M., Kühl N.","AI for in-line vehicle sequence controlling: development and evaluation of an adaptive machine learning artifact to predict sequence deviations in a mixed-model production line",2021,"Flexible Services and Manufacturing Journal",,,,"","",,,"10.1007/s10696-021-09430-x","https://www.scopus.com/inward/record.uri?eid=2-s2.0-85114367971&doi=10.1007%2fs10696-021-09430-x&partnerID=40&md5=4f244202425ce7c94f3785f173a612c7",Article,"Article in Press","All Open Access, Hybrid Gold, Green",Scopus,2-s2.0-85114367971
"van der Aalst W.M.P., Brockhoff T., Ghahfarokhi A.F., Pourbafrani M., Uysal M.S., van Zelst S.J.","Removing Operational Friction Using Process Mining: Challenges Provided by the Internet of Production (IoP)",2021,"Communications in Computer and Information Science","1446",,,"1","31",,1,"10.1007/978-3-030-83014-4_1","https://www.scopus.com/inward/record.uri?eid=2-s2.0-85113341454&doi=10.1007%2f978-3-030-83014-4_1&partnerID=40&md5=d14f145c2b40c051eba612f689a63773",Conference Paper,"Final","All Open Access, Green",Scopus,2-s2.0-85113341454
"Lu Y., Chen Q., Poon S.","Detecting and Understanding Branching Frequency Changes in Process Models",2021,"Lecture Notes in Business Information Processing","421",,,"39","46",,,"10.1007/978-3-030-79186-5_3","https://www.scopus.com/inward/record.uri?eid=2-s2.0-85111898351&doi=10.1007%2f978-3-030-79186-5_3&partnerID=40&md5=0d34426213d13418658d359d476abcac",Conference Paper,"Final","All Open Access, Green",Scopus,2-s2.0-85111898351
"Herbert T., Mangler J., Rinderle-Ma S.","Generating Reliable Process Event Streams and Time Series Data Based on Neural Networks",2021,"Lecture Notes in Business Information Processing","421",,,"81","95",,,"10.1007/978-3-030-79186-5_6","https://www.scopus.com/inward/record.uri?eid=2-s2.0-85111854700&doi=10.1007%2f978-3-030-79186-5_6&partnerID=40&md5=fa07e3716133ef76f6f8f12f94a632c0",Conference Paper,"Final","All Open Access, Green",Scopus,2-s2.0-85111854700
"Bemthuis R., van Slooten N., Arachchige J.J., Piest J.P.S., Bukhsh F.A.","A classification of process mining bottleneck analysis techniques for operational support",2021,"Proceedings of the 18th International Conference on e-Business, ICE-B 2021",,,,"127","135",,,"10.5220/0010578601270135","https://www.scopus.com/inward/record.uri?eid=2-s2.0-85111835135&doi=10.5220%2f0010578601270135&partnerID=40&md5=b952af9ebab81dcbfd560cc183bc309f",Conference Paper,"Final","All Open Access, Hybrid Gold, Green",Scopus,2-s2.0-85111835135
"Beerepoot I., Lu X., van de Weerd I., Reijers H.A.","Seeing the signs of workarounds: A mixed-methods approach to the detection of nurses' process deviations",2021,"Proceedings of the Annual Hawaii International Conference on System Sciences","2020-January",,,"3763","3772",,,,"https://www.scopus.com/inward/record.uri?eid=2-s2.0-85108382081&partnerID=40&md5=98bdd8afc7781e6527d97ce1c8d5b094",Conference Paper,"Final","",Scopus,2-s2.0-85108382081
"Richter F., Maldonado A., Zellner L., Seidl T.","OTOSO: Online Trace Ordering for Structural Overviews",2021,"Lecture Notes in Business Information Processing","406 LNBIP",,,"218","229",,,"10.1007/978-3-030-72693-5_17","https://www.scopus.com/inward/record.uri?eid=2-s2.0-85107369546&doi=10.1007%2f978-3-030-72693-5_17&partnerID=40&md5=9df6fd457c04e2d7235e33c901a146ab",Conference Paper,"Final","",Scopus,2-s2.0-85107369546
[No author name available],"International Conference on Process Mining, ICPM 2020",2021,"Lecture Notes in Business Information Processing","406 LNBIP",,,"","",398,,,"https://www.scopus.com/inward/record.uri?eid=2-s2.0-85107366917&partnerID=40&md5=9b84f533da0de76d1d11aab0b0c72c4e",Conference Review,"Final","",Scopus,2-s2.0-85107366917
"Baskharon F., Awad A., Di Francescomarino C.","Predicting Remaining Cycle Time from Ongoing Cases: A Survival Analysis-Based Approach",2021,"Lecture Notes in Business Information Processing","406 LNBIP",,,"99","111",,,"10.1007/978-3-030-72693-5_8","https://www.scopus.com/inward/record.uri?eid=2-s2.0-85107331204&doi=10.1007%2f978-3-030-72693-5_8&partnerID=40&md5=765685c0a308a11171b12e53cfbf56c9",Conference Paper,"Final","",Scopus,2-s2.0-85107331204
"Chiò E., Alfieri A., Pastore E.","Change-point visualization and variation analysis in a simple production line: A process mining application in manufacturing",2021,"Procedia CIRP","99",,,"573","579",,,"10.1016/j.procir.2021.03.122","https://www.scopus.com/inward/record.uri?eid=2-s2.0-85106403720&doi=10.1016%2fj.procir.2021.03.122&partnerID=40&md5=01aa318b4c65b890d21db3139e6e2adf",Conference Paper,"Final","All Open Access, Gold",Scopus,2-s2.0-85106403720
"Hmami A., Fredj M., Sbai H.","Handling Sudden and Recurrent Changes in Business Process Variability: Change Mining based Approach",2021,"International Journal of Advanced Computer Science and Applications","12","4",,"632","640",,,"10.14569/IJACSA.2021.0120479","https://www.scopus.com/inward/record.uri?eid=2-s2.0-85105804608&doi=10.14569%2fIJACSA.2021.0120479&partnerID=40&md5=826c6a1f82674abf6a9a671f65401022",Article,"Final","All Open Access, Gold",Scopus,2-s2.0-85105804608
"Barbon Junior S., Ceravolo P., Damiani E., Marques Tavares G.","Evaluating Trace Encoding Methods in Process Mining",2021,"Lecture Notes in Computer Science (including subseries Lecture Notes in Artificial Intelligence and Lecture Notes in Bioinformatics)","12611 LNCS",,,"174","189",,,"10.1007/978-3-030-70650-0_11","https://www.scopus.com/inward/record.uri?eid=2-s2.0-85103566250&doi=10.1007%2f978-3-030-70650-0_11&partnerID=40&md5=9df6c894db4f7b4eb6b0b4bb6fe961ef",Conference Paper,"Final","",Scopus,2-s2.0-85103566250
"Baier L., Schöffer J., Kühl N.","Utilizing adaptive AI-based information systems to analyze the effectiveness of policy measures in the fight of COVID-19",2021,"International Conference on Information Systems, ICIS 2020 - Making Digital Inclusive: Blending the Local and the Global",,,,"","",,,,"https://www.scopus.com/inward/record.uri?eid=2-s2.0-85103453494&partnerID=40&md5=af03c1b28c2a299c3190b67ae2dda73c",Conference Paper,"Final","",Scopus,2-s2.0-85103453494
"Dallagassa M.R., dos Santos Garcia C., Scalabrin E.E., Ioshii S.O., Carvalho D.R.","Opportunities and challenges for applying process mining in healthcare: a systematic mapping study",2021,"Journal of Ambient Intelligence and Humanized Computing",,,,"","",,,"10.1007/s12652-021-02894-7","https://www.scopus.com/inward/record.uri?eid=2-s2.0-85100927134&doi=10.1007%2fs12652-021-02894-7&partnerID=40&md5=ba0c9854ec522858690f47cd8db6255d",Article,"Article in Press","",Scopus,2-s2.0-85100927134
"Yeshchenko A., Di Ciccio C., Mendling J., Polyvyanyy A.","Visual Drift Detection for Sequence Data Analysis of Business Processes",2021,"IEEE Transactions on Visualization and Computer Graphics",,,,"","",,3,"10.1109/TVCG.2021.3050071","https://www.scopus.com/inward/record.uri?eid=2-s2.0-85099570271&doi=10.1109%2fTVCG.2021.3050071&partnerID=40&md5=21ce97aabd37674302dfc74d4c5dcf62",Article,"Article in Press","All Open Access, Green",Scopus,2-s2.0-85099570271
"Yu H., Cai H.-M., Zhang Y.-F., Jiang L.-H.","An Approach to Constructing Adaptive Crowd Groups Based on Incremental Stream Processing [基于增量式流处理的自适应群体划分方法]",2020,"Jisuanji Xuebao/Chinese Journal of Computers","43","12",,"2337","2351",,,"10.11897/SP.J.1016.2020.02337","https://www.scopus.com/inward/record.uri?eid=2-s2.0-85097845044&doi=10.11897%2fSP.J.1016.2020.02337&partnerID=40&md5=527c19c59cde11bb2b8e3513877ae8a6",Article,"Final","",Scopus,2-s2.0-85097845044
"Rtayli N., Enneya N.","Enhanced credit card fraud detection based on SVM-recursive feature elimination and hyper-parameters optimization",2020,"Journal of Information Security and Applications","55",,"102596","","",,7,"10.1016/j.jisa.2020.102596","https://www.scopus.com/inward/record.uri?eid=2-s2.0-85090032305&doi=10.1016%2fj.jisa.2020.102596&partnerID=40&md5=e5eb4bb5a4682f71ded06757e75f490f",Article,"Final","",Scopus,2-s2.0-85090032305
"Sangil M.J.","Heuristics-Based Process Mining on Extracted Philippine Public Procurement Event Logs",2020,"Proceedings of 2020 7th IEEE International Conference on Behavioural and Social Computing, BESC 2020",,,"9348306","","",,,"10.1109/BESC51023.2020.9348306","https://www.scopus.com/inward/record.uri?eid=2-s2.0-85101636934&doi=10.1109%2fBESC51023.2020.9348306&partnerID=40&md5=aaf43b2ea644b7b344beeb14d352fa4d",Conference Paper,"Final","",Scopus,2-s2.0-85101636934
"Brockhoff T., Uysal M.S., Van Der Aalst W.M.P.","Time-aware concept drift detection using the earth mover's distance",2020,"Proceedings - 2020 2nd International Conference on Process Mining, ICPM 2020",,,"9230247","33","40",,3,"10.1109/ICPM49681.2020.00016","https://www.scopus.com/inward/record.uri?eid=2-s2.0-85096616091&doi=10.1109%2fICPM49681.2020.00016&partnerID=40&md5=71248ee3ff6189b1c48f13eb6253963c",Conference Paper,"Final","",Scopus,2-s2.0-85096616091
"Awad A., Weidlich M., Sakr S.","Process mining over unordered event streams",2020,"Proceedings - 2020 2nd International Conference on Process Mining, ICPM 2020",,,"9230157","81","88",,1,"10.1109/ICPM49681.2020.00022","https://www.scopus.com/inward/record.uri?eid=2-s2.0-85096605606&doi=10.1109%2fICPM49681.2020.00022&partnerID=40&md5=bdccda820c26f2a32a5d77cf7ac95942",Conference Paper,"Final","",Scopus,2-s2.0-85096605606
"Stertz F., Mangler J., Rinderle-Ma S.","Data-driven Improvement of Online Conformance Checking",2020,"Proceedings - 2020 IEEE 24th International Enterprise Distributed Object Computing Conference, EDOC 2020",,,"9233157","187","196",,2,"10.1109/EDOC49727.2020.00031","https://www.scopus.com/inward/record.uri?eid=2-s2.0-85096553560&doi=10.1109%2fEDOC49727.2020.00031&partnerID=40&md5=602b7b43032a3a6dd546ce7bcb73b44b",Conference Paper,"Final","",Scopus,2-s2.0-85096553560
"Junior S.B., Ceravolo P., Damiani E., Omori N.J., Tavares G.M.","Anomaly detection on event logs with a scarcity of labels",2020,"Proceedings - 2020 2nd International Conference on Process Mining, ICPM 2020",,,"9230308","161","168",,2,"10.1109/ICPM49681.2020.00032","https://www.scopus.com/inward/record.uri?eid=2-s2.0-85096519305&doi=10.1109%2fICPM49681.2020.00032&partnerID=40&md5=77b8e1fe64f89be8d7964324d38a1e01",Conference Paper,"Final","",Scopus,2-s2.0-85096519305
"Cecconi A., Giacomo G.D., Ciccio C.D., Maggi F.M., Mendling J.","A temporal logic-based measurement framework for process mining",2020,"Proceedings - 2020 2nd International Conference on Process Mining, ICPM 2020",,,"9229935","113","120",,2,"10.1109/ICPM49681.2020.00026","https://www.scopus.com/inward/record.uri?eid=2-s2.0-85094816634&doi=10.1109%2fICPM49681.2020.00026&partnerID=40&md5=ee7ba7d8900f24c9a9138fcf696fed1b",Conference Paper,"Final","",Scopus,2-s2.0-85094816634
"Kurniati A.P., McInerney C., Zucker K., Hall G., Hogg D., Johnson O.","Using a multi-level process comparison for process change analysis in cancer pathways",2020,"International Journal of Environmental Research and Public Health","17","19","7210","1","16",,,"10.3390/ijerph17197210","https://www.scopus.com/inward/record.uri?eid=2-s2.0-85092118365&doi=10.3390%2fijerph17197210&partnerID=40&md5=c9c585f897e47e551956506b5cfa3a9b",Article,"Final","All Open Access, Gold, Green",Scopus,2-s2.0-85092118365
"Heinrich B., Schiller A., Schön D., Szubartowicz M.","Adapting process models via an automated planning approach",2020,"Journal of Decision Systems","29","4",,"223","259",,2,"10.1080/12460125.2020.1800976","https://www.scopus.com/inward/record.uri?eid=2-s2.0-85089859462&doi=10.1080%2f12460125.2020.1800976&partnerID=40&md5=9b6488d3563cbb450f75770bec6b9fa5",Article,"Final","All Open Access, Green",Scopus,2-s2.0-85089859462
"Martin N., De Weerdt J., Fernández-Llatas C., Gal A., Gatta R., Ibáñez G., Johnson O., Mannhardt F., Marco-Ruiz L., Mertens S., Munoz-Gama J., Seoane F., Vanthienen J., Wynn M.T., Boilève D.B., Bergs J., Joosten-Melis M., Schretlen S., Van Acker B.","Recommendations for enhancing the usability and understandability of process mining in healthcare",2020,"Artificial Intelligence in Medicine","109",,"101962","","",,4,"10.1016/j.artmed.2020.101962","https://www.scopus.com/inward/record.uri?eid=2-s2.0-85091991155&doi=10.1016%2fj.artmed.2020.101962&partnerID=40&md5=9674005df76b08124f461bf146ff3a60",Article,"Final","All Open Access, Green",Scopus,2-s2.0-85091991155
"Fazzinga B., Folino F., Furfaro F., Pontieri L.","An ensemble-based approach to the security-oriented classification of low-level log traces",2020,"Expert Systems with Applications","153",,"113386","","",,2,"10.1016/j.eswa.2020.113386","https://www.scopus.com/inward/record.uri?eid=2-s2.0-85083000103&doi=10.1016%2fj.eswa.2020.113386&partnerID=40&md5=cb2b27060d46d8f21bdcba2a08769cac",Article,"Final","",Scopus,2-s2.0-85083000103
"Batyuk A., Voityshyn V.","Streaming process discovery method for semi-structured business processes",2020,"Proceedings of the 2020 IEEE 3rd International Conference on Data Stream Mining and Processing, DSMP 2020",,,"9204201","444","448",,,"10.1109/DSMP47368.2020.9204201","https://www.scopus.com/inward/record.uri?eid=2-s2.0-85093657796&doi=10.1109%2fDSMP47368.2020.9204201&partnerID=40&md5=5c087d3c7e56008f22f55b8cc5ad83ef",Conference Paper,"Final","",Scopus,2-s2.0-85093657796
"Lämmel R., Kerber A., Praza L.","Understanding what software engineers are working on: The work-item prediction challenge",2020,"IEEE International Conference on Program Comprehension",,,,"416","424",,1,"10.1145/3387904.3389294","https://www.scopus.com/inward/record.uri?eid=2-s2.0-85091913276&doi=10.1145%2f3387904.3389294&partnerID=40&md5=a49019a0964759313fd6a9561fbf6fbe",Conference Paper,"Final","",Scopus,2-s2.0-85091913276
"Navarin N., Cambiaso M., Burattin A., Maggi F.M., Oneto L., Sperduti A.","Towards Online Discovery of Data-Aware Declarative Process Models from Event Streams",2020,"Proceedings of the International Joint Conference on Neural Networks",,,"9207500","","",,1,"10.1109/IJCNN48605.2020.9207500","https://www.scopus.com/inward/record.uri?eid=2-s2.0-85093833236&doi=10.1109%2fIJCNN48605.2020.9207500&partnerID=40&md5=4f94aa1f9bcd1e0823bf292ce1a99d91",Conference Paper,"Final","All Open Access, Green",Scopus,2-s2.0-85093833236
"Song Y., Zhang G., Lu H., Lu J.","A fuzzy drift correlation matrix for multiple data stream regression",2020,"IEEE International Conference on Fuzzy Systems","2020-July",,"9177566","","",,,"10.1109/FUZZ48607.2020.9177566","https://www.scopus.com/inward/record.uri?eid=2-s2.0-85090496353&doi=10.1109%2fFUZZ48607.2020.9177566&partnerID=40&md5=617a7c493a9e5833132b73291e06a829",Conference Paper,"Final","All Open Access, Green",Scopus,2-s2.0-85090496353
"Corallo A., Lazoi M., Striani F.","Process mining and industrial applications: A systematic literature review",2020,"Knowledge and Process Management","27","3",,"225","233",,5,"10.1002/kpm.1630","https://www.scopus.com/inward/record.uri?eid=2-s2.0-85080031151&doi=10.1002%2fkpm.1630&partnerID=40&md5=be28f75a237a273c259cd1f3a147bb6a",Article,"Final","",Scopus,2-s2.0-85080031151
"Spenrath Y., Hassani M.","Predicting business process bottlenecks in online events streams under concept drifts",2020,"Proceedings - European Council for Modelling and Simulation, ECMS","34","1",,"190","196",,1,,"https://www.scopus.com/inward/record.uri?eid=2-s2.0-85094946463&partnerID=40&md5=a426710cb9dc3a57a2940abc07ad4cab",Conference Paper,"Final","",Scopus,2-s2.0-85094946463
"Baier L., Reimold J., Kuhl N.","Handling Concept Drift for Predictions in Business Process Mining",2020,"Proceedings - 2020 IEEE 22nd Conference on Business Informatics, CBI 2020","1",,"9140292","76","83",,2,"10.1109/CBI49978.2020.00016","https://www.scopus.com/inward/record.uri?eid=2-s2.0-85089286367&doi=10.1109%2fCBI49978.2020.00016&partnerID=40&md5=bb8863dbb037e9dabc67f713d9a82c81",Conference Paper,"Final","All Open Access, Green",Scopus,2-s2.0-85089286367
"Lin L., Yang L., Wen L., Zhou H., Wang J.","Evaluation method for log partition without ground truthbased oninformation entropy [基于信息熵的无标日志划分评价方法]",2020,"Jisuanji Jicheng Zhizao Xitong/Computer Integrated Manufacturing Systems, CIMS","26","6",,"1483","1491",,,"10.13196/j.cims.2020.06.005","https://www.scopus.com/inward/record.uri?eid=2-s2.0-85087830089&doi=10.13196%2fj.cims.2020.06.005&partnerID=40&md5=14cd5eccee69ab5b096da6fd32a5dcd2",Article,"Final","",Scopus,2-s2.0-85087830089
"De Smedt J., Deeva G., De Weerdt J.","Mining Behavioral Sequence Constraints for Classification",2020,"IEEE Transactions on Knowledge and Data Engineering","32","6","8633396","1130","1142",,3,"10.1109/TKDE.2019.2897311","https://www.scopus.com/inward/record.uri?eid=2-s2.0-85084315149&doi=10.1109%2fTKDE.2019.2897311&partnerID=40&md5=038b879bc5318261960107f5d9550dff",Article,"Final","All Open Access, Green",Scopus,2-s2.0-85084315149
"Alirezaei E., Parsa S.","Adaptable Cross-organizational Unstructured Business Processes via Dynamic Rule-based Semantic Network",2020,"Information Systems Frontiers","22","3",,"771","787",,1,"10.1007/s10796-018-9886-z","https://www.scopus.com/inward/record.uri?eid=2-s2.0-85056093973&doi=10.1007%2fs10796-018-9886-z&partnerID=40&md5=b8c430649e82d9d6ef1e9678b6a36835",Article,"Final","",Scopus,2-s2.0-85056093973
"Ostovar A., Leemans S.J.J., Rosa M.L.","Robust drift characterization from event streams of business processes",2020,"ACM Transactions on Knowledge Discovery from Data","14","3","30","","",,6,"10.1145/3375398","https://www.scopus.com/inward/record.uri?eid=2-s2.0-85085250852&doi=10.1145%2f3375398&partnerID=40&md5=5b9a722617213631e079c41c9498cf49",Article,"Final","All Open Access, Green",Scopus,2-s2.0-85085250852
"Yuan J., Li T., Zhu R., Ma Z., Peng J., Huang Y.","Detecting Sudden Drift for Single-Instance Log in Software Development Process",2020,"Proceedings - 2020 Prognostics and Health Management Conference, PHM-Besancon 2020",,,"9115499","354","359",,,"10.1109/PHM-Besancon49106.2020.00069","https://www.scopus.com/inward/record.uri?eid=2-s2.0-85087281856&doi=10.1109%2fPHM-Besancon49106.2020.00069&partnerID=40&md5=27146f0337563b33623c7938bceed437",Conference Paper,"Final","",Scopus,2-s2.0-85087281856
"Xiao Z., Fu X., Zhang L., Goh R.S.M.","Traffic Pattern Mining and Forecasting Technologies in Maritime Traffic Service Networks: A Comprehensive Survey",2020,"IEEE Transactions on Intelligent Transportation Systems","21","5","8693856","1796","1825",,13,"10.1109/TITS.2019.2908191","https://www.scopus.com/inward/record.uri?eid=2-s2.0-85084556003&doi=10.1109%2fTITS.2019.2908191&partnerID=40&md5=9cf59b386711382eec915bb1704b74de",Review,"Final","",Scopus,2-s2.0-85084556003
"Mehdiyev N., Evermann J., Fettke P.","A Novel Business Process Prediction Model Using a Deep Learning Method",2020,"Business and Information Systems Engineering","62","2",,"143","157",,18,"10.1007/s12599-018-0551-3","https://www.scopus.com/inward/record.uri?eid=2-s2.0-85081387573&doi=10.1007%2fs12599-018-0551-3&partnerID=40&md5=e6926e6341ae38cbe3eb5278918828cb",Article,"Final","All Open Access, Green",Scopus,2-s2.0-85081387573
"Pentland B.T., Liu P., Kremser W., Hærem T.","The dynamics of drift in digitized processes",2020,"MIS Quarterly: Management Information Systems","44","1",,"19","47",,13,"10.25300/MISQ/2020/14458","https://www.scopus.com/inward/record.uri?eid=2-s2.0-85088473715&doi=10.25300%2fMISQ%2f2020%2f14458&partnerID=40&md5=6661e6a625ae234471f3c6f272d9d7a8",Article,"Final","",Scopus,2-s2.0-85088473715
"Winter K., Stertz F., Rinderle-Ma S.","Discovering instance and process spanning constraints from process execution logs",2020,"Information Systems","89",,"101484","","",,6,"10.1016/j.is.2019.101484","https://www.scopus.com/inward/record.uri?eid=2-s2.0-85076424930&doi=10.1016%2fj.is.2019.101484&partnerID=40&md5=48a1e60b86176b3d71bd2e65675446ae",Article,"Final","All Open Access, Hybrid Gold",Scopus,2-s2.0-85076424930
"Hanga K.M., Kovalchuk Y., Gaber M.M.","A graph-based approach to interpreting recurrent neural networks in process mining",2020,"IEEE Access","8",,,"172923","172938",,,"10.1109/ACCESS.2020.3025999","https://www.scopus.com/inward/record.uri?eid=2-s2.0-85102757960&doi=10.1109%2fACCESS.2020.3025999&partnerID=40&md5=14c1a346294299513ca9f8ddcd36d328",Article,"Final","All Open Access, Gold, Green",Scopus,2-s2.0-85102757960
"Zaman R., Hassani M., van Dongen B.F.","Data Minimisation as Privacy and Trust Instrument in Business Processes",2020,"Lecture Notes in Business Information Processing","397",,,"17","29",,,"10.1007/978-3-030-66498-5_2","https://www.scopus.com/inward/record.uri?eid=2-s2.0-85101303265&doi=10.1007%2f978-3-030-66498-5_2&partnerID=40&md5=f588828758194510c9619236b45f5917",Conference Paper,"Final","",Scopus,2-s2.0-85101303265
"Gross S., Yeshchenko A., Djurica D., Mendling J.","Process mining supported process redesign: Matching problems with solutions",2020,"CEUR Workshop Proceedings","2793",,,"24","33",,,,"https://www.scopus.com/inward/record.uri?eid=2-s2.0-85098912900&partnerID=40&md5=6b09dd7e08738b951191e9766bd46962",Conference Paper,"Final","",Scopus,2-s2.0-85098912900
"Lin L., Wen L., Lin L., Pei J., Yang H.","LCDD: Detecting Business Process Drifts Based on Local Completeness",2020,"IEEE Transactions on Services Computing",,,,"","",,1,"10.1109/TSC.2020.3032787","https://www.scopus.com/inward/record.uri?eid=2-s2.0-85096085317&doi=10.1109%2fTSC.2020.3032787&partnerID=40&md5=7dad6fb3386a9da1bd5631290813c9a9",Article,"Article in Press","",Scopus,2-s2.0-85096085317
"Mora D., Ceravolo P., Damiani E., Tavares G.M.","The CDESF toolkit: An introduction",2020,"CEUR Workshop Proceedings","2703",,,"47","50",,,,"https://www.scopus.com/inward/record.uri?eid=2-s2.0-85094864286&partnerID=40&md5=3e66b138abc6e67381853028101a410c",Conference Paper,"Final","",Scopus,2-s2.0-85094864286
"Van Houdt G.","Mining behavioural patterns from event data to enable context-aware root cause analysis (Extended abstract)",2020,"CEUR Workshop Proceedings","2703",,,"9","10",,,,"https://www.scopus.com/inward/record.uri?eid=2-s2.0-85094856194&partnerID=40&md5=4e98513031f81dc06cd77ac9569a4a63",Conference Paper,"Final","",Scopus,2-s2.0-85094856194
"Berti A., Van Der Aalst W., Zang D., Lang M.","An open-source integration of process mining features into the camunda workflow engine: Data extraction and challenges",2020,"CEUR Workshop Proceedings","2703",,,"23","26",,,,"https://www.scopus.com/inward/record.uri?eid=2-s2.0-85094839809&partnerID=40&md5=7eb4cad73beaacb336974c2db2458ef3",Conference Paper,"Final","",Scopus,2-s2.0-85094839809
"Yeshchenko A., Mendling J., Di Ciccio C., Polyvyanyy A.","VDD: A visual drift detection system for process mining",2020,"CEUR Workshop Proceedings","2703",,,"31","34",,,,"https://www.scopus.com/inward/record.uri?eid=2-s2.0-85094821772&partnerID=40&md5=d55d032dc4580d0ffba4d3e0f021fe7e",Conference Paper,"Final","",Scopus,2-s2.0-85094821772
"Impedovo A., Mignone P., Loglisci C., Ceci M.","Simultaneous Process Drift Detection and Characterization with Pattern-Based Change Detectors",2020,"Lecture Notes in Computer Science (including subseries Lecture Notes in Artificial Intelligence and Lecture Notes in Bioinformatics)","12323 LNAI",,,"451","467",,1,"10.1007/978-3-030-61527-7_30","https://www.scopus.com/inward/record.uri?eid=2-s2.0-85094104822&doi=10.1007%2f978-3-030-61527-7_30&partnerID=40&md5=a5c93fe59fea95fd00d0e95f3fd1a685",Conference Paper,"Final","",Scopus,2-s2.0-85094104822
"Rizzi W., Di Francescomarino C., Maggi F.M.","Explainability in predictive process monitoring: When understanding helps improving",2020,"Lecture Notes in Business Information Processing","392 LNBIP",,,"141","158",,1,"10.1007/978-3-030-58638-6_9","https://www.scopus.com/inward/record.uri?eid=2-s2.0-85091295469&doi=10.1007%2f978-3-030-58638-6_9&partnerID=40&md5=609460a30e2373dfc803485d358b6938",Conference Paper,"Final","",Scopus,2-s2.0-85091295469
"Metzger A., Kley T., Palm A.","Triggering proactive business process adaptations via online reinforcement learning",2020,"Lecture Notes in Computer Science (including subseries Lecture Notes in Artificial Intelligence and Lecture Notes in Bioinformatics)","12168 LNCS",,,"273","290",,1,"10.1007/978-3-030-58666-9_16","https://www.scopus.com/inward/record.uri?eid=2-s2.0-85091287982&doi=10.1007%2f978-3-030-58666-9_16&partnerID=40&md5=fa1daece10b1f78fdb4131027b5045d9",Conference Paper,"Final","",Scopus,2-s2.0-85091287982
"Stertz F., Rinderle-Ma S., Mangler J.","Analyzing process concept drifts based on sensor event streams during runtime",2020,"Lecture Notes in Computer Science (including subseries Lecture Notes in Artificial Intelligence and Lecture Notes in Bioinformatics)","12168 LNCS",,,"202","219",,1,"10.1007/978-3-030-58666-9_12","https://www.scopus.com/inward/record.uri?eid=2-s2.0-85091283596&doi=10.1007%2f978-3-030-58666-9_12&partnerID=40&md5=24fd35c3249e1907044d5ff00b202abb",Conference Paper,"Final","",Scopus,2-s2.0-85091283596
"Gal A., Senderovich A.","Process minding: Closing the big data gap",2020,"Lecture Notes in Computer Science (including subseries Lecture Notes in Artificial Intelligence and Lecture Notes in Bioinformatics)","12168 LNCS",,,"3","16",,2,"10.1007/978-3-030-58666-9_1","https://www.scopus.com/inward/record.uri?eid=2-s2.0-85091282365&doi=10.1007%2f978-3-030-58666-9_1&partnerID=40&md5=21286c397f0c6060df6a0bd4f1a3c2d6",Conference Paper,"Final","",Scopus,2-s2.0-85091282365
"Tavares G.M., Barbon S., Jr.","Analysis of Language Inspired Trace Representation for Anomaly Detection",2020,"Communications in Computer and Information Science","1260 CCIS",,,"296","308",,4,"10.1007/978-3-030-55814-7_25","https://www.scopus.com/inward/record.uri?eid=2-s2.0-85090097339&doi=10.1007%2f978-3-030-55814-7_25&partnerID=40&md5=94e847b60770a78946cb2b9cb15c5cba",Conference Paper,"Final","",Scopus,2-s2.0-85090097339
"Ceravolo P., Marques Tavares G., Junior S.B., Damiani E.","Evaluation Goals for Online Process Mining: a Concept Drift Perspective",2020,"IEEE Transactions on Services Computing",,,,"","",,5,"10.1109/TSC.2020.3004532","https://www.scopus.com/inward/record.uri?eid=2-s2.0-85089291632&doi=10.1109%2fTSC.2020.3004532&partnerID=40&md5=f9797f0c27bafe84391c495f7d59f08c",Article,"Article in Press","All Open Access, Green",Scopus,2-s2.0-85089291632
"van der Aalst W.M.P., Tacke Genannt Unterberg D., Denisov V., Fahland D.","Visualizing Token Flows Using Interactive Performance Spectra",2020,"Lecture Notes in Computer Science (including subseries Lecture Notes in Artificial Intelligence and Lecture Notes in Bioinformatics)","12152 LNCS",,,"369","380",,2,"10.1007/978-3-030-51831-8_18","https://www.scopus.com/inward/record.uri?eid=2-s2.0-85088268262&doi=10.1007%2f978-3-030-51831-8_18&partnerID=40&md5=d4f1d82ad84b7ff6d680a764c3efe7e0",Conference Paper,"Final","All Open Access, Bronze",Scopus,2-s2.0-85088268262
"Yeshchenko A., Bayomie D., Gross S., Mendling J.","Visualizing business process evolution",2020,"Lecture Notes in Business Information Processing","387 LNBIP",,,"185","192",,,"10.1007/978-3-030-49418-6_12","https://www.scopus.com/inward/record.uri?eid=2-s2.0-85086305010&doi=10.1007%2f978-3-030-49418-6_12&partnerID=40&md5=f50e65b2e9220fbe9af824d08456a773",Conference Paper,"Final","All Open Access, Bronze",Scopus,2-s2.0-85086305010
"Lioudakis G.V., Koukovini M.N., Papagiannakopoulou E.I., Dellas N., Kalaboukas K., de Carvalho R.M., Hassani M., Bracciale L., Bianchi G., Juan-Verdejo A., Alexakis S., Gaudino F., Cascone D., Barracano P.","Facilitating GDPR Compliance: The H2020 BPR4GDPR Approach",2020,"IFIP Advances in Information and Communication Technology","573 AICT",,,"72","78",,2,"10.1007/978-3-030-39634-3_7","https://www.scopus.com/inward/record.uri?eid=2-s2.0-85081890546&doi=10.1007%2f978-3-030-39634-3_7&partnerID=40&md5=cbb6069368d8f110e631764bc04eebfe",Conference Paper,"Final","All Open Access, Green",Scopus,2-s2.0-85081890546
"Grisold T., Wurm B., Mendling J., vom Brocke J.","Using process mining to support theorizing about change in organizations",2020,"Proceedings of the Annual Hawaii International Conference on System Sciences","2020-January",,,"5492","5501",,8,,"https://www.scopus.com/inward/record.uri?eid=2-s2.0-85078796957&partnerID=40&md5=785b9086f0c5e08f2700264a5ca59969",Conference Paper,"Final","",Scopus,2-s2.0-85078796957
"Ferilli S., Angelastro S.","Efficient Declarative-Based Process Mining Using an Enhanced Framework",2020,"Studies in Computational Intelligence","880",,,"121","136",,1,"10.1007/978-3-030-36617-9_8","https://www.scopus.com/inward/record.uri?eid=2-s2.0-85078112477&doi=10.1007%2f978-3-030-36617-9_8&partnerID=40&md5=fc10f3378d93a39f99f831cfef5a5a13",Book Chapter,"Final","",Scopus,2-s2.0-85078112477
"Singh V.K., Verma S., Kumar M.","Stream Processing with Concept Drift for Event Identification in Sensors Enabled IoT Environment",2019,"IEEE Sensors Journal","19","24","8815833","12187","12195",,,"10.1109/JSEN.2019.2937911","https://www.scopus.com/inward/record.uri?eid=2-s2.0-85076358238&doi=10.1109%2fJSEN.2019.2937911&partnerID=40&md5=ee46ee73a8b05f257e36c4e84f7bab3c",Article,"Final","",Scopus,2-s2.0-85076358238
"Zaman R., Cuzzocrea A., Hassani M.","An Innovative Online Process Mining Framework for Supporting Incremental GDPR Compliance of Business Processes",2019,"Proceedings - 2019 IEEE International Conference on Big Data, Big Data 2019",,,"9005705","2982","2991",,1,"10.1109/BigData47090.2019.9005705","https://www.scopus.com/inward/record.uri?eid=2-s2.0-85081340678&doi=10.1109%2fBigData47090.2019.9005705&partnerID=40&md5=202b44f092a54a6259b9d3a86626e161",Conference Paper,"Final","All Open Access, Green",Scopus,2-s2.0-85081340678
"Mishra V.P., Shukla B., Jain C.","A simulation-based approach to sense and alert the DDoS attacks in organizations network",2019,"International Journal of Advanced Science and Technology","28","14",,"268","284",,,,"https://www.scopus.com/inward/record.uri?eid=2-s2.0-85081560080&partnerID=40&md5=8d1ea8eec65c8c7a3e8e2047dbad68ab",Article,"Final","",Scopus,2-s2.0-85081560080
"Ferdaus M.M., Pratama M., Anavatti S.G., Garratt M.A.","PALM: An Incremental Construction of Hyperplanes for Data Stream Regression",2019,"IEEE Transactions on Fuzzy Systems","27","11","8613834","2115","2129",,17,"10.1109/TFUZZ.2019.2893565","https://www.scopus.com/inward/record.uri?eid=2-s2.0-85069745064&doi=10.1109%2fTFUZZ.2019.2893565&partnerID=40&md5=86b89d8ac7bb9747bea222130271f03f",Article,"Final","All Open Access, Green",Scopus,2-s2.0-85069745064
"Garcia C.D.S., Meincheim A., Faria Junior E.R., Dallagassa M.R., Sato D.M.V., Carvalho D.R., Santos E.A.P., Scalabrin E.E.","Process mining techniques and applications – A systematic mapping study",2019,"Expert Systems with Applications","133",,,"260","295",,61,"10.1016/j.eswa.2019.05.003","https://www.scopus.com/inward/record.uri?eid=2-s2.0-85065903366&doi=10.1016%2fj.eswa.2019.05.003&partnerID=40&md5=3cb4f6b9f095d847107d41b06e452d71",Review,"Final","",Scopus,2-s2.0-85065903366
"El-Gharib N.M., Amyot D.","Process mining for cloud-based applications: A systematic literature review",2019,"Proceedings - 2019 IEEE 27th International Requirements Engineering Conference Workshops, REW 2019",,,"8933636","34","43",,1,"10.1109/REW.2019.00012","https://www.scopus.com/inward/record.uri?eid=2-s2.0-85078042075&doi=10.1109%2fREW.2019.00012&partnerID=40&md5=21235ae7197337076f414b1ce0831e0a",Conference Paper,"Final","",Scopus,2-s2.0-85078042075
"Leida M., Ceravolo P., Damiani E., Asal R., Colombo M.","Dynamic Access Control to Semantics-Aware Streamed Process Logs",2019,"Journal on Data Semantics","8","3",,"203","218",,3,"10.1007/s13740-019-00106-2","https://www.scopus.com/inward/record.uri?eid=2-s2.0-85069745679&doi=10.1007%2fs13740-019-00106-2&partnerID=40&md5=999bb852c53a8082efea7ab4a22547a6",Article,"Final","All Open Access, Hybrid Gold, Green",Scopus,2-s2.0-85069745679
"Richter F., Seidl T.","Looking into the TESSERACT: Time-drifts in event streams using series of evolving rolling averages of completion times",2019,"Information Systems","84",,,"265","282",,3,"10.1016/j.is.2018.11.003","https://www.scopus.com/inward/record.uri?eid=2-s2.0-85057384493&doi=10.1016%2fj.is.2018.11.003&partnerID=40&md5=73948c057d39653114a5f17e390f9da3",Article,"Final","",Scopus,2-s2.0-85057384493
"Huang X.-F., Cao J., Tan Y.-D.","Business Process Predictive Monitoring Based on Sequence Encoding of Frequent Activity Sets [基于频繁活动集序列编码业务过程预测性监控]",2019,"Beijing Youdian Daxue Xuebao/Journal of Beijing University of Posts and Telecommunications","42","4",,"1","7",,,"10.13190/j.jbupt.2018-278","https://www.scopus.com/inward/record.uri?eid=2-s2.0-85075583961&doi=10.13190%2fj.jbupt.2018-278&partnerID=40&md5=3f6ca6e4df015fd01d764a6dbdcef3d2",Article,"Final","",Scopus,2-s2.0-85075583961
"Tavares G.M., Ceravolo P., Da Costa V.G.T., Damiani E., Junior S.B.","Overlapping analytic stages in online process mining",2019,"Proceedings - 2019 IEEE International Conference on Services Computing, SCC 2019 - Part of the 2019 IEEE World Congress on Services",,,"8813959","167","175",,4,"10.1109/SCC.2019.00037","https://www.scopus.com/inward/record.uri?eid=2-s2.0-85072572058&doi=10.1109%2fSCC.2019.00037&partnerID=40&md5=b38a2244d0ce756847fe9645f1d469a1",Conference Paper,"Final","",Scopus,2-s2.0-85072572058
"Zhang P., Ye J., Zhang P.","Optimization of Big Data Transaction Process Model Based on Concept Drift Detection [基于概念漂移检测的大数据交易过程模型优化方法]",2019,"Tien Tzu Hsueh Pao/Acta Electronica Sinica","47","7",,"1465","1474",,,"10.3969/j.issn.0372-2112.2019.07.009","https://www.scopus.com/inward/record.uri?eid=2-s2.0-85071883721&doi=10.3969%2fj.issn.0372-2112.2019.07.009&partnerID=40&md5=e9a978b100569c30bf6d530560480d0a",Article,"Final","",Scopus,2-s2.0-85071883721
"Knols B., Van Der Werf J.M.E.M.","Measuring the behavioral quality of log sampling",2019,"Proceedings - 2019 International Conference on Process Mining, ICPM 2019",,,"8786070","97","104",,3,"10.1109/ICPM.2019.00024","https://www.scopus.com/inward/record.uri?eid=2-s2.0-85071192472&doi=10.1109%2fICPM.2019.00024&partnerID=40&md5=595db07195614fece20f8b73eccb7686",Conference Paper,"Final","",Scopus,2-s2.0-85071192472
"Hassani M.","Concept drift detection of event streams using an adaptive window",2019,"Proceedings - European Council for Modelling and Simulation, ECMS","33","1",,"230","239",,6,"10.7148/2019-0230","https://www.scopus.com/inward/record.uri?eid=2-s2.0-85068747038&doi=10.7148%2f2019-0230&partnerID=40&md5=32ad50f02afeb9c9c6347d883d325841",Conference Paper,"Final","",Scopus,2-s2.0-85068747038
"Ramos-Merino M., álvarez-Sabucedo L.M., Santos-Gago J.M., de Arriba-Pérez F.","A pattern based method for simplifying a BPMN process model",2019,"Applied Sciences (Switzerland)","9","11","2322","","",,4,"10.3390/app9112322","https://www.scopus.com/inward/record.uri?eid=2-s2.0-85067244983&doi=10.3390%2fapp9112322&partnerID=40&md5=b428458ecdd37027e155ed657bcdfb53",Article,"Final","All Open Access, Gold",Scopus,2-s2.0-85067244983
"Omori N.J., Tavares G.M., Ceravolo P., Barbon S.","Comparing concept drift detection with process mining tools",2019,"ACM International Conference Proceeding Series",,,"0031","","",,,"10.1145/3330204.3330240","https://www.scopus.com/inward/record.uri?eid=2-s2.0-85071954867&doi=10.1145%2f3330204.3330240&partnerID=40&md5=4b970443881c01ed53f224ed2216dda8",Conference Paper,"Final","",Scopus,2-s2.0-85071954867
"Hmami A., Sbai H., Fredj M.","Change Mining in Business Process Variability: A Comparative Study",2019,"Proceedings of 2019 IEEE World Conference on Complex Systems, WCCS 2019",,,"8930792","","",,1,"10.1109/ICoCS.2019.8930792","https://www.scopus.com/inward/record.uri?eid=2-s2.0-85077812318&doi=10.1109%2fICoCS.2019.8930792&partnerID=40&md5=b7547d3c40eff7ed768f3b50c1a89319",Conference Paper,"Final","",Scopus,2-s2.0-85077812318
"Zheng C., Wu X., Wen L., Wang J.","Detecting concept drift of process models from event logs [从事件日志中发现过程模型的渐变漂移]",2019,"Jisuanji Jicheng Zhizao Xitong/Computer Integrated Manufacturing Systems, CIMS","25","4",,"830","836",,1,"10.13196/j.cims.2019.04.004","https://www.scopus.com/inward/record.uri?eid=2-s2.0-85070691422&doi=10.13196%2fj.cims.2019.04.004&partnerID=40&md5=8d71bb071224f2b7dcbc77a246a56afe",Article,"Final","",Scopus,2-s2.0-85070691422
"Lin L., Wen L., Zhou H., Pei J., Dai F., Zheng C.","Process concept drift detection approach based on log completeness [基于日志完备性的过程漂移检测方法]",2019,"Jisuanji Jicheng Zhizao Xitong/Computer Integrated Manufacturing Systems, CIMS","25","4",,"873","881",,2,"10.13196/j.cims.2019.04.009","https://www.scopus.com/inward/record.uri?eid=2-s2.0-85070689345&doi=10.13196%2fj.cims.2019.04.009&partnerID=40&md5=1d8db68ca756a29da228c554b8a809c2",Article,"Final","",Scopus,2-s2.0-85070689345
"Lamghari Z., Radgui M., Saidi R., Rahmani M.D.","Passage challenges from data-intensive system to knowledge-intensive system related to process mining field",2019,"ACM International Conference Proceeding Series",,,"a3","","",,1,"10.1145/3333165.3333168","https://www.scopus.com/inward/record.uri?eid=2-s2.0-85071949517&doi=10.1145%2f3333165.3333168&partnerID=40&md5=9dc0d53e33c5ea234a1024cf902602bd",Conference Paper,"Final","",Scopus,2-s2.0-85071949517
"Borkowski M., Fdhila W., Nardelli M., Rinderle-Ma S., Schulte S.","Event-based failure prediction in distributed business processes",2019,"Information Systems","81",,,"220","235",,16,"10.1016/j.is.2017.12.005","https://www.scopus.com/inward/record.uri?eid=2-s2.0-85039978934&doi=10.1016%2fj.is.2017.12.005&partnerID=40&md5=66630c15fa0ff2dd71f58564526dcae8",Article,"Final","All Open Access, Green",Scopus,2-s2.0-85039978934
"Lopes I.F., Ferreira D.R.","A Survey of Process Mining Competitions: The BPI Challenges 2011–2018",2019,"Lecture Notes in Business Information Processing","362 LNBIP",,,"263","274",,1,"10.1007/978-3-030-37453-2_22","https://www.scopus.com/inward/record.uri?eid=2-s2.0-85078537375&doi=10.1007%2f978-3-030-37453-2_22&partnerID=40&md5=4bf957ce59bbd0b9f435651ed2fbc91c",Conference Paper,"Final","",Scopus,2-s2.0-85078537375
"Kurniati A.P., McInerney C., Zucker K., Hall G., Hogg D., Johnson O.","A Multi-level Approach for Identifying Process Change in Cancer Pathways",2019,"Lecture Notes in Business Information Processing","362 LNBIP",,,"595","607",,2,"10.1007/978-3-030-37453-2_48","https://www.scopus.com/inward/record.uri?eid=2-s2.0-85078534951&doi=10.1007%2f978-3-030-37453-2_48&partnerID=40&md5=98b0e7a9162945a7db69f86e1b952e83",Conference Paper,"Final","All Open Access, Green",Scopus,2-s2.0-85078534951
"Firouzian I., Zahedi M., Hassanpour H.","Investigation of the effect of concept drift on data-aware remaining time prediction of business processes",2019,"International Journal of Nonlinear Analysis and Applications","10","2",,"153","166",,2,"10.22075/IJNAA.2019.4182","https://www.scopus.com/inward/record.uri?eid=2-s2.0-85077912179&doi=10.22075%2fIJNAA.2019.4182&partnerID=40&md5=ee17fc47454ad7ee8dbad1b3f91be56f",Article,"Final","",Scopus,2-s2.0-85077912179
"Coltellese S., Maria Maggi F., Marrella A., Massarelli L., Querzoni L.","Triage of IoT attacks through process mining",2019,"Lecture Notes in Computer Science (including subseries Lecture Notes in Artificial Intelligence and Lecture Notes in Bioinformatics)","11877 LNCS",,,"326","344",,3,"10.1007/978-3-030-33246-4_22","https://www.scopus.com/inward/record.uri?eid=2-s2.0-85077849557&doi=10.1007%2f978-3-030-33246-4_22&partnerID=40&md5=954146a2d7693e1be5f2f459da0d4f88",Conference Paper,"Final","All Open Access, Green",Scopus,2-s2.0-85077849557
"Li W., Fan Y., Liu W., Xin M., Wang H., Jin Q.","A Self-Adaptive Process Mining Algorithm Based on Information Entropy to Deal with Uncertain Data",2019,"IEEE Access","7",,"8826260","131681","131691",,3,"10.1109/ACCESS.2019.2939565","https://www.scopus.com/inward/record.uri?eid=2-s2.0-85077823895&doi=10.1109%2fACCESS.2019.2939565&partnerID=40&md5=8f80476a80ca576d3fba966a3418c7c7",Article,"Final","All Open Access, Gold, Green",Scopus,2-s2.0-85077823895
"Yeshchenko A., Di Ciccio C., Mendling J., Polyvyanyy A.","Comprehensive process drift detection with visual analytics",2019,"Lecture Notes in Computer Science (including subseries Lecture Notes in Artificial Intelligence and Lecture Notes in Bioinformatics)","11788 LNCS",,,"119","135",,11,"10.1007/978-3-030-33223-5_11","https://www.scopus.com/inward/record.uri?eid=2-s2.0-85076191162&doi=10.1007%2f978-3-030-33223-5_11&partnerID=40&md5=45bb22b740496dfe00ec0f41172e7b79",Conference Paper,"Final","All Open Access, Green",Scopus,2-s2.0-85076191162
"Yeshchenko A., Ciccio C.D., Mendling J., Polyvyanyy A.","Comprehensive process drift analysis with the visual drift detection tool",2019,"CEUR Workshop Proceedings","2469",,,"108","112",,1,,"https://www.scopus.com/inward/record.uri?eid=2-s2.0-85074107108&partnerID=40&md5=39f636e4949f4346b8670fcb2e28ec5e",Conference Paper,"Final","",Scopus,2-s2.0-85074107108
"Nikhilsai, Sanjay, Jancy S.","Discovering unpredictable changes in business process",2019,"Journal of Computational and Theoretical Nanoscience","16","8",,"3228","3231",,5,"10.1166/jctn.2019.8167","https://www.scopus.com/inward/record.uri?eid=2-s2.0-85073320963&doi=10.1166%2fjctn.2019.8167&partnerID=40&md5=bb089a0175cc897943e794aba95fcf05",Article,"Final","",Scopus,2-s2.0-85073320963
"Zaman R., Hassani M.","Process mining meets GDPR compliance: The right to be forgotten as a use case",2019,"CEUR Workshop Proceedings","2432",,,"","",,,,"https://www.scopus.com/inward/record.uri?eid=2-s2.0-85071764645&partnerID=40&md5=5560448c2ac3671a2bbab7c6683300dc",Conference Paper,"Final","",Scopus,2-s2.0-85071764645
"van Cruchten R.M.E.","Data quality in process mining: A rule-based Approach",2019,"CEUR Workshop Proceedings","2432",,,"","",,,,"https://www.scopus.com/inward/record.uri?eid=2-s2.0-85071748869&partnerID=40&md5=8b964844a830a1b6db8b138177365bc7",Conference Paper,"Final","",Scopus,2-s2.0-85071748869
"Rizzi W., Simonetto L., Di Francescomarino C., Ghidini C., Kasekamp T., Maggi F.M.","Nirdizati 2.0: New features andredesigned backend",2019,"CEUR Workshop Proceedings","2420",,,"","",,2,,"https://www.scopus.com/inward/record.uri?eid=2-s2.0-85070989766&partnerID=40&md5=cd5e3995058173567c7e4123f68ee398",Conference Paper,"Final","",Scopus,2-s2.0-85070989766
"Wurm B.","Process mining as a strategy of inquiry: Understanding design interventions and the development of business processes",2019,"CEUR Workshop Proceedings","2420",,,"","",,,,"https://www.scopus.com/inward/record.uri?eid=2-s2.0-85070975936&partnerID=40&md5=7a4c92d3c505c65004eb3cdf3bbb817d",Conference Paper,"Final","",Scopus,2-s2.0-85070975936
"Pijnenburg M., Kowalczyk W.","Are Similar Cases Treated Similarly? A Comparison Between Process Workers",2019,"Lecture Notes in Business Information Processing","354",,,"162","176",,,"10.1007/978-3-030-20482-2_14","https://www.scopus.com/inward/record.uri?eid=2-s2.0-85068184745&doi=10.1007%2f978-3-030-20482-2_14&partnerID=40&md5=ab3412f4b439cbd7e14c0b9184724331",Conference Paper,"Final","",Scopus,2-s2.0-85068184745
"Stertz F., Rinderle-Ma S.","Detecting and identifying data drifts in process event streams based on process histories",2019,"Lecture Notes in Business Information Processing","350",,,"240","252",,3,"10.1007/978-3-030-21297-1_21","https://www.scopus.com/inward/record.uri?eid=2-s2.0-85066789569&doi=10.1007%2f978-3-030-21297-1_21&partnerID=40&md5=a5793b452fcff48257510430046a1413",Conference Paper,"Final","",Scopus,2-s2.0-85066789569
"Pauwels S.","An anomaly detection technique for business processes based on extended dynamic Bayesian networks",2019,"Proceedings of the ACM Symposium on Applied Computing","Part F147772",,,"494","501",,7,"10.1145/3297280.3297326","https://www.scopus.com/inward/record.uri?eid=2-s2.0-85065649776&doi=10.1145%2f3297280.3297326&partnerID=40&md5=0075228faa6554ac44a4b5632adaa487",Conference Paper,"Final","All Open Access, Green",Scopus,2-s2.0-85065649776
"Spenrath Y., Hassani M.","Ensemble-based prediction of business processes bottlenecks with recurrent concept drifts",2019,"CEUR Workshop Proceedings","2322",,,"","",,3,,"https://www.scopus.com/inward/record.uri?eid=2-s2.0-85062651409&partnerID=40&md5=bbbc5f3775cb9c2c34bf4ae47fbe1a53",Conference Paper,"Final","",Scopus,2-s2.0-85062651409
"Armas-Cervantes A., Dumas M., La Rosa M., Maaradji A.","Local concurrency detection in business process event logs",2019,"ACM Transactions on Internet Technology","19","1","16","","",,3,"10.1145/3289181","https://www.scopus.com/inward/record.uri?eid=2-s2.0-85061201957&doi=10.1145%2f3289181&partnerID=40&md5=f4bf7bb40e6505da8dca4a38e2e8efee",Article,"Final","All Open Access, Green",Scopus,2-s2.0-85061201957
"Chandrakanth P., Anbarasi M.S.","Privacy preserving in data stream mining using statistical learning methods for building ensemble classifier",2019,"Smart Innovation, Systems and Technologies","105",,,"631","638",,,"10.1007/978-981-13-1927-3_66","https://www.scopus.com/inward/record.uri?eid=2-s2.0-85056837016&doi=10.1007%2f978-981-13-1927-3_66&partnerID=40&md5=83f12248e3901ad3cea1db94f9c338db",Conference Paper,"Final","",Scopus,2-s2.0-85056837016
"Alirezaei E., Parsa S., Vahedi Z.","Predictive analytics of hyper-connected collaborative network",2019,"International Journal of Business Data Communications and Networking","15","1",,"17","33",,1,"10.4018/IJBDCN.2019010102","https://www.scopus.com/inward/record.uri?eid=2-s2.0-85055890902&doi=10.4018%2fIJBDCN.2019010102&partnerID=40&md5=c5b208e121b317973ed5b0d2baa3e254",Article,"Final","",Scopus,2-s2.0-85055890902
"Janssenswillen G., Depaire B., Swennen M., Jans M., Vanhoof K.","bupaR: Enabling reproducible business process analysis",2019,"Knowledge-Based Systems","163",,,"927","930",,24,"10.1016/j.knosys.2018.10.018","https://www.scopus.com/inward/record.uri?eid=2-s2.0-85055880819&doi=10.1016%2fj.knosys.2018.10.018&partnerID=40&md5=7fa9c80af214d9f853c6e5dd09a9510e",Article,"Final","All Open Access, Green",Scopus,2-s2.0-85055880819
"Litchfield I., Hoye C., Shukla D., Backman R., Turner A., Lee M., Weber P.","Can process mining automatically describe care pathways of patients with long-term conditions in UK primary care? A study protocol",2018,"BMJ Open","8","12","e019947","","",,5,"10.1136/bmjopen-2017-019947","https://www.scopus.com/inward/record.uri?eid=2-s2.0-85058321578&doi=10.1136%2fbmjopen-2017-019947&partnerID=40&md5=90674d60e8f654202c7d29ac08280f00",Article,"Final","All Open Access, Gold, Green",Scopus,2-s2.0-85058321578
"Huang T., Xu B., Cai H., Du J., Chao K.-M., Huang C.","A fog computing based concept drift adaptive process mining framework for mobile APPs",2018,"Future Generation Computer Systems","89",,,"670","684",,5,"10.1016/j.future.2018.07.034","https://www.scopus.com/inward/record.uri?eid=2-s2.0-85050529546&doi=10.1016%2fj.future.2018.07.034&partnerID=40&md5=47c882675042782074fab53bba64f976",Article,"Final","",Scopus,2-s2.0-85050529546
"Carmona J., van Dongen B., Solti A., Weidlich M.","Conformance checking: Relating processes and models, relating processes and models",2018,"Conformance Checking: Relating Processes and Models, Relating Processes and Models",,,,"1","277",,84,"10.1007/978-3-319-99414-7","https://www.scopus.com/inward/record.uri?eid=2-s2.0-85073657166&doi=10.1007%2f978-3-319-99414-7&partnerID=40&md5=8adf5929e461b3ad530ec6bad8da89a5",Book,"Final","",Scopus,2-s2.0-85073657166
"Batyuk A., Voityshyn V.","Streaming process discovery for lambda architecture-based process monitoring platform",2018,"International Scientific and Technical Conference on Computer Sciences and Information Technologies","1",,"8526592","298","301",,5,"10.1109/STC-CSIT.2018.8526592","https://www.scopus.com/inward/record.uri?eid=2-s2.0-85058024279&doi=10.1109%2fSTC-CSIT.2018.8526592&partnerID=40&md5=cbbc5d0a19047b99f77af7c460dbafde",Conference Paper,"Final","",Scopus,2-s2.0-85058024279
"Di Ciccio C., Maggi F.M., Montali M., Mendling J.","On the relevance of a business constraint to an event log",2018,"Information Systems","78",,,"144","161",,8,"10.1016/j.is.2018.01.011","https://www.scopus.com/inward/record.uri?eid=2-s2.0-85046765530&doi=10.1016%2fj.is.2018.01.011&partnerID=40&md5=0dd671bd18f529b3eed467ff2edc66b1",Article,"Final","All Open Access, Green",Scopus,2-s2.0-85046765530
"Ghasemi M.","Towards goal-oriented process mining",2018,"Proceedings - 2018 IEEE 26th International Requirements Engineering Conference, RE 2018",,,"8491173","484","489",,4,"10.1109/RE.2018.00066","https://www.scopus.com/inward/record.uri?eid=2-s2.0-85056824058&doi=10.1109%2fRE.2018.00066&partnerID=40&md5=548348cf24b48687eb77a7bf02430ca7",Conference Paper,"Final","All Open Access, Green",Scopus,2-s2.0-85056824058
"Batyuk A., V Oityshyn V., Verhun V.","Software Architecture Design of the Real- Time Processes Monitoring Platform",2018,"Proceedings of the 2018 IEEE 2nd International Conference on Data Stream Mining and Processing, DSMP 2018",,,"8478589","98","101",,15,"10.1109/DSMP.2018.8478589","https://www.scopus.com/inward/record.uri?eid=2-s2.0-85056148472&doi=10.1109%2fDSMP.2018.8478589&partnerID=40&md5=9392b3701aaa892c9089ee3330dd7fd2",Conference Paper,"Final","All Open Access, Green",Scopus,2-s2.0-85056148472
"Liu N., Huang J., Cui L.","A framework for online process concept drift detection from event streams",2018,"Proceedings - 2018 IEEE International Conference on Services Computing, SCC 2018 - Part of the 2018 IEEE World Congress on Services",,,"8456407","105","112",,2,"10.1109/SCC.2018.00021","https://www.scopus.com/inward/record.uri?eid=2-s2.0-85054039537&doi=10.1109%2fSCC.2018.00021&partnerID=40&md5=8a2a6ed84ff8f266d3484421d8b77471",Conference Paper,"Final","",Scopus,2-s2.0-85054039537
"Li W., Zhu H., Liu W., Chen D., Jiang J., Jin Q.","An anti-noise process mining algorithm based on minimum spanning tree clustering",2018,"IEEE Access","6",,"8440819","48756","48764",,4,"10.1109/ACCESS.2018.2865540","https://www.scopus.com/inward/record.uri?eid=2-s2.0-85052698250&doi=10.1109%2fACCESS.2018.2865540&partnerID=40&md5=bdb2d24adbdcfdc2e9bd93fc3e088c67",Article,"Final","All Open Access, Gold",Scopus,2-s2.0-85052698250
"Silva F.A.R.","Analytical intelligence in processes: Data science for business",2018,"IEEE Latin America Transactions","16","8","8528241","2240","2247",,7,"10.1109/TLA.2018.8528241","https://www.scopus.com/inward/record.uri?eid=2-s2.0-85056606649&doi=10.1109%2fTLA.2018.8528241&partnerID=40&md5=c8abdba4797d7183bb766f9b7c7f63a9",Article,"Final","",Scopus,2-s2.0-85056606649
"Zheng C., Wen L., Wang J.","Process concept drift detection based on extensible activity relationship [基于可扩展活动关系的过程概念漂移检测]",2018,"Jisuanji Jicheng Zhizao Xitong/Computer Integrated Manufacturing Systems, CIMS","24","7",,"1589","1597",,,"10.13196/j.cims.2018.07.001","https://www.scopus.com/inward/record.uri?eid=2-s2.0-85055588867&doi=10.13196%2fj.cims.2018.07.001&partnerID=40&md5=78239d899e12cb7eb29d1645177ea36b",Article,"Final","",Scopus,2-s2.0-85055588867
"Bernardi M.L., Cimitile M., Mercaldo F.","Cross-organisational process mining in cloud environments",2018,"Journal of Information and Knowledge Management","17","2","1850014","","",,2,"10.1142/S0219649218500144","https://www.scopus.com/inward/record.uri?eid=2-s2.0-85045192310&doi=10.1142%2fS0219649218500144&partnerID=40&md5=45245b264cd804f7d9e120ef2138bc76",Article,"Final","",Scopus,2-s2.0-85045192310
"Zhang X., Du Y., Qi L., Sun H.","An Approach for Repairing Process Models Based on Logic Petri Nets",2018,"IEEE Access","6",,,"29926","29939",,10,"10.1109/ACCESS.2018.2843137","https://www.scopus.com/inward/record.uri?eid=2-s2.0-85047977070&doi=10.1109%2fACCESS.2018.2843137&partnerID=40&md5=53ee498cc4e29d075b51fe836ace2cdf",Article,"Final","All Open Access, Gold",Scopus,2-s2.0-85047977070
"Leno V., Armas-Cervantes A., Dumas M., La Rosa M., Maggi F.M.","Discovering process maps from event streams",2018,"ACM International Conference Proceeding Series",,,,"86","95",,7,"10.1145/3202710.3203154","https://www.scopus.com/inward/record.uri?eid=2-s2.0-85048373149&doi=10.1145%2f3202710.3203154&partnerID=40&md5=1ee0d46fc5a94e3c2a20c22930d7d3e1",Conference Paper,"Final","All Open Access, Green",Scopus,2-s2.0-85048373149
"Maggi F.M., Di Ciccio C., Di Francescomarino C., Kala T.","Parallel algorithms for the automated discovery of declarative process models",2018,"Information Systems","74",,,"136","152",,19,"10.1016/j.is.2017.12.002","https://www.scopus.com/inward/record.uri?eid=2-s2.0-85039726087&doi=10.1016%2fj.is.2017.12.002&partnerID=40&md5=96c76d290fafe09dcc2acfcce73b9ef6",Article,"Final","",Scopus,2-s2.0-85039726087
"Barbon Junior S., Tavares G.M., Da Costa V.G.T., Ceravolo P., Damiani E.","A Framework for Human-in-the-loop Monitoring of Concept-drift Detection in Event Log Stream",2018,"The Web Conference 2018 - Companion of the World Wide Web Conference, WWW 2018",,,,"319","326",,7,"10.1145/3184558.3186343","https://www.scopus.com/inward/record.uri?eid=2-s2.0-85085164762&doi=10.1145%2f3184558.3186343&partnerID=40&md5=dd6dea9f030158eb6551c23602629025",Conference Paper,"Final","",Scopus,2-s2.0-85085164762
"Gunn I.A.D., Arnaiz-González Á., Kuncheva L.I.","A taxonomic look at instance-based stream classifiers",2018,"Neurocomputing","286",,,"167","178",,7,"10.1016/j.neucom.2018.01.062","https://www.scopus.com/inward/record.uri?eid=2-s2.0-85041946412&doi=10.1016%2fj.neucom.2018.01.062&partnerID=40&md5=b7b3b8af2daadfd5b554bf995ca23cc7",Article,"Final","All Open Access, Green",Scopus,2-s2.0-85041946412
"Lan L., Liu Y., Feng Lu W.","Learning from the Past: Uncovering Design Process Models Using an Enriched Process Mining",2018,"Journal of Mechanical Design, Transactions of the ASME","140","4","041403","","",,1,"10.1115/1.4039200","https://www.scopus.com/inward/record.uri?eid=2-s2.0-85042689132&doi=10.1115%2f1.4039200&partnerID=40&md5=ba8c5c1f6221b18e7e2f5ef0ebb84a17",Article,"Final","All Open Access, Bronze, Green",Scopus,2-s2.0-85042689132
"Weidlich M.","A self-portrayal of GI Junior Fellow Matthias Weidlich: Event-driven analysis of service processes",2018,"IT - Information Technology","60","1",,"51","54",,,"10.1515/itit-2017-0035","https://www.scopus.com/inward/record.uri?eid=2-s2.0-85111724086&doi=10.1515%2fitit-2017-0035&partnerID=40&md5=63b4cada6bcd6941251efeccd031ee51",Article,"Final","",Scopus,2-s2.0-85111724086
"van Zelst S.J., van Dongen B.F., van der Aalst W.M.P.","Event stream-based process discovery using abstract representations",2018,"Knowledge and Information Systems","54","2",,"407","435",,31,"10.1007/s10115-017-1060-2","https://www.scopus.com/inward/record.uri?eid=2-s2.0-85019180173&doi=10.1007%2fs10115-017-1060-2&partnerID=40&md5=013f12b02c6c1e4442f6db13a46bc6f2",Article,"Final","All Open Access, Hybrid Gold, Green",Scopus,2-s2.0-85019180173
"Pentland B.T., Recker J., Kim I.","Capturing reality in flight? Empirical tools for strong process theory",2018,"ICIS 2017: Transforming Society with Digital Innovation",,,,"","",,3,,"https://www.scopus.com/inward/record.uri?eid=2-s2.0-85107083921&partnerID=40&md5=144a6ba8058d9474f4e5b29b5c7568af",Conference Paper,"Final","",Scopus,2-s2.0-85107083921
"Lehto T., Hinkka M., Hollmén J.","Analyzing business process changes using influence analysis",2018,"CEUR Workshop Proceedings","2270",,,"32","46",,1,,"https://www.scopus.com/inward/record.uri?eid=2-s2.0-85058821100&partnerID=40&md5=95ba3774378d87dfbf34adda415a7740",Conference Paper,"Final","",Scopus,2-s2.0-85058821100
[No author name available],"Confederated International Conferences: Cooperative Information Systems, CoopIS 2018, Ontologies, Databases, and Applications of Semantics, ODBASE 2018, and Cloud and Trusted Computing, C and TC, held as part of OTM 2018",2018,"Lecture Notes in Computer Science (including subseries Lecture Notes in Artificial Intelligence and Lecture Notes in Bioinformatics)","11230 LNCS",,,"","",1280,,,"https://www.scopus.com/inward/record.uri?eid=2-s2.0-85055926480&partnerID=40&md5=76f3cadddde6fecc88d4a4c26424c3c1",Conference Review,"Final","",Scopus,2-s2.0-85055926480
[No author name available],"Confederated International Conferences: Cooperative Information Systems, CoopIS 2018, Ontologies, Databases, and Applications of Semantics, ODBASE 2018, and Cloud and Trusted Computing, C and TC, held as part of OTM 2018",2018,"Lecture Notes in Computer Science (including subseries Lecture Notes in Artificial Intelligence and Lecture Notes in Bioinformatics)","11229 LNCS",,,"","",1280,,,"https://www.scopus.com/inward/record.uri?eid=2-s2.0-85055834588&partnerID=40&md5=a9f251df59ede6c70e9098bd6a0c6efd",Conference Review,"Final","",Scopus,2-s2.0-85055834588
"Stertz F., Rinderle-Ma S.","Process Histories - Detecting and Representing Concept Drifts Based on Event Streams",2018,"Lecture Notes in Computer Science (including subseries Lecture Notes in Artificial Intelligence and Lecture Notes in Bioinformatics)","11229 LNCS",,,"318","335",,5,"10.1007/978-3-030-02610-3_18","https://www.scopus.com/inward/record.uri?eid=2-s2.0-85055793822&doi=10.1007%2f978-3-030-02610-3_18&partnerID=40&md5=ab3567868d7d2385c0c47fb861d2e30d",Conference Paper,"Final","",Scopus,2-s2.0-85055793822
"Xu Y., Du Y., Luan W., Qi L., Sun H.","Repairing process models with logical concurrent and casual relations via logical petri nets",2018,"IEEE Access","6",,"8478132","56341","56355",,7,"10.1109/ACCESS.2018.2872640","https://www.scopus.com/inward/record.uri?eid=2-s2.0-85054348137&doi=10.1109%2fACCESS.2018.2872640&partnerID=40&md5=5213e360ae145cd28adc24676f94d433",Article,"Final","All Open Access, Gold",Scopus,2-s2.0-85054348137
"Di Francescomarino C., Ghidini C., Maggi F.M., Milani F.","Predictive Process Monitoring Methods: Which One Suits Me Best?",2018,"Lecture Notes in Computer Science (including subseries Lecture Notes in Artificial Intelligence and Lecture Notes in Bioinformatics)","11080 LNCS",,,"462","479",,39,"10.1007/978-3-319-98648-7_27","https://www.scopus.com/inward/record.uri?eid=2-s2.0-85053635949&doi=10.1007%2f978-3-319-98648-7_27&partnerID=40&md5=4e46ce1f952ac5458342f7f9ebefea4c",Conference Paper,"Final","All Open Access, Green",Scopus,2-s2.0-85053635949
"Arostegi M., Torre-Bastida A.I., Lobo J.L., Bilbao M.N., Del Ser J.","Concept tracking and adaptation for drifting data streams under extreme verification latency",2018,"Studies in Computational Intelligence","798",,,"11","25",,,"10.1007/978-3-319-99626-4_2","https://www.scopus.com/inward/record.uri?eid=2-s2.0-85053462195&doi=10.1007%2f978-3-319-99626-4_2&partnerID=40&md5=9f2ed21b8e6bdb7241b01d3a6ed72376",Book Chapter,"Final","",Scopus,2-s2.0-85053462195
"Thanapal P., Meenatchi S., Navaneethan C., Iyapparaja M., Prasanna M.","Diagnosing sudden and gradual drifts in business process",2018,"Journal of Advanced Research in Dynamical and Control Systems","10","5 Special Issue",,"1583","1589",,,,"https://www.scopus.com/inward/record.uri?eid=2-s2.0-85051170928&partnerID=40&md5=8b6ea60c8dc91a4dda8f577b86917402",Article,"Final","",Scopus,2-s2.0-85051170928
"Klinkmüller C., van Beest N.R.T.P., Weber I.","Towards reliable predictive process monitoring",2018,"Lecture Notes in Business Information Processing","317",,,"163","181",,4,"10.1007/978-3-319-92901-9_15","https://www.scopus.com/inward/record.uri?eid=2-s2.0-85048614318&doi=10.1007%2f978-3-319-92901-9_15&partnerID=40&md5=c101f9db9734c98cdbe32ab8d1335fc0",Conference Paper,"Final","",Scopus,2-s2.0-85048614318
"Wurm B.","Patterns of stability and change in business processes: Using process mining to capture reality in flight",2018,"CEUR Workshop Proceedings","2097",,,"21","28",,1,,"https://www.scopus.com/inward/record.uri?eid=2-s2.0-85048369907&partnerID=40&md5=961e7a18c1840260ec895e2f347263c8",Conference Paper,"Final","",Scopus,2-s2.0-85048369907
"Yürek I., Birant D., Birant K.U.","Interactive process miner: a new approach for process mining",2018,"Turkish Journal of Electrical Engineering and Computer Sciences","26","3",,"1314","1328",,3,"10.3906/elk-1708-112","https://www.scopus.com/inward/record.uri?eid=2-s2.0-85048240054&doi=10.3906%2felk-1708-112&partnerID=40&md5=3f75bcb3e97b829114f508ed0c08fb65",Article,"Final","All Open Access, Bronze, Green",Scopus,2-s2.0-85048240054
"Syamsiyah A., Van Dongen B.F., Van Der Aalst W.M.P.","DB-XES: Enabling process discovery in the large",2018,"Lecture Notes in Business Information Processing","307",,,"53","77",,5,"10.1007/978-3-319-74161-1_4","https://www.scopus.com/inward/record.uri?eid=2-s2.0-85041796509&doi=10.1007%2f978-3-319-74161-1_4&partnerID=40&md5=0db7f3967e8f92cc442828aa5cd1d75e",Conference Paper,"Final","All Open Access, Green",Scopus,2-s2.0-85041796509
"Syamsiyah A., van Dongen B.F., van der Aalst W.M.P.","Recurrent process mining with live event data",2018,"Lecture Notes in Business Information Processing","308",,,"178","190",,3,"10.1007/978-3-319-74030-0_13","https://www.scopus.com/inward/record.uri?eid=2-s2.0-85041708555&doi=10.1007%2f978-3-319-74030-0_13&partnerID=40&md5=bc2893cc9110003f3e8f581964775743",Conference Paper,"Final","",Scopus,2-s2.0-85041708555
"Burattin A., Carmona J.","A framework for online conformance checking",2018,"Lecture Notes in Business Information Processing","308",,,"165","177",,16,"10.1007/978-3-319-74030-0_12","https://www.scopus.com/inward/record.uri?eid=2-s2.0-85041704589&doi=10.1007%2f978-3-319-74030-0_12&partnerID=40&md5=74f2152d4d8c304502cbe3eee7bd26e3",Conference Paper,"Final","All Open Access, Green",Scopus,2-s2.0-85041704589
"Maaradji A., Dumas M., Rosa M.L., Ostovar A.","Detecting sudden and gradual drifts in business processes from execution traces",2017,"IEEE Transactions on Knowledge and Data Engineering","29","10","7959545","2140","2154",,33,"10.1109/TKDE.2017.2720601","https://www.scopus.com/inward/record.uri?eid=2-s2.0-85021917768&doi=10.1109%2fTKDE.2017.2720601&partnerID=40&md5=2e15744116e6d78402a153ec126d92db",Article,"Final","All Open Access, Green",Scopus,2-s2.0-85021917768
"Li T., He T., Wang Z., Zhang Y., Chu D.","Unraveling Process Evolution by Handling Concept Drifts in Process Mining",2017,"Proceedings - 2017 IEEE 14th International Conference on Services Computing, SCC 2017",,,"8035016","442","449",,6,"10.1109/SCC.2017.63","https://www.scopus.com/inward/record.uri?eid=2-s2.0-85032350208&doi=10.1109%2fSCC.2017.63&partnerID=40&md5=d366b9b6972d691a510002785662440d",Conference Paper,"Final","",Scopus,2-s2.0-85032350208
"Folino F., Folino G., Pontieri L., Sabatino P.","A peer-to-peer architecture for detecting attacks from network traffic and log data",2017,"Proceedings - 2017 International Conference on High Performance Computing and Simulation, HPCS 2017",,,"8035155","769","776",,,"10.1109/HPCS.2017.116","https://www.scopus.com/inward/record.uri?eid=2-s2.0-85032348428&doi=10.1109%2fHPCS.2017.116&partnerID=40&md5=9ef109697dabbbd8536bfa737c12c1df",Conference Paper,"Final","",Scopus,2-s2.0-85032348428
"Suriadi S., Wynn M.T., Xu J., van der Aalst W.M.P., ter Hofstede A.H.M.","Discovering work prioritisation patterns from event logs",2017,"Decision Support Systems","100",,,"77","92",,10,"10.1016/j.dss.2017.02.002","https://www.scopus.com/inward/record.uri?eid=2-s2.0-85017375984&doi=10.1016%2fj.dss.2017.02.002&partnerID=40&md5=abcaa29d7743a4e4ea5fcb302bd82414",Article,"Final","All Open Access, Green",Scopus,2-s2.0-85017375984
"Sun Y., Du Y., Li M.","A Repair of Workflow Models Based on Mirroring Matrices",2017,"International Journal of Parallel Programming","45","4",,"1001","1020",,7,"10.1007/s10766-016-0438-1","https://www.scopus.com/inward/record.uri?eid=2-s2.0-84968624688&doi=10.1007%2fs10766-016-0438-1&partnerID=40&md5=6e2435c2cb70fc154dbffdd639eea6cd",Article,"Final","",Scopus,2-s2.0-84968624688
"Deng S., Wang D., Li Y., Cao B., Yin J., Wu Z., Zhou M.","A Recommendation System to Facilitate Business Process Modeling",2017,"IEEE Transactions on Cybernetics","47","6","7447788","1380","1394",,29,"10.1109/TCYB.2016.2545688","https://www.scopus.com/inward/record.uri?eid=2-s2.0-84963636480&doi=10.1109%2fTCYB.2016.2545688&partnerID=40&md5=1cbbb466deb12d2c75505e0ea1f52ef1",Article,"Final","",Scopus,2-s2.0-84963636480
"Seeliger A., Nolle T., Mühlhäuser M.","Detecting concept drift in processes using graph metrics on process graphs",2017,"ACM International Conference Proceeding Series","Part F127185",,"a6","","",,5,"10.1145/3040565.3040566","https://www.scopus.com/inward/record.uri?eid=2-s2.0-85021972833&doi=10.1145%2f3040565.3040566&partnerID=40&md5=56b50ee11294c8b2308a0925b969dc10",Conference Paper,"Final","",Scopus,2-s2.0-85021972833
"Pika A., Leyer M., Wynn M.T., Fidge C.J., Ter Hofstede A.H.M., Van Der Aalst W.M.P.","Mining resource profiles from event logs",2017,"ACM Transactions on Management Information Systems","8","1","1","","",,25,"10.1145/3041218","https://www.scopus.com/inward/record.uri?eid=2-s2.0-85017600447&doi=10.1145%2f3041218&partnerID=40&md5=a52f733ab2c95bf90b5a527d33a82eee",Article,"Final","All Open Access, Green",Scopus,2-s2.0-85017600447
"Richter F., Seidl T.","TESSERACT: Time-drifts in event streams using series of evolving rolling averages of completion times",2017,"Lecture Notes in Computer Science (including subseries Lecture Notes in Artificial Intelligence and Lecture Notes in Bioinformatics)","10445 LNCS",,,"289","305",,4,"10.1007/978-3-319-65000-517","https://www.scopus.com/inward/record.uri?eid=2-s2.0-85057430415&doi=10.1007%2f978-3-319-65000-517&partnerID=40&md5=0fd4181e719875028e9ea14bfc55af21",Conference Paper,"Final","",Scopus,2-s2.0-85057430415
"Weller T., Maleshkova M.","Annotating sBPMN elements with their likelihood of occurrence",2017,"CEUR Workshop Proceedings","2063",,,"","",,,,"https://www.scopus.com/inward/record.uri?eid=2-s2.0-85044523393&partnerID=40&md5=e2568ad4470d56ba8aba99929c1e1510",Conference Paper,"Final","",Scopus,2-s2.0-85044523393
"Barbon S., Jr., Tavares G.M., Ceravolo P., Damiani E.","A framework for trace clustering and concept-drift detection in event streams",2017,"CEUR Workshop Proceedings","2016",,,"153","154",,,,"https://www.scopus.com/inward/record.uri?eid=2-s2.0-85040512185&partnerID=40&md5=c398e80798ec6b62f2f4728138d2814f",Conference Paper,"Final","",Scopus,2-s2.0-85040512185
[No author name available],"CEUR Workshop Proceedings",2017,"CEUR Workshop Proceedings","2016",,,"","",167,,,"https://www.scopus.com/inward/record.uri?eid=2-s2.0-85040511571&partnerID=40&md5=03c501fbf5111a6a55c18078ce461b44",Conference Review,"Final","",Scopus,2-s2.0-85040511571
"R'Bigui H., Cho C.","The state-of-the-art of business process mining challenges",2017,"International Journal of Business Process Integration and Management","8","4",,"285","303",,15,"10.1504/IJBPIM.2017.10009731","https://www.scopus.com/inward/record.uri?eid=2-s2.0-85039779508&doi=10.1504%2fIJBPIM.2017.10009731&partnerID=40&md5=1366c0c6cdf1e4595098af403aa57007",Article,"Final","",Scopus,2-s2.0-85039779508
"Chatain T., Carmona J., van Dongen B.","Alignment-based trace clustering",2017,"Lecture Notes in Computer Science (including subseries Lecture Notes in Artificial Intelligence and Lecture Notes in Bioinformatics)","10650 LNCS",,,"295","308",,12,"10.1007/978-3-319-69904-2_24","https://www.scopus.com/inward/record.uri?eid=2-s2.0-85033445854&doi=10.1007%2f978-3-319-69904-2_24&partnerID=40&md5=bfda66e64e75ea978371e10b62709669",Conference Paper,"Final","All Open Access, Green",Scopus,2-s2.0-85033445854
"Zheng C., Wen L., Wang J.","Detecting process concept drifts from event logs",2017,"Lecture Notes in Computer Science (including subseries Lecture Notes in Artificial Intelligence and Lecture Notes in Bioinformatics)","10573 LNCS",,,"524","542",,11,"10.1007/978-3-319-69462-7_33","https://www.scopus.com/inward/record.uri?eid=2-s2.0-85032701222&doi=10.1007%2f978-3-319-69462-7_33&partnerID=40&md5=2b59ed1658b3f376de38dc65588f4ffe",Conference Paper,"Final","",Scopus,2-s2.0-85032701222
"Dees M., de Leoni M., Mannhardt F.","Enhancing process models to improve business performance: A methodology and case studies",2017,"Lecture Notes in Computer Science (including subseries Lecture Notes in Artificial Intelligence and Lecture Notes in Bioinformatics)","10573 LNCS",,,"232","251",,4,"10.1007/978-3-319-69462-7_15","https://www.scopus.com/inward/record.uri?eid=2-s2.0-85032694413&doi=10.1007%2f978-3-319-69462-7_15&partnerID=40&md5=ef02c7a5b80cde520f6790a059c37c11",Conference Paper,"Final","",Scopus,2-s2.0-85032694413
"Armas Cervantes A., van Beest N.R.T.P., La Rosa M., Dumas M., García-Bañuelos L.","Interactive and incremental business process model repair",2017,"Lecture Notes in Computer Science (including subseries Lecture Notes in Artificial Intelligence and Lecture Notes in Bioinformatics)","10573 LNCS",,,"53","74",,14,"10.1007/978-3-319-69462-7_5","https://www.scopus.com/inward/record.uri?eid=2-s2.0-85032666523&doi=10.1007%2f978-3-319-69462-7_5&partnerID=40&md5=2866ae6ebba1cea2de77d19f97da2346",Conference Paper,"Final","All Open Access, Green",Scopus,2-s2.0-85032666523
"Van Der Aalst W.M.P.","Process cubes: Slicing, dicing, rolling up and drilling down event data for process mining",2017,"Lecture Notes in Business Information Processing","159",,,"1","22",,25,,"https://www.scopus.com/inward/record.uri?eid=2-s2.0-85029702838&partnerID=40&md5=0a16a331fd81f71645702bec402e370e",Conference Paper,"Final","",Scopus,2-s2.0-85029702838
"Mishra V.P., Shukla B.","Process mining in intrusion detection-the need of current digital world",2017,"Communications in Computer and Information Science","712",,,"238","246",,12,"10.1007/978-981-10-5780-9_22","https://www.scopus.com/inward/record.uri?eid=2-s2.0-85028334921&doi=10.1007%2f978-981-10-5780-9_22&partnerID=40&md5=c268cd0f49425ccdea239cafa4442cc4",Conference Paper,"Final","",Scopus,2-s2.0-85028334921
"Ostovar A., Maaradji A., La Rosa M., Ter Hofstede A.H.M.","Characterizing drift from event streams of business processes",2017,"Lecture Notes in Computer Science (including subseries Lecture Notes in Artificial Intelligence and Lecture Notes in Bioinformatics)","10253 LNCS",,,"210","228",,11,"10.1007/978-3-319-59536-8_14","https://www.scopus.com/inward/record.uri?eid=2-s2.0-85021252076&doi=10.1007%2f978-3-319-59536-8_14&partnerID=40&md5=ec38047931fbbb149f8865d81628be19",Conference Paper,"Final","All Open Access, Green",Scopus,2-s2.0-85021252076
"Carmona J.","The alignment of formal, structured and unstructured process descriptions",2017,"Lecture Notes in Computer Science (including subseries Lecture Notes in Artificial Intelligence and Lecture Notes in Bioinformatics)","10258 LNCS",,,"3","11",,3,"10.1007/978-3-319-57861-3_1","https://www.scopus.com/inward/record.uri?eid=2-s2.0-85019248464&doi=10.1007%2f978-3-319-57861-3_1&partnerID=40&md5=a98ea296eb8cc5278c48afa6dea90889",Conference Paper,"Final","All Open Access, Green",Scopus,2-s2.0-85019248464
"Hompes B.F.A., Buijs J.C.A.M., van der Aalst W.M.P., Dixit P.M., Buurman J.","Detecting changes in process behavior using comparative case clustering",2017,"Lecture Notes in Business Information Processing","244",,,"54","75",,5,"10.1007/978-3-319-53435-0_3","https://www.scopus.com/inward/record.uri?eid=2-s2.0-85012965311&doi=10.1007%2f978-3-319-53435-0_3&partnerID=40&md5=b0d0c41b29c1b7863ce4a66cb98bb9fd",Conference Paper,"Final","All Open Access, Green",Scopus,2-s2.0-85012965311
"Vitali M., Pernici B.","Interconnecting processes through IoT in a health-care scenario",2016,"IEEE 2nd International Smart Cities Conference: Improving the Citizens Quality of Life, ISC2 2016 - Proceedings",,,"07580760","","",,11,"10.1109/ISC2.2016.07580760","https://www.scopus.com/inward/record.uri?eid=2-s2.0-84994111969&doi=10.1109%2fISC2.2016.07580760&partnerID=40&md5=a9f6b715c3f58fbdba7357c049d70d5c",Conference Paper,"Final","",Scopus,2-s2.0-84994111969
"Kala T., Maggi F.M., Di Ciccio C., Di Francescomarino C.","Apriori and sequence analysis for discovering declarative process models",2016,"Proceedings - 2016 IEEE 20th International Enterprise Distributed Object Computing Conference, EDOC 2016",,,"7579378","50","58",,8,"10.1109/EDOC.2016.7579378","https://www.scopus.com/inward/record.uri?eid=2-s2.0-84994443291&doi=10.1109%2fEDOC.2016.7579378&partnerID=40&md5=d52bc5ff28d19b50f54d3073e1fd5bf8",Conference Paper,"Final","",Scopus,2-s2.0-84994443291
"Tan W., Huang L., Shen T., Tang A.","Hybrid heuristics miner based on time series prediction for streaming process mining",2016,"Proceedings of the 2016 IEEE 20th International Conference on Computer Supported Cooperative Work in Design, CSCWD 2016",,,"7565997","251","256",,1,"10.1109/CSCWD.2016.7565997","https://www.scopus.com/inward/record.uri?eid=2-s2.0-84991711096&doi=10.1109%2fCSCWD.2016.7565997&partnerID=40&md5=f4d5a039dcd4f1c9f184843a73aaee9a",Conference Paper,"Final","",Scopus,2-s2.0-84991711096
"Chabrol M., Dalmas B., Norre S., Rodier S.","A process tree-based algorithm for the detection of implicit dependencies",2016,"Proceedings - International Conference on Research Challenges in Information Science","2016-August",,"7549357","","",,5,"10.1109/RCIS.2016.7549357","https://www.scopus.com/inward/record.uri?eid=2-s2.0-84987667440&doi=10.1109%2fRCIS.2016.7549357&partnerID=40&md5=6a911b1cbc35933b1ec0d59081a38d5a",Conference Paper,"Final","",Scopus,2-s2.0-84987667440
"Xu T., Meng Y., Lu M.","Activity mining for airport event logs based on RankClus algorithm",2016,"Dianzi Yu Xinxi Xuebao/Journal of Electronics and Information Technology","38","8",,"2033","2039",,,"10.11999/JEIT151137","https://www.scopus.com/inward/record.uri?eid=2-s2.0-84981703772&doi=10.11999%2fJEIT151137&partnerID=40&md5=2d2a9fbe2d0bf6a30bef7d6ac6799279",Article,"Final","",Scopus,2-s2.0-84981703772
"Pika A., Van Der Aalst W.M.P., Wynn M.T., Fidge C.J., Ter Hofstede A.H.M.","Evaluating and predicting overall process risk using event logs",2016,"Information Sciences","352-353",,,"98","120",,27,"10.1016/j.ins.2016.03.003","https://www.scopus.com/inward/record.uri?eid=2-s2.0-84961619683&doi=10.1016%2fj.ins.2016.03.003&partnerID=40&md5=ca55ac50dfb5e54c20161a56d1a127d5",Article,"Final","All Open Access, Green",Scopus,2-s2.0-84961619683
"Evermann J., Rehse J.-R., Fettke P.","Process discovery from event stream data in the cloud - A scalable, distributed implementation of the flexible heuristics miner on the amazon kinesis cloud infrastructure",2016,"Proceedings of the International Conference on Cloud Computing Technology and Science, CloudCom","0",,"7830752","645","652",,2,"10.1109/CloudCom.2016.0111","https://www.scopus.com/inward/record.uri?eid=2-s2.0-85013020858&doi=10.1109%2fCloudCom.2016.0111&partnerID=40&md5=a64608f8fa809da801cf93ea7e524103",Conference Paper,"Final","",Scopus,2-s2.0-85013020858
"Abdallah A., Maarof M.A., Zainal A.","Fraud detection system: A survey",2016,"Journal of Network and Computer Applications","68",,,"90","113",,185,"10.1016/j.jnca.2016.04.007","https://www.scopus.com/inward/record.uri?eid=2-s2.0-84964414633&doi=10.1016%2fj.jnca.2016.04.007&partnerID=40&md5=723736d7fda515b49e8f711c8efe95c7",Review,"Final","",Scopus,2-s2.0-84964414633
"Yoo S., Cho M., Kim E., Kim S., Sim Y., Yoo D., Hwang H., Song M.","Assessment of hospital processes using a process mining technique: Outpatient process analysis at a tertiary hospital",2016,"International Journal of Medical Informatics","88",,,"34","43",,25,"10.1016/j.ijmedinf.2015.12.018","https://www.scopus.com/inward/record.uri?eid=2-s2.0-84958225468&doi=10.1016%2fj.ijmedinf.2015.12.018&partnerID=40&md5=d3c1ca082954e5ff69892b27ca7fbbda",Article,"Final","",Scopus,2-s2.0-84958225468
"Di Ciccio C., Maggi F.M., Mendling J.","Efficient discovery of Target-Branched Declare constraints",2016,"Information Systems","56",,,"258","283",,30,"10.1016/j.is.2015.06.009","https://www.scopus.com/inward/record.uri?eid=2-s2.0-84949726662&doi=10.1016%2fj.is.2015.06.009&partnerID=40&md5=15bceae7059dd6da183e0bb2be7bf7df",Article,"Final","All Open Access, Green",Scopus,2-s2.0-84949726662
"Wang J., Zhu B., Wang Y., Huang L.","Mining organizational behaviors in collaborative logistics chain: An empirical study in a port",2016,"2016 International Conference on Logistics, Informatics and Service Sciences, LISS 2016",,,"7854453","","",,4,"10.1109/LISS.2016.7854453","https://www.scopus.com/inward/record.uri?eid=2-s2.0-85114121035&doi=10.1109%2fLISS.2016.7854453&partnerID=40&md5=fae4d6c7c422f53ae2a89779069141e7",Conference Paper,"Final","",Scopus,2-s2.0-85114121035
"Burattin A.","PLG2: Multiperspective process randomization with online and offline simulations",2016,"CEUR Workshop Proceedings","1789",,,"1","6",,19,,"https://www.scopus.com/inward/record.uri?eid=2-s2.0-85032735571&partnerID=40&md5=9507a557a14eaebb43e5beaf5ffeaea5",Conference Paper,"Final","",Scopus,2-s2.0-85032735571
"Kumar M.M.V., Thomas L., Annappa B.","Concept drifts detection and localisation in process mining",2016,"Information (Japan)","19","10",,"4617","4621",,,,"https://www.scopus.com/inward/record.uri?eid=2-s2.0-85017166613&partnerID=40&md5=1cf22d76183eccc33014f19f6d4e8fb9",Article,"Final","",Scopus,2-s2.0-85017166613
"Che H., Machu Q., Zhou Y.","Time drift detection in process mining",2016,"Signal and Information Processing, Networking and Computers - Proceedings of the 1st International Congress on Signal and Information Processing, Networking and Computers, ICSINC 2015",,,,"99","108",,,"10.1201/b21308-15","https://www.scopus.com/inward/record.uri?eid=2-s2.0-85016802082&doi=10.1201%2fb21308-15&partnerID=40&md5=27f68e9c646fca0980e7620f3c1f2e5a",Conference Paper,"Final","",Scopus,2-s2.0-85016802082
"Ostovar A., Maaradji A., La Rosa M., ter Hofstede A.H.M., van Dongen B.F.V.","Detecting drift from event streams of unpredictable business processes",2016,"Lecture Notes in Computer Science (including subseries Lecture Notes in Artificial Intelligence and Lecture Notes in Bioinformatics)","9974 LNCS",,,"330","346",,17,"10.1007/978-3-319-46397-1_26","https://www.scopus.com/inward/record.uri?eid=2-s2.0-84997294262&doi=10.1007%2f978-3-319-46397-1_26&partnerID=40&md5=6284a4cc6d39c6ba27d3f9027aeeaef1",Conference Paper,"Final","",Scopus,2-s2.0-84997294262
"Van der Aalst W.","Process mining: Data science in action",2016,"Process Mining: Data Science in Action",,,,"1","467",,1009,"10.1007/978-3-662-49851-4","https://www.scopus.com/inward/record.uri?eid=2-s2.0-84979530122&doi=10.1007%2f978-3-662-49851-4&partnerID=40&md5=2c9677c2cfe2b253453b40c50e86ebb3",Book,"Final","",Scopus,2-s2.0-84979530122
"Yuan G.-Y., Zeng Q.-T., Duan H., Lu F.-M., Zhou C.-H.","A management tool for distributed heterogeneous process logs",2016,"Communications in Computer and Information Science","602",,,"79","86",,,"10.1007/978-981-10-1019-4_7","https://www.scopus.com/inward/record.uri?eid=2-s2.0-84963904700&doi=10.1007%2f978-981-10-1019-4_7&partnerID=40&md5=7fc98c72cf9a761c5f0f7595115c0997",Conference Paper,"Final","",Scopus,2-s2.0-84963904700
"Yahya B.N., Khosiawan Y., Choi W., Do N.A.D.","RT-PLG: Real time process log generator",2016,"Advances in Intelligent Systems and Computing","431",,,"127","138",,,"10.1007/978-3-319-28564-1_11","https://www.scopus.com/inward/record.uri?eid=2-s2.0-84959283375&doi=10.1007%2f978-3-319-28564-1_11&partnerID=40&md5=28314e6060da70e5190cb3501769b2b0",Conference Paper,"Final","",Scopus,2-s2.0-84959283375
"Katzouris N., Artikis A., Paliouras G.","Incremental learning of event definitions with Inductive Logic Programming",2015,"Machine Learning","100","2-3",,"555","585",,43,"10.1007/s10994-015-5512-1","https://www.scopus.com/inward/record.uri?eid=2-s2.0-84939256422&doi=10.1007%2fs10994-015-5512-1&partnerID=40&md5=96d57db2958366f218a8606b5529b595",Article,"Final","All Open Access, Bronze, Green",Scopus,2-s2.0-84939256422
"Bernardi M.L., Cimitile M., Maggi F.M.","Discovering cross-organizational business rules from the cloud",2015,"IEEE SSCI 2014 - 2014 IEEE Symposium Series on Computational Intelligence - CIDM 2014: 2014 IEEE Symposium on Computational Intelligence and Data Mining, Proceedings",,,"7008694","389","396",,7,"10.1109/CIDM.2014.7008694","https://www.scopus.com/inward/record.uri?eid=2-s2.0-84925060988&doi=10.1109%2fCIDM.2014.7008694&partnerID=40&md5=d5684aee0b5a9ca80ec19fde2af92d2e",Conference Paper,"Final","",Scopus,2-s2.0-84925060988
"Burattin A.","Process mining techniques in business environments: Theoretical aspects, algorithms, techniques and open challenges in process mining",2015,"Lecture Notes in Business Information Processing","207",,,"1","220",,7,"10.1007/978-3-319-17482-2_1","https://www.scopus.com/inward/record.uri?eid=2-s2.0-84995877994&doi=10.1007%2f978-3-319-17482-2_1&partnerID=40&md5=5e212fb95e4b1b60ab03113e406d0ea1",Book Chapter,"Final","",Scopus,2-s2.0-84995877994
"Hassani M., Siccha S., Richter F., Seidl T.","Efficient process discovery from event streams using sequential pattern mining",2015,"Proceedings - 2015 IEEE Symposium Series on Computational Intelligence, SSCI 2015",,,"7376771","1366","1373",,36,"10.1109/SSCI.2015.195","https://www.scopus.com/inward/record.uri?eid=2-s2.0-84964963456&doi=10.1109%2fSSCI.2015.195&partnerID=40&md5=2a1a9769aa6dd6ed103aae18f75e58f4",Conference Paper,"Final","",Scopus,2-s2.0-84964963456
"Hompes B.F.A., Buijs J.C.A.M., Van Der Aalst W.M.P., Dixit P.M., Buurman J.","Detecting change in procebes using comparative trace clustering",2015,"CEUR Workshop Proceedings","1527",,,"95","108",,18,,"https://www.scopus.com/inward/record.uri?eid=2-s2.0-84962593588&partnerID=40&md5=91bbc817204e78ff6f99f65436c2de7c",Conference Paper,"Final","",Scopus,2-s2.0-84962593588
"Burattin A., Cimitile M., Maggi F.M., Sperduti A.","Online Discovery of Declarative Process Models from Event Streams",2015,"IEEE Transactions on Services Computing","8","6","7164336","833","846",,51,"10.1109/TSC.2015.2459703","https://www.scopus.com/inward/record.uri?eid=2-s2.0-84961797482&doi=10.1109%2fTSC.2015.2459703&partnerID=40&md5=573ae435baa66db7a9405d571b07208a",Article,"Final","",Scopus,2-s2.0-84961797482
"Redlich D., Molka T., Gilani W., Blair G., Rashid A.","Dynamic constructs competition miner - occurrence- vs. time-based ageing",2015,"Lecture Notes in Business Information Processing","237",,,"79","106",,2,"10.1007/978-3-319-27243-6_4","https://www.scopus.com/inward/record.uri?eid=2-s2.0-84952786682&doi=10.1007%2f978-3-319-27243-6_4&partnerID=40&md5=cfdfcc95fb87d039c91d0ed718cd1f7a",Conference Paper,"Final","All Open Access, Green",Scopus,2-s2.0-84952786682
"Martjushev J., Jagadeesh Chandra Bose R.P., van der Aalst W.M.P.","Change point detection and dealing with gradual and multi-order dynamics in process mining",2015,"Lecture Notes in Business Information Processing","229",,,"161","178",,18,"10.1007/978-3-319-21915-8_11","https://www.scopus.com/inward/record.uri?eid=2-s2.0-84951276380&doi=10.1007%2f978-3-319-21915-8_11&partnerID=40&md5=c8b369641b4a6b2dd55a6d8cbd964420",Conference Paper,"Final","",Scopus,2-s2.0-84951276380
"Pechenizkiy M.","Predictive analytics on evolving data streams anticipating and adapting to changes in known and unknown contexts",2015,"Proceedings of the 2015 International Conference on High Performance Computing and Simulation, HPCS 2015",,,"7237112","658","659",,,"10.1109/HPCSim.2015.7237112","https://www.scopus.com/inward/record.uri?eid=2-s2.0-84948413234&doi=10.1109%2fHPCSim.2015.7237112&partnerID=40&md5=d7b961f15ba0320da9174c616ebbcec6",Conference Paper,"Final","",Scopus,2-s2.0-84948413234
"Maaradji A., Dumas M., La Rosa M., Ostovar A.","Fast and accurate business process drift detection",2015,"Lecture Notes in Computer Science (including subseries Lecture Notes in Artificial Intelligence and Lecture Notes in Bioinformatics)","9253",,,"406","422",,37,"10.1007/978-3-319-23063-4_27","https://www.scopus.com/inward/record.uri?eid=2-s2.0-84944710205&doi=10.1007%2f978-3-319-23063-4_27&partnerID=40&md5=6d3691c3a6f8d7a765a7558e8e23c332",Conference Paper,"Final","All Open Access, Green",Scopus,2-s2.0-84944710205
[No author name available],"CEUR Workshop Proceedings",2015,"CEUR Workshop Proceedings","1371","January",,"","",149,,,"https://www.scopus.com/inward/record.uri?eid=2-s2.0-84938082188&partnerID=40&md5=0f1f323b47edde63c00913ba61ec3da1",Conference Review,"Final","",Scopus,2-s2.0-84938082188
"Dudok E., Guerreiro S., Babkin E., Pergl R., Van Kervel S.J.","Enterprise operational analysis using DEMO and the enterprise operating system",2015,"Lecture Notes in Business Information Processing","211",,,"3","18",,5,"10.1007/978-3-319-19297-0_1","https://www.scopus.com/inward/record.uri?eid=2-s2.0-84937467918&doi=10.1007%2f978-3-319-19297-0_1&partnerID=40&md5=6915a5ffda55b8a1cf22114ae57895de",Conference Paper,"Final","",Scopus,2-s2.0-84937467918
"Dumas M., García-Bañuelos L.","Process mining reloaded: Event structures as a unified representation of process models and event logs",2015,"Lecture Notes in Computer Science (including subseries Lecture Notes in Artificial Intelligence and Lecture Notes in Bioinformatics)","9115",,,"33","48",,20,"10.1007/978-3-319-19488-2_2","https://www.scopus.com/inward/record.uri?eid=2-s2.0-84937458383&doi=10.1007%2f978-3-319-19488-2_2&partnerID=40&md5=a2229ffc236010b8c9dd36348333fd12",Conference Paper,"Final","",Scopus,2-s2.0-84937458383
"Van Dongen B.F., Shabani Sh.","Relational XES: Data management for process mining",2015,"CEUR Workshop Proceedings","1367",,,"169","176",,15,,"https://www.scopus.com/inward/record.uri?eid=2-s2.0-84937436120&partnerID=40&md5=29bdbac129e9e7bf33934100623e33f8",Conference Paper,"Final","",Scopus,2-s2.0-84937436120
"Burattin A., Cimitile M., Maggi F.M.","Lights, camera, action! Business process movies for online process discovery",2015,"Lecture Notes in Business Information Processing","202",,,"408","419",,15,"10.1007/978-3-319-15895-2_34","https://www.scopus.com/inward/record.uri?eid=2-s2.0-84929893374&doi=10.1007%2f978-3-319-15895-2_34&partnerID=40&md5=d834fbeca38318f9a84e997436f660e9",Conference Paper,"Final","All Open Access, Green",Scopus,2-s2.0-84929893374
"Miao Y.-Q., Farahat A.K., Kamel M.S.","Discriminative density-ratio estimation",2014,"SIAM International Conference on Data Mining 2014, SDM 2014","2",,,"830","838",,3,"10.1137/1.9781611973440.95","https://www.scopus.com/inward/record.uri?eid=2-s2.0-84959906032&doi=10.1137%2f1.9781611973440.95&partnerID=40&md5=ceccb850e29f042c208fceea662eb981",Conference Paper,"Final","All Open Access, Green",Scopus,2-s2.0-84959906032
"Kalsing A.C., Iochpe C., Thom L.H., Do Nascimento G.S.","Re-learning of business process models from legacy system using incremental process mining",2014,"Lecture Notes in Business Information Processing","190",,,"314","330",,,"10.1007/978-3-319-09492-2_19","https://www.scopus.com/inward/record.uri?eid=2-s2.0-84927759117&doi=10.1007%2f978-3-319-09492-2_19&partnerID=40&md5=bf49dc66f2bf1f830b81f96040eb6fe1",Conference Paper,"Final","",Scopus,2-s2.0-84927759117
"Van Zelst S.J., Burattin A., Van Dongen B.F., Verbeek H.M.W.","Data streams in ProM 6: A single-node architecture",2014,"CEUR Workshop Proceedings","1295",,,"81","85",,6,,"https://www.scopus.com/inward/record.uri?eid=2-s2.0-84915746543&partnerID=40&md5=4e489d0555c2f5e6d053c8f8e3b597ad",Conference Paper,"Final","",Scopus,2-s2.0-84915746543
"Redlich D., Molka T., Gilani W., Blair G., Rashid A.","Scalable dynamic business process discovery with the constructs competition miner",2014,"CEUR Workshop Proceedings","1293",,,"91","107",,12,,"https://www.scopus.com/inward/record.uri?eid=2-s2.0-84914673045&partnerID=40&md5=ad9029c728fbc45afeacadb3241b1c85",Conference Paper,"Final","",Scopus,2-s2.0-84914673045
"Zhao W.-D., Liu H.-T.","Application of process mining in process optimization",2014,"Jisuanji Jicheng Zhizao Xitong/Computer Integrated Manufacturing Systems, CIMS","20","10",,"2632","2642",,5,"10.13196/j.cims201410030","https://www.scopus.com/inward/record.uri?eid=2-s2.0-84912528531&doi=10.13196%2fj.cims201410030&partnerID=40&md5=275a15595cca2db74a1ce101caba5c72",Article,"Final","",Scopus,2-s2.0-84912528531
"Räim M., Di Ciccio C., Maria Maggi F., Mecella M., Mendling J.","Log-based understanding of business processes through temporal logic query checking",2014,"Lecture Notes in Computer Science (including subseries Lecture Notes in Artificial Intelligence and Lecture Notes in Bioinformatics)","8841",,,"75","92",,21,"10.1007/978-3-662-45563-0_5","https://www.scopus.com/inward/record.uri?eid=2-s2.0-84909992217&doi=10.1007%2f978-3-662-45563-0_5&partnerID=40&md5=59a30309bdd67c0fc0b243eb5ae696c9",Conference Paper,"Final","",Scopus,2-s2.0-84909992217
"Burattin A., Sperduti A., Van Der Aalst W.M.P.","Control-flow discovery from event streams",2014,"Proceedings of the 2014 IEEE Congress on Evolutionary Computation, CEC 2014",,,"6900341","2420","2427",,54,"10.1109/CEC.2014.6900341","https://www.scopus.com/inward/record.uri?eid=2-s2.0-84908565982&doi=10.1109%2fCEC.2014.6900341&partnerID=40&md5=66a471fea6d8f0506e04cfa9250a4923",Conference Paper,"Final","All Open Access, Green",Scopus,2-s2.0-84908565982
"Huang F.F., Zhang L.Q., Li Z.","Time prediction based on process mining taking concept drift into consideration",2014,"Advanced Materials Research","989-994",,,"2101","2105",,1,"10.4028/www.scientific.net/AMR.989-994.2101","https://www.scopus.com/inward/record.uri?eid=2-s2.0-84905828008&doi=10.4028%2fwww.scientific.net%2fAMR.989-994.2101&partnerID=40&md5=9d0e027790c7f1f4dfd38700c23a251e",Conference Paper,"Final","",Scopus,2-s2.0-84905828008
"Pravilovic S., Appice A., Malerba D.","Process mining to forecast the future of running cases",2014,"Lecture Notes in Computer Science (including subseries Lecture Notes in Artificial Intelligence and Lecture Notes in Bioinformatics)","8399 LNAI",,,"67","81",,19,"10.1007/978-3-319-08407-7_5","https://www.scopus.com/inward/record.uri?eid=2-s2.0-84905280685&doi=10.1007%2f978-3-319-08407-7_5&partnerID=40&md5=a68a903bbfb9dfc71654af98fb4edce4",Conference Paper,"Final","",Scopus,2-s2.0-84905280685
"Munoz-Gama J., Carmona J., Van Der Aalst W.M.P.","Single-Entry Single-Exit decomposed conformance checking",2014,"Information Systems","46",,,"102","122",,82,"10.1016/j.is.2014.04.003","https://www.scopus.com/inward/record.uri?eid=2-s2.0-84904648663&doi=10.1016%2fj.is.2014.04.003&partnerID=40&md5=bcb94af24988bf352aa0cdf1fb793a2a",Article,"Final","",Scopus,2-s2.0-84904648663
"Pika A., Wynn M.T., Fidge C.J., Ter Hofstede A.H.M., Leyer M., Van Der Aalst W.M.P.","An extensible framework for analysing resource behaviour using event logs",2014,"Lecture Notes in Computer Science (including subseries Lecture Notes in Artificial Intelligence and Lecture Notes in Bioinformatics)","8484 LNCS",,,"564","579",,22,"10.1007/978-3-319-07881-6_38","https://www.scopus.com/inward/record.uri?eid=2-s2.0-84903194928&doi=10.1007%2f978-3-319-07881-6_38&partnerID=40&md5=066367f8c083097107482b4c12291920",Conference Paper,"Final","All Open Access, Green",Scopus,2-s2.0-84903194928
"Pascual González D., Vázquez Mesa F.D., Toro Pozo J.L.","Noise detection and learning based on current information [Detección de ruido y aprendizaje basado en información actual]",2014,"Computacion y Sistemas","18","1",,"153","167",,1,"10.13053/CyS-18-1-2014-025","https://www.scopus.com/inward/record.uri?eid=2-s2.0-84901359845&doi=10.13053%2fCyS-18-1-2014-025&partnerID=40&md5=a312576f044a932d02d68cb17c9da400",Article,"Final","",Scopus,2-s2.0-84901359845
"Ferilli S.","WoMan: Logic-based workflow learning and management",2014,"IEEE Transactions on Systems, Man, and Cybernetics: Systems","44","6","6578158","744","756",,30,"10.1109/TSMC.2013.2273310","https://www.scopus.com/inward/record.uri?eid=2-s2.0-84901280175&doi=10.1109%2fTSMC.2013.2273310&partnerID=40&md5=a4edc82243924a40eb0b200ef14c998d",Article,"Final","",Scopus,2-s2.0-84901280175
"Manoj Kumar M.V., Thomas L., Annappa B.","Phenomenon of concept drift from process mining insight",2014,"Souvenir of the 2014 IEEE International Advance Computing Conference, IACC 2014",,,"6779378","517","522",,1,"10.1109/IAdCC.2014.6779378","https://www.scopus.com/inward/record.uri?eid=2-s2.0-84899061529&doi=10.1109%2fIAdCC.2014.6779378&partnerID=40&md5=8fa06d5c8a6c5714149fcb1ed9a0b50b",Conference Paper,"Final","",Scopus,2-s2.0-84899061529
"Thomas L., Manoj Kumar M.V., Annappa B.","Efficient process mining through critical path network analysis",2014,"Souvenir of the 2014 IEEE International Advance Computing Conference, IACC 2014",,,"6779377","511","516",,,"10.1109/IAdCC.2014.6779377","https://www.scopus.com/inward/record.uri?eid=2-s2.0-84899059469&doi=10.1109%2fIAdCC.2014.6779377&partnerID=40&md5=a2ef4d255d0635b8e59b664eed7a9894",Conference Paper,"Final","",Scopus,2-s2.0-84899059469
"Kalsing A.C., Iochpe C., Thom L.H., Do Nascimento G.S.","Evolutionary learning of business process models from legacy systems using incremental process mining",2013,"ICEIS 2013 - Proceedings of the 15th International Conference on Enterprise Information Systems","2",,,"58","69",,1,,"https://www.scopus.com/inward/record.uri?eid=2-s2.0-84887793756&partnerID=40&md5=748712f7d49f8bd75b2b69a89e9433d5",Conference Paper,"Final","",Scopus,2-s2.0-84887793756
"Maggi F.M., Burattin A., Cimitile M., Sperduti A.","Online process discovery to detect concept drifts in LTL-based declarative process models",2013,"Lecture Notes in Computer Science (including subseries Lecture Notes in Artificial Intelligence and Lecture Notes in Bioinformatics)","8185 LNCS",,,"94","111",,31,"10.1007/978-3-642-41030-7_7","https://www.scopus.com/inward/record.uri?eid=2-s2.0-84886739521&doi=10.1007%2f978-3-642-41030-7_7&partnerID=40&md5=26e87a4449f9c061e381f1bafc295fc3",Conference Paper,"Final","",Scopus,2-s2.0-84886739521
"Bose R.P.J.C., Mans R.S., Van Der Aalst W.M.P.","Wanna improve process mining results?",2013,"Proceedings of the 2013 IEEE Symposium on Computational Intelligence and Data Mining, CIDM 2013 - 2013 IEEE Symposium Series on Computational Intelligence, SSCI 2013",,,"6597227","127","134",,97,"10.1109/CIDM.2013.6597227","https://www.scopus.com/inward/record.uri?eid=2-s2.0-84883597918&doi=10.1109%2fCIDM.2013.6597227&partnerID=40&md5=7dd856e0ff5a3bc6bd6bc1ee77bb94c2",Conference Paper,"Final","",Scopus,2-s2.0-84883597918
"Aalst W.V.D.","Service mining: Using process mining to discover, check, and improve service behavior",2013,"IEEE Transactions on Services Computing","6","4","6275430","525","535",,52,"10.1109/TSC.2012.25","https://www.scopus.com/inward/record.uri?eid=2-s2.0-84880894144&doi=10.1109%2fTSC.2012.25&partnerID=40&md5=1157565c797fd2abdc9a39cc1e08f437",Article,"Final","",Scopus,2-s2.0-84880894144
"Van Der Aalst W.M.P.","Mediating between modeled and observed behavior: The quest for the 'right' process: Keynote",2013,"Proceedings - International Conference on Research Challenges in Information Science",,,"6577675","","",,13,"10.1109/RCIS.2013.6577675","https://www.scopus.com/inward/record.uri?eid=2-s2.0-84884127659&doi=10.1109%2fRCIS.2013.6577675&partnerID=40&md5=0368a0d5cf1890c45d0d6209c7e31126",Conference Paper,"Final","",Scopus,2-s2.0-84884127659
"Greco G., Terracina G.","Frequency-based similarity for parameterized sequences: Formal framework, algorithms, and applications",2013,"Information Sciences","237",,,"176","195",,8,"10.1016/j.ins.2013.03.016","https://www.scopus.com/inward/record.uri?eid=2-s2.0-84877007259&doi=10.1016%2fj.ins.2013.03.016&partnerID=40&md5=061ed2c07533d112001ed885983b9d55",Article,"Final","",Scopus,2-s2.0-84877007259
"Miao Y.-Q., Farahat A.K., Kamel M.S.","Auto-tuning kernel mean matching",2013,"Proceedings - IEEE 13th International Conference on Data Mining Workshops, ICDMW 2013",,,"6753970","560","567",,4,"10.1109/ICDMW.2013.117","https://www.scopus.com/inward/record.uri?eid=2-s2.0-84898031897&doi=10.1109%2fICDMW.2013.117&partnerID=40&md5=493bb73848dd7cee59a2193b537ab570",Conference Paper,"Final","",Scopus,2-s2.0-84898031897
"Munoz-Gama J., Echizen I.","Insuring sensitive processes through process mining",2012,"Proceedings - IEEE 9th International Conference on Ubiquitous Intelligence and Computing and IEEE 9th International Conference on Autonomic and Trusted Computing, UIC-ATC 2012",,,"6332034","447","454",,3,"10.1109/UIC-ATC.2012.83","https://www.scopus.com/inward/record.uri?eid=2-s2.0-84869767225&doi=10.1109%2fUIC-ATC.2012.83&partnerID=40&md5=3b3fe23dc0f389a726bbb38dd0c3fb49",Conference Paper,"Final","",Scopus,2-s2.0-84869767225
"Soylu A., Mödritscher F., Wild F., de Causmaecker P., Desmet P.","Mashups by orchestration and widget-based personal environments: Key challenges, solution strategies, and an application",2012,"Program","46","4",,"383","428",,29,"10.1108/00330331211276486","https://www.scopus.com/inward/record.uri?eid=2-s2.0-84866866281&doi=10.1108%2f00330331211276486&partnerID=40&md5=d8b67e9ba220bdd7a3532c9ae76a25fb",Article,"Final","All Open Access, Green",Scopus,2-s2.0-84866866281
"van der Aalst W.M.P.","What makes a good process model?: Lessons learned from process mining",2012,"Software and Systems Modeling","11","4",,"557","569",,14,"10.1007/s10270-012-0265-9","https://www.scopus.com/inward/record.uri?eid=2-s2.0-84867896696&doi=10.1007%2fs10270-012-0265-9&partnerID=40&md5=4b7f537780a988ad66091402c63aed0a",Article,"Final","",Scopus,2-s2.0-84867896696
"Van Der Aalst W.","Process mining: Overview and opportunities",2012,"ACM Transactions on Management Information Systems","3","2","7","","",,186,"10.1145/2229156.2229157","https://www.scopus.com/inward/record.uri?eid=2-s2.0-84872058463&doi=10.1145%2f2229156.2229157&partnerID=40&md5=493b90de2b9e9f563333f657c2e19979",Review,"Final","",Scopus,2-s2.0-84872058463
"Van Der Aalst W.M.P.","Distributed process discovery and conformance checking",2012,"Lecture Notes in Computer Science (including subseries Lecture Notes in Artificial Intelligence and Lecture Notes in Bioinformatics)","7212 LNCS",,,"1","25",,37,"10.1007/978-3-642-28872-2_1","https://www.scopus.com/inward/record.uri?eid=2-s2.0-84859116320&doi=10.1007%2f978-3-642-28872-2_1&partnerID=40&md5=3d5fdcc99938c92599502c0ebafef416",Conference Paper,"Final","All Open Access, Bronze",Scopus,2-s2.0-84859116320
"Reichert M., Weber B.","Enabling flexibility in process-aware information systems: Challenges, methods, technologies",2012,"Enabling Flexibility in Process-Aware Information Systems: Challenges, Methods, Technologies",,,,"1","515",,404,"10.1007/978-3-642-30409-5","https://www.scopus.com/inward/record.uri?eid=2-s2.0-84955114612&doi=10.1007%2f978-3-642-30409-5&partnerID=40&md5=39216f528970afb31a90db4d51bf6f9d",Book,"Final","",Scopus,2-s2.0-84955114612
"Weber P., Tiňo P., Bordbar B.","Process mining in non-stationary environments",2012,"ESANN 2012 proceedings, 20th European Symposium on Artificial Neural Networks, Computational Intelligence and Machine Learning",,,,"37","42",,1,,"https://www.scopus.com/inward/record.uri?eid=2-s2.0-84947770376&partnerID=40&md5=ff108782305b2e60d7d960fdacf177cc",Conference Paper,"Final","",Scopus,2-s2.0-84947770376
"Bose R.P.J.C., Van Der Aalst W.M.P.","When process mining meets bioinformatics",2012,"Lecture Notes in Business Information Processing","107 LNBIP",,,"202","217",,4,"10.1007/978-3-642-29749-6_14","https://www.scopus.com/inward/record.uri?eid=2-s2.0-84861131983&doi=10.1007%2f978-3-642-29749-6_14&partnerID=40&md5=12ec8641791e07790629024bbd242784",Conference Paper,"Final","All Open Access, Bronze",Scopus,2-s2.0-84861131983
"Luengo D., Sepúlveda M.","Applying clustering in process mining to find different versions of a business process that changes over time",2012,"Lecture Notes in Business Information Processing","99 LNBIP","PART 1",,"153","158",,33,"10.1007/978-3-642-28108-2_15","https://www.scopus.com/inward/record.uri?eid=2-s2.0-84856585039&doi=10.1007%2f978-3-642-28108-2_15&partnerID=40&md5=0eee4825c1c192b31f5e24d8f46602c8",Conference Paper,"Final","",Scopus,2-s2.0-84856585039
"Stocker T.","Time-based trace clustering for evolution-aware security audits",2012,"Lecture Notes in Business Information Processing","100 LNBIP","PART 2",,"471","476",,4,"10.1007/978-3-642-28115-0_45","https://www.scopus.com/inward/record.uri?eid=2-s2.0-84856564848&doi=10.1007%2f978-3-642-28115-0_45&partnerID=40&md5=dcb7a3acfde73e3a588eced3112907f5",Conference Paper,"Final","",Scopus,2-s2.0-84856564848
"Van Der Aalst W.M.P., Dustdar S.","Process mining put into context",2012,"IEEE Internet Computing","16","1","6123703","82","86",,73,"10.1109/MIC.2012.12","https://www.scopus.com/inward/record.uri?eid=2-s2.0-84855703355&doi=10.1109%2fMIC.2012.12&partnerID=40&md5=75e30c900010a8a66ad62e43ddde7147",Article,"Final","",Scopus,2-s2.0-84855703355
"Van Der Aalst W.M.P.","Do petri nets provide the right representational bias for process mining? (short paper)",2011,"CEUR Workshop Proceedings","725",,,"85","94",,8,,"https://www.scopus.com/inward/record.uri?eid=2-s2.0-84890770213&partnerID=40&md5=64a40d2f9e4f8920e659c69edda1cf58",Conference Paper,"Final","",Scopus,2-s2.0-84890770213
"Weber P., Bordbar B., Tiňo P.","Real-time detection of process change using Process Mining",2011,"Imperial College Computing Student Workshop - Proceedings of ICCSW'11",,,,"108","114",,8,,"https://www.scopus.com/inward/record.uri?eid=2-s2.0-84869031277&partnerID=40&md5=5b4f6507e0c792d289afd1ad19e03b46",Conference Paper,"Final","",Scopus,2-s2.0-84869031277
"Bose R.P.J.C., Van Der Aalst W.M.P., Žliobaite I., Pechenizkiy M.","Handling concept drift in process mining",2011,"Lecture Notes in Computer Science (including subseries Lecture Notes in Artificial Intelligence and Lecture Notes in Bioinformatics)","6741 LNCS",,,"391","405",,110,"10.1007/978-3-642-21640-4_30","https://www.scopus.com/inward/record.uri?eid=2-s2.0-79960288084&doi=10.1007%2f978-3-642-21640-4_30&partnerID=40&md5=198621c5ed1175df303a728024d7bced",Conference Paper,"Final","All Open Access, Bronze",Scopus,2-s2.0-79960288084
"Karnok D., Monostori L.","Determination of routings and process time information from event logs",2011,"IFAC Proceedings Volumes (IFAC-PapersOnline)","44","1 PART 1",,"14055","14060",,2,"10.3182/20110828-6-IT-1002.01448","https://www.scopus.com/inward/record.uri?eid=2-s2.0-84866747244&doi=10.3182%2f20110828-6-IT-1002.01448&partnerID=40&md5=040900a2b161fe2710df691a0fb3dd51",Conference Paper,"Final","All Open Access, Green",Scopus,2-s2.0-84866747244
