Item Title,Publication Title,Book Series Title,Journal Volume,Journal Issue,Item DOI,Authors,Publication Year,URL,Content Type
"Business Process Management","Lecture Notes in Computer Science","","","","10.1007/978-3-030-85469-0","Dr. Artem PolyvyanyyDr. Moe Thandar WynnAmy Van LooyProf. Dr. Manfred Reichert","2021","http://link.springer.com/book/10.1007/978-3-030-85469-0","Book"
"Encyclopedia of Big Data Technologies","","","","","10.1007/978-3-319-77525-8","Sherif SakrAlbert Y. Zomaya","2019","http://link.springer.com/referencework/10.1007/978-3-319-77525-8","ReferenceWork"
"Process Mining Workshops","Lecture Notes in Business Information Processing","","","","10.1007/978-3-030-98581-3","Jorge Munoz-GamaXixi Lu","2022","http://link.springer.com/book/10.1007/978-3-030-98581-3","Book"
"Business Process Management","Lecture Notes in Computer Science","","","","10.1007/978-3-030-58666-9","Dirk FahlandChiara GhidiniProf. Dr. Jörg BeckerProf. Marlon Dumas","2020","http://link.springer.com/book/10.1007/978-3-030-58666-9","Book"
"Advanced Information Systems Engineering","Lecture Notes in Computer Science","","","","10.1007/978-3-319-59536-8","Eric DuboisKlaus Pohl","2017","http://link.springer.com/book/10.1007/978-3-319-59536-8","Book"
"Business Process Management Workshops","Lecture Notes in Business Information Processing","","","","10.1007/978-3-030-37453-2","Dr. Chiara Di FrancescomarinoRemco DijkmanUwe Zdun","2019","http://link.springer.com/book/10.1007/978-3-030-37453-2","Book"
"Process Mining Handbook","Lecture Notes in Business Information Processing","","","","10.1007/978-3-031-08848-3","Wil M. P. van der AalstJosep Carmona","2022","http://link.springer.com/book/10.1007/978-3-031-08848-3","Book"
"Process Mining Workshops","Lecture Notes in Business Information Processing","","","","10.1007/978-3-031-27815-0","Marco MontaliArik SenderovichMatthias Weidlich","2023","http://link.springer.com/book/10.1007/978-3-031-27815-0","Book"
"Business Process Management Workshops","Lecture Notes in Business Information Processing","","","","10.1007/978-3-031-50974-2","Jochen De WeerdtLuise Pufahl","2024","http://link.springer.com/book/10.1007/978-3-031-50974-2","Book"
"Business Process Management","Lecture Notes in Computer Science","","","","10.1007/978-3-031-41620-0","Chiara Di FrancescomarinoAndrea BurattinChristian JanieschShazia Sadiq","2023","http://link.springer.com/book/10.1007/978-3-031-41620-0","Book"
"Enterprise, Business-Process and Information Systems Modeling","Lecture Notes in Business Information Processing","","","","10.1007/978-3-030-79186-5","Adriano AugustoAsif GillSelmin NurcanDr. Iris Reinhartz-BergerProf. Rainer SchmidtJelena Zdravkovic","2021","http://link.springer.com/book/10.1007/978-3-030-79186-5","Book"
"Advanced Information Systems Engineering","Lecture Notes in Computer Science","","","","10.1007/978-3-031-07472-1","Prof. Dr. Xavier FranchGeert PoelsDr. Frederik GaillyMonique Snoeck","2022","http://link.springer.com/book/10.1007/978-3-031-07472-1","Book"
"Research Challenges in Information Science","Lecture Notes in Business Information Processing","","","","10.1007/978-3-031-05760-1","Renata GuizzardiDr. Jolita RalytéProf. Dr. Xavier Franch","2022","http://link.springer.com/book/10.1007/978-3-031-05760-1","Book"
"Business Process Management Workshops","Lecture Notes in Business Information Processing","","","","10.1007/978-3-319-74030-0","Prof. Ernest TenienteProf. Dr. Matthias Weidlich","2018","http://link.springer.com/book/10.1007/978-3-319-74030-0","Book"
"Business Process Management Forum","Lecture Notes in Business Information Processing","","","","10.1007/978-3-031-41623-1","Chiara Di FrancescomarinoAndrea BurattinChristian JanieschShazia Sadiq","2023","http://link.springer.com/book/10.1007/978-3-031-41623-1","Book"
"Advanced Information Systems Engineering","Lecture Notes in Computer Science","","","","10.1007/978-3-031-34560-9","Marta IndulskaIris Reinhartz-BergerCarlos CetinaOscar Pastor","2023","http://link.springer.com/book/10.1007/978-3-031-34560-9","Book"
"Process Mining","","","","","10.1007/978-3-662-49851-4","Wil van der Aalst","2016","http://link.springer.com/book/10.1007/978-3-662-49851-4","Book"
"Revisiting the Transition Matrix-Based Concept Drift Approach: Improving the Detection Task Reliability Through Additional Experimentation","SN Computer Science","","5","1","10.1007/s42979-023-02536-z","Antonio Carlos Meira NetoRafael Gaspar de SousaMarcelo FantinatoSarajane Marques Peres","2024","http://link.springer.com/article/10.1007/s42979-023-02536-z","Article"
"Business Process Management","Lecture Notes in Computer Science","","","","10.1007/978-3-319-98648-7","Prof. Dr. Mathias WeskeDr. Marco MontaliDr. Ingo WeberProf. Jan vom Brocke","2018","http://link.springer.com/book/10.1007/978-3-319-98648-7","Book"
"Business Process Management Workshops","Lecture Notes in Business Information Processing","","","","10.1007/978-3-030-94343-1","Andrea MarrellaProf. Barbara Weber","2022","http://link.springer.com/book/10.1007/978-3-030-94343-1","Book"
"Artificial Intelligence and Soft Computing","Lecture Notes in Computer Science","","","","10.1007/978-3-030-87897-9","Prof. Leszek RutkowskiDr. Rafał SchererMarcin KorytkowskiWitold PedryczProf. Ryszard TadeusiewiczDr. Jacek M. Zurada","2021","http://link.springer.com/book/10.1007/978-3-030-87897-9","Book"
"Robust Process Mining with Guarantees","Lecture Notes in Business Information Processing","","","","10.1007/978-3-030-96655-3","Dr. Sander J. J. Leemans","2022","http://link.springer.com/book/10.1007/978-3-030-96655-3","Book"
"Learning and Intelligent Optimization","Lecture Notes in Computer Science","","","","10.1007/978-3-031-44505-7","Meinolf SellmannKevin Tierney","2023","http://link.springer.com/book/10.1007/978-3-031-44505-7","Book"
"Database Systems for Advanced Applications","Lecture Notes in Computer Science","","","","10.1007/978-3-031-30678-5","Xin WangMaria Luisa SapinoWook-Shin HanAmr El AbbadiGill DobbieZhiyong FengYingxiao ShaoHongzhi Yin","2023","http://link.springer.com/book/10.1007/978-3-031-30678-5","Book"
"A Framework for Explainable Concept Drift Detection in Process Mining","Business Process Management","","","","10.1007/978-3-030-85469-0_25","Jan Niklas AdamsSebastiaan J. van ZelstLara QuackKathrin HausmannWil M. P. van der AalstThomas Rose","2021","http://link.springer.com/chapter/10.1007/978-3-030-85469-0_25","Chapter"
"Process Drift Detection in Event Logs with Graph Convolutional Networks","Database Systems for Advanced Applications","","","","10.1007/978-3-031-30678-5_29","Leilei LinYumeng JinLijie WenWenlong ChenYing DiYusong XuJianmin Wang","2023","http://link.springer.com/chapter/10.1007/978-3-031-30678-5_29","Chapter"
"Enterprise, Business-Process and Information Systems Modeling","Lecture Notes in Business Information Processing","","","","10.1007/978-3-031-07475-2","Adriano AugustoProf. Asif GillDr. Dominik BorkSelmin NurcanDr. Iris Reinhartz-BergerProf. Rainer Schmidt","2022","http://link.springer.com/book/10.1007/978-3-031-07475-2","Book"
"Cooperative Information Systems","Lecture Notes in Computer Science","","","","10.1007/978-3-031-46846-9","Mohamed SellamiMaria-Esther VidalBoudewijn van DongenWalid GaaloulHervé Panetto","2024","http://link.springer.com/book/10.1007/978-3-031-46846-9","Book"
"Data Management Technologies and Applications","Communications in Computer and Information Science","","","","10.1007/978-3-030-83014-4","Slimane HammoudiChristoph QuixJorge Bernardino","2021","http://link.springer.com/book/10.1007/978-3-030-83014-4","Book"
"Advanced Information Systems Engineering","Lecture Notes in Computer Science","","","","10.1007/978-3-030-49435-3","Prof. Dr. Schahram DustdarDr. Eric YuCamille SalinesiDominique RieuVik Pant","2020","http://link.springer.com/book/10.1007/978-3-030-49435-3","Book"
"A Robust and Accurate Approach to Detect Process Drifts from Event Streams","Business Process Management","","","","10.1007/978-3-030-85469-0_24","Yang LuQifan ChenSimon Poon","2021","http://link.springer.com/chapter/10.1007/978-3-030-85469-0_24","Chapter"
"Handling Concept Drift in Process Mining","Advanced Information Systems Engineering","","","","10.1007/978-3-642-21640-4_30","R. P. Jagadeesh Chandra BoseWil M. P. van der AalstIndrė ŽliobaitėMykola Pechenizkiy","2011","http://link.springer.com/chapter/10.1007/978-3-642-21640-4_30","Chapter"
"Fast and Accurate Business Process Drift Detection","Business Process Management","","","","10.1007/978-3-319-23063-4_27","Abderrahmane MaaradjiMarlon DumasMarcello La RosaAlireza Ostovar","2015","http://link.springer.com/chapter/10.1007/978-3-319-23063-4_27","Chapter"
"On the Move to Meaningful Internet Systems: OTM 2019 Conferences","Lecture Notes in Computer Science","","","","10.1007/978-3-030-33246-4","Hervé PanettoChristophe DebruyneMartin HeppDave LewisDr. Claudio Agostino ArdagnaRobert Meersman","2019","http://link.springer.com/book/10.1007/978-3-030-33246-4","Book"
"Process Querying Methods","","","","","10.1007/978-3-030-92875-9","Dr. Artem Polyvyanyy","2022","http://link.springer.com/book/10.1007/978-3-030-92875-9","Book"
"Encyclopedia of Database Systems","","","","","10.1007/978-1-4614-8265-9","Ling LiuM. Tamer Özsu","2018","http://link.springer.com/referencework/10.1007/978-1-4614-8265-9","ReferenceWork"
"Application and Theory of Petri Nets and Concurrency","Lecture Notes in Computer Science","","","","10.1007/978-3-031-33620-1","Luis GomesRobert Lorenz","2023","http://link.springer.com/book/10.1007/978-3-031-33620-1","Book"
"Comprehensive Process Drift Detection with Visual Analytics","Conceptual Modeling","","","","10.1007/978-3-030-33223-5_11","Anton YeshchenkoClaudio Di CiccioJan MendlingArtem Polyvyanyy","2019","http://link.springer.com/chapter/10.1007/978-3-030-33223-5_11","Chapter"
"Interactive Process Drift Detection Framework","Artificial Intelligence and Soft Computing","","","","10.1007/978-3-030-87897-9_18","Denise Maria Vecino SatoJean Paul BarddalEdson Emilio Scalabrin","2021","http://link.springer.com/chapter/10.1007/978-3-030-87897-9_18","Chapter"
"Business Process Management Forum","Lecture Notes in Business Information Processing","","","","10.1007/978-3-030-85440-9","Dr. Artem PolyvyanyyDr. Moe Thandar WynnDr. Amy Van LooyManfred Reichert","2021","http://link.springer.com/book/10.1007/978-3-030-85440-9","Book"
"A Benchmark of Process Drift Detection Tools: Experimental Protocol and Statistical Analysis","Artificial Intelligence and Soft Computing","","","","10.1007/978-3-031-23480-4_12","Caio RaduyDenise M. V. SatoEduardo A. FrancisconEdson E. Scalabrin","2023","http://link.springer.com/chapter/10.1007/978-3-031-23480-4_12","Chapter"
"Encyclopedia of Database Systems","","","","","10.1007/978-0-387-39940-9","LING LIUM. TAMER ÖZSU","2009","http://link.springer.com/referencework/10.1007/978-0-387-39940-9","ReferenceWork"
"Concept drift detection and localization framework based on behavior replacement","Applied Intelligence","","53","13","10.1007/s10489-022-04341-2","Jiuyun XuYue ZhangQiang Duan","2023","http://link.springer.com/article/10.1007/s10489-022-04341-2","Article"
"Filtering Spurious Events from Event Streams of Business Processes","Advanced Information Systems Engineering","","","","10.1007/978-3-319-91563-0_3","Sebastiaan J. van ZelstMohammadreza Fani SaniAlireza OstovarRaffaele ConfortiMarcello La Rosa","2018","http://link.springer.com/chapter/10.1007/978-3-319-91563-0_3","Chapter"
"Business Process Management Forum","Lecture Notes in Business Information Processing","","","","10.1007/978-3-031-16171-1","Claudio Di CiccioRemco DijkmanAdela del Río OrtegaStefanie Rinderle-Ma","2022","http://link.springer.com/book/10.1007/978-3-031-16171-1","Book"
"Intelligent Systems","Lecture Notes in Computer Science","","","","10.1007/978-3-031-21686-2","João Carlos Xavier-JuniorRicardo Araújo Rios","2022","http://link.springer.com/book/10.1007/978-3-031-21686-2","Book"
"Enterprise, Business-Process and Information Systems Modeling","Lecture Notes in Business Information Processing","","","","10.1007/978-3-031-34241-7","Han van der AaDominik BorkHenderik A. ProperRainer Schmidt","2023","http://link.springer.com/book/10.1007/978-3-031-34241-7","Book"
"Artificial Intelligence and Soft Computing","Lecture Notes in Computer Science","","","","10.1007/978-3-031-23480-4","Leszek RutkowskiRafał SchererMarcin KorytkowskiWitold PedryczRyszard TadeusiewiczJacek M. Zurada","2023","http://link.springer.com/book/10.1007/978-3-031-23480-4","Book"
"Online Process Mining: A Systematic Literature Review","Artificial Intelligence and Green Computing","","","","10.1007/978-3-031-46584-0_21","Anouar BouchalMaryam Radgui","2023","http://link.springer.com/chapter/10.1007/978-3-031-46584-0_21","Chapter"
"Managing Variability of Large Public Administration Event Log Collections: Dealing with Concept Drift","Perspectives in Business Informatics Research","","","","10.1007/978-3-031-43126-5_3","Flavio CorradiniCaterina LucianiAndrea MorichettaMarco Piangerelli","2023","http://link.springer.com/chapter/10.1007/978-3-031-43126-5_3","Chapter"
"Process Mining for Stream Data Sources","Process Mining Techniques in Business Environments","","","","10.1007/978-3-319-17482-2_17","Andrea Burattin","2015","http://link.springer.com/chapter/10.1007/978-3-319-17482-2_17","Chapter"
"Encyclopedia of Social Network Analysis and Mining","","","","","10.1007/978-1-4939-7131-2","Reda AlhajjJon Rokne","2018","http://link.springer.com/referencework/10.1007/978-1-4939-7131-2","ReferenceWork"
"Towards Event Log Management for Process Mining - Vision and Research Challenges","Research Challenges in Information Science","","","","10.1007/978-3-031-05760-1_12","Ruud van CruchtenHans Weigand","2022","http://link.springer.com/chapter/10.1007/978-3-031-05760-1_12","Chapter"
"Enterprise Design, Operations, and Computing","Lecture Notes in Computer Science","","","","10.1007/978-3-031-17604-3","João Paulo A. AlmeidaDimka KarastoyanovaGiancarlo GuizzardiMarco MontaliFabrizio Maria MaggiClaudenir M. Fonseca","2022","http://link.springer.com/book/10.1007/978-3-031-17604-3","Book"
"Process Histories - Detecting and Representing Concept Drifts Based on Event Streams","On the Move to Meaningful Internet Systems. OTM 2018 Conferences","","","","10.1007/978-3-030-02610-3_18","Florian StertzStefanie Rinderle-Ma","2018","http://link.springer.com/chapter/10.1007/978-3-030-02610-3_18","Chapter"
"Event stream-based process discovery using abstract representations","Knowledge and Information Systems","","54","2","10.1007/s10115-017-1060-2","Sebastiaan J. van ZelstBoudewijn F. van DongenWil M. P. van der Aalst","2018","http://link.springer.com/article/10.1007/s10115-017-1060-2","Article"
"Detecting Process Concept Drifts from Event Logs","On the Move to Meaningful Internet Systems. OTM 2017 Conferences","","","","10.1007/978-3-319-69462-7_33","Canbin ZhengLijie WenJianmin Wang","2017","http://link.springer.com/chapter/10.1007/978-3-319-69462-7_33","Chapter"
"Quality of Information and Communications Technology","Communications in Computer and Information Science","","","","10.1007/978-3-030-85347-1","Prof. Ana C. R. PaivaAna Rosa CavalliPaula Ventura MartinsRicardo Pérez-Castillo","2021","http://link.springer.com/book/10.1007/978-3-030-85347-1","Book"
"Process Mining Manifesto","Business Process Management Workshops","","","","10.1007/978-3-642-28108-2_19","Wil van der AalstArya AdriansyahAna Karla Alves de MedeirosFranco ArcieriThomas BaierTobias BlickleJagadeesh Chandra BosePeter van den BrandRonald BrandtjenJoos BuijsAndrea BurattinJosep CarmonaMalu CastellanosJan ClaesJonathan CookNicola Costantini","2012","http://link.springer.com/chapter/10.1007/978-3-642-28108-2_19","Chapter"
"Cooperative Information Systems","Lecture Notes in Computer Science","","","","10.1007/978-3-031-17834-4","Mohamed SellamiPaolo CeravoloHajo A. ReijersWalid GaaloulHervé Panetto","2022","http://link.springer.com/book/10.1007/978-3-031-17834-4","Book"
"Detecting Drift from Event Streams of Unpredictable Business Processes","Conceptual Modeling","","","","10.1007/978-3-319-46397-1_26","Alireza OstovarAbderrahmane MaaradjiMarcello La RosaArthur H. M. ter HofstedeBoudewijn F. V. van Dongen","2016","http://link.springer.com/chapter/10.1007/978-3-319-46397-1_26","Chapter"
"Proceedings of the Future Technologies Conference (FTC) 2021, Volume 1","Lecture Notes in Networks and Systems","","","","10.1007/978-3-030-89906-6","Prof. Dr. Kohei Arai","2022","http://link.springer.com/book/10.1007/978-3-030-89906-6","Book"
"Enterprise Design, Operations, and Computing","Lecture Notes in Computer Science","","","","10.1007/978-3-031-46587-1","Henderik A. ProperLuise PufahlDimka KarastoyanovaMarten van SinderenJoão Moreira","2024","http://link.springer.com/book/10.1007/978-3-031-46587-1","Book"
"Process Mining Reloaded: Event Structures as a Unified Representation of Process Models and Event Logs","Application and Theory of Petri Nets and Concurrency","","","","10.1007/978-3-319-19488-2_2","Marlon DumasLuciano García-Bañuelos","2015","http://link.springer.com/chapter/10.1007/978-3-319-19488-2_2","Chapter"
"Service-Oriented Computing – ICSOC 2021 Workshops","Lecture Notes in Computer Science","","","","10.1007/978-3-031-14135-5","Hakim HacidMonther AldwairiMohamed Reda BouadjenekMarinella PetrocchiNoura FaciFatma OutayAmin BeheshtiLauritz ThamsenHai Dong","2022","http://link.springer.com/book/10.1007/978-3-031-14135-5","Book"
"Digital Transformation","","","","","10.1007/978-3-662-65004-2","Birgit Vogel-HeuserManuel Wimmer","2023","http://link.springer.com/book/10.1007/978-3-662-65004-2","Book"
"Business Information Systems","Lecture Notes in Business Information Processing","","","","10.1007/978-3-030-53337-3","Prof. Witold AbramowiczGary Klein","2020","http://link.springer.com/book/10.1007/978-3-030-53337-3","Book"
"Conceptual Modeling","Lecture Notes in Computer Science","","","","10.1007/978-3-031-17995-2","Jolita RalytéSharma ChakravarthyMukesh MohaniaManfred A. JeusfeldKamalakar Karlapalem","2022","http://link.springer.com/book/10.1007/978-3-031-17995-2","Book"
"Process Mining—Discovery, Conformance, and Enhancement of Manufacturing Processes","Digital Transformation","","","","10.1007/978-3-662-65004-2_15","Stefanie Rinderle-MaFlorian StertzJuergen ManglerFlorian Pauker","2023","http://link.springer.com/chapter/10.1007/978-3-662-65004-2_15","Chapter"
"Perspectives in Business Informatics Research","Lecture Notes in Business Information Processing","","","","10.1007/978-3-031-43126-5","Knut HinkelmannFrancisco J. López-PellicerAndrea Polini","2023","http://link.springer.com/book/10.1007/978-3-031-43126-5","Book"
"Artificial Intelligence and Green Computing","Lecture Notes in Networks and Systems","","","","10.1007/978-3-031-46584-0","Najlae IdrissiAbdellatif HairMohamed LazaarYoussef SaadiMohammed ErritaliSaid El Kafhali","2023","http://link.springer.com/book/10.1007/978-3-031-46584-0","Book"
"Conceptual Modeling","Lecture Notes in Computer Science","","","","10.1007/978-3-030-62522-1","Dr. Gillian DobbieProf. Dr. Ulrich FrankProf. Dr. Gerti KappelStephen W. LiddleProf. Dr. Heinrich C. Mayr","2020","http://link.springer.com/book/10.1007/978-3-030-62522-1","Book"
"Service-Oriented Computing","Lecture Notes in Computer Science","","","","10.1007/978-3-031-48424-7","Flavia MontiStefanie Rinderle-MaAntonio Ruiz CortésZibin ZhengMassimo Mecella","2023","http://link.springer.com/book/10.1007/978-3-031-48424-7","Book"
"Business Information Systems","Lecture Notes in Business Information Processing","","","","10.1007/978-3-319-93931-5","Dr. Witold AbramowiczProf. Dr. Adrian Paschke","2018","http://link.springer.com/book/10.1007/978-3-319-93931-5","Book"
"Change Point Detection and Dealing with Gradual and Multi-order Dynamics in Process Mining","Perspectives in Business Informatics Research","","","","10.1007/978-3-319-21915-8_11","J. MartjushevR. P. Jagadeesh Chandra BoseWil M. P. van der Aalst","2015","http://link.springer.com/chapter/10.1007/978-3-319-21915-8_11","Chapter"
"Simultaneous Process Drift Detection and Characterization with Pattern-Based Change Detectors","Discovery Science","","","","10.1007/978-3-030-61527-7_30","Angelo ImpedovoPaolo MignoneCorrado LoglisciMichelangelo Ceci","2020","http://link.springer.com/chapter/10.1007/978-3-030-61527-7_30","Chapter"
"Service-Oriented Computing  – ICSOC 2020 Workshops","Lecture Notes in Computer Science","","","","10.1007/978-3-030-76352-7","Hakim HacidFatma OutayHye-young PaikAmira AlloumMarinella PetrocchiMohamed Reda BouadjenekDr. Amin BeheshtiXumin LiuAbderrahmane Maaradji","2021","http://link.springer.com/book/10.1007/978-3-030-76352-7","Book"
"Online Techniques for Dealing with Concept Drift in Process Mining","Advances in Intelligent Data Analysis XI","","","","10.1007/978-3-642-34156-4_10","Josep CarmonaRicard Gavaldà","2012","http://link.springer.com/chapter/10.1007/978-3-642-34156-4_10","Chapter"
"Scientific workflows for process mining: building blocks, scenarios, and implementation","International Journal on Software Tools for Technology Transfer","","18","6","10.1007/s10009-015-0399-5","Alfredo BoltMassimiliano de LeoniWil M. P. van der Aalst","2016","http://link.springer.com/article/10.1007/s10009-015-0399-5","Article"
"Process Mining","Robust Process Mining with Guarantees","","","","10.1007/978-3-030-96655-3_3","Sander J. J. Leemans","2022","http://link.springer.com/chapter/10.1007/978-3-030-96655-3_3","Chapter"
"Advanced Data Mining and Applications","Lecture Notes in Computer Science","","","","10.1007/978-3-031-22137-8","Weitong ChenLina YaoTaotao CaiShirui PanTao ShenXue Li","2022","http://link.springer.com/book/10.1007/978-3-031-22137-8","Book"
"Online Process Discovery to Detect Concept Drifts in LTL-Based Declarative Process Models","On the Move to Meaningful Internet Systems: OTM 2013 Conferences","","","","10.1007/978-3-642-41030-7_7","Fabrizio Maria MaggiAndrea BurattinMarta CimitileAlessandro Sperduti","2013","http://link.springer.com/chapter/10.1007/978-3-642-41030-7_7","Chapter"
"Characterizing Drift from Event Streams of Business Processes","Advanced Information Systems Engineering","","","","10.1007/978-3-319-59536-8_14","Alireza OstovarAbderrahmane MaaradjiMarcello La RosaArthur H. M. ter Hofstede","2017","http://link.springer.com/chapter/10.1007/978-3-319-59536-8_14","Chapter"
"Intelligent Information Systems","Lecture Notes in Business Information Processing","","","","10.1007/978-3-030-79108-7","Selmin NurcanAxel Korthaus","2021","http://link.springer.com/book/10.1007/978-3-030-79108-7","Book"
"Advances in Intelligent Data Analysis XX","Lecture Notes in Computer Science","","","","10.1007/978-3-031-01333-1","Tassadit BouadiElisa FromontProf. Dr. Eyke Hüllermeier","2022","http://link.springer.com/book/10.1007/978-3-031-01333-1","Book"
"Action-oriented process mining: bridging the gap between insights and actions","Progress in Artificial Intelligence","","","","10.1007/s13748-022-00281-7","Gyunam ParkWil M. P. van der Aalst","2022","http://link.springer.com/article/10.1007/s13748-022-00281-7","Article"
"Concept Drift Detection on Streaming Data with Dynamic Outlier Aggregation","Process Mining Workshops","","","","10.1007/978-3-030-72693-5_16","Ludwig ZellnerFlorian RichterJanina SontheimAndrea MaldonadoThomas Seidl","2021","http://link.springer.com/chapter/10.1007/978-3-030-72693-5_16","Chapter"
"Intelligent Information Systems","Lecture Notes in Business Information Processing","","","","10.1007/978-3-031-34674-3","Cristina CabanillasFrancisca Pérez","2023","http://link.springer.com/book/10.1007/978-3-031-34674-3","Book"
"Continuous Performance Evaluation for Business Process Outcome Monitoring","Process Mining Workshops","","","","10.1007/978-3-030-98581-3_18","Suhwan LeeMarco ComuzziXixi Lu","2022","http://link.springer.com/chapter/10.1007/978-3-030-98581-3_18","Chapter"
"Removing Operational Friction Using Process Mining: Challenges Provided by the Internet of Production (IoP)","Data Management Technologies and Applications","","","","10.1007/978-3-030-83014-4_1","Wil M. P. van der AalstTobias BrockhoffAnahita Farhang GhahfarokhiMahsa PourbafraniMerih Seran UysalSebastiaan J. van Zelst","2021","http://link.springer.com/chapter/10.1007/978-3-030-83014-4_1","Chapter"
"A Survey of Process Mining Competitions: The BPI Challenges 2011–2018","Business Process Management Workshops","","","","10.1007/978-3-030-37453-2_22","Iezalde F. LopesDiogo R. Ferreira","2019","http://link.springer.com/chapter/10.1007/978-3-030-37453-2_22","Chapter"
"Process Cubes: Slicing, Dicing, Rolling Up and Drilling Down Event Data for Process Mining","Asia Pacific Business Process Management","","","","10.1007/978-3-319-02922-1_1","Wil M. P. van der Aalst","2013","http://link.springer.com/chapter/10.1007/978-3-319-02922-1_1","Chapter"
"Service-Oriented Computing – ICSOC 2022 Workshops","Lecture Notes in Computer Science","","","","10.1007/978-3-031-26507-5","Javier TroyaRaffaela MirandolaElena NavarroAndrea DelgadoSergio SeguraGuadalupe OrtizCesare PautassoChristian ZirpinsPablo FernándezAntonio Ruiz-Cortés","2023","http://link.springer.com/book/10.1007/978-3-031-26507-5","Book"
"Process Mining in the Large","Process Mining","","","","10.1007/978-3-662-49851-4_12","Wil van der Aalst","2016","http://link.springer.com/chapter/10.1007/978-3-662-49851-4_12","Chapter"
"Business Intelligence","Lecture Notes in Business Information Processing","","","","10.1007/978-3-319-05461-2","Esteban Zimányi","2014","http://link.springer.com/book/10.1007/978-3-319-05461-2","Book"
"Encyclopedia of Social Network Analysis and Mining","","","","","10.1007/978-1-4614-6170-8","Professor Reda AlhajjProfessor Jon Rokne","2014","http://link.springer.com/referencework/10.1007/978-1-4614-6170-8","ReferenceWork"
"Service-Oriented Computing","Lecture Notes in Computer Science","","","","10.1007/978-3-030-91431-8","Hakim HacidOdej KaoMassimo MecellaDr. Naouel MohaHye-young Paik","2021","http://link.springer.com/book/10.1007/978-3-030-91431-8","Book"
"TESSERACT: Time-Drifts in Event Streams Using Series of Evolving Rolling Averages of Completion Times","Business Process Management","","","","10.1007/978-3-319-65000-5_17","Florian RichterThomas Seidl","2017","http://link.springer.com/chapter/10.1007/978-3-319-65000-5_17","Chapter"
"Internet of Production","Interdisciplinary Excellence Accelerator Series","","","","10.1007/978-3-031-44497-5","Christian BrecherGünther SchuhWil van der AalstMatthias JarkeFrank T. PillerMelanie Padberg","2024","http://link.springer.com/book/10.1007/978-3-031-44497-5","Book"
"Streaming Process Mining","Process Mining Handbook","","","","10.1007/978-3-031-08848-3_11","Andrea Burattin","2022","http://link.springer.com/chapter/10.1007/978-3-031-08848-3_11","Chapter"
"Conceptual Modeling","Lecture Notes in Computer Science","","","","10.1007/978-3-031-47262-6","João Paulo A. AlmeidaJosé BorbinhaGiancarlo GuizzardiSebastian LinkJelena Zdravkovic","2023","http://link.springer.com/book/10.1007/978-3-031-47262-6","Book"
"A Tour in Process Mining: From Practice to Algorithmic Challenges","Transactions on Petri Nets and Other Models of Concurrency XIV","","","","10.1007/978-3-662-60651-3_1","Wil van der AalstJosep CarmonaThomas ChatainBoudewijn van Dongen","2019","http://link.springer.com/chapter/10.1007/978-3-662-60651-3_1","Chapter"
"Process Mining: A Guide for Practitioners","Research Challenges in Information Science","","","","10.1007/978-3-031-05760-1_16","Fredrik MilaniKatsiaryna LashkevichFabrizio Maria MaggiChiara Di Francescomarino","2022","http://link.springer.com/chapter/10.1007/978-3-031-05760-1_16","Chapter"
"Computational Science – ICCS 2021","Lecture Notes in Computer Science","","","","10.1007/978-3-030-77967-2","Prof. Maciej PaszynskiProf. Dr. Dieter KranzlmüllerDr. Valeria V. KrzhizhanovskayaProf. Jack J. DongarraProf. Dr. Peter M.A. Sloot","2021","http://link.springer.com/book/10.1007/978-3-030-77967-2","Book"
"Evaluating Conformance Measures in Process Mining Using Conformance Propositions","Transactions on Petri Nets and Other Models of Concurrency XIV","","","","10.1007/978-3-662-60651-3_8","Anja F. SyringNiek TaxWil M. P. van der Aalst","2019","http://link.springer.com/chapter/10.1007/978-3-662-60651-3_8","Chapter"
"Towards Data-Driven Business Process Redesign Through the Lens of Process Mining Case Studies","Business Process Management Workshops","","","","10.1007/978-3-031-50974-2_20","Zeping WangRehan SyedChun Ouyang","2024","http://link.springer.com/chapter/10.1007/978-3-031-50974-2_20","Chapter"
"Database and Expert Systems Applications - DEXA 2022 Workshops","Communications in Computer and Information Science","","","","10.1007/978-3-031-14343-4","Prof. Dr. Gabriele KotsisA Min TjoaIsmail KhalilDr. Bernhard MoserProf. Dr. Alfred TaudesAtif MashkoorJohannes SametingerJorge Martinez-GilFlorian SobieczkyLukas FischerRudolf RamlerMaqbool KhanGerald Czech","2022","http://link.springer.com/book/10.1007/978-3-031-14343-4","Book"
"Intelligent Systems Design and Applications","Lecture Notes in Networks and Systems","","","","10.1007/978-3-031-35501-1","Ajith AbrahamSabri PllanaGabriella CasalinoKun MaAnu Bajaj","2023","http://link.springer.com/book/10.1007/978-3-031-35501-1","Book"
"Business Process Management Cases","Management for Professionals","","","","10.1007/978-3-319-58307-5","Prof. Dr. Jan vom BrockeProf. Dr. Jan Mendling","2018","http://link.springer.com/book/10.1007/978-3-319-58307-5","Book"
"Recurrent Process Mining with Live Event Data","Business Process Management Workshops","","","","10.1007/978-3-319-74030-0_13","Alifah SyamsiyahBoudewijn F. van DongenWil M. P. van der Aalst","2018","http://link.springer.com/chapter/10.1007/978-3-319-74030-0_13","Chapter"
"Space-Time Cube Operations in Process Mining","The Practice of Enterprise Modeling","","","","10.1007/978-3-030-63479-7_28","Dina BayomieLukas PfahlsbergerKate RevoredoJan Mendling","2020","http://link.springer.com/chapter/10.1007/978-3-030-63479-7_28","Chapter"
"Model and Data Engineering","Lecture Notes in Computer Science","","","","10.1007/978-3-031-21595-7","Philippe Fournier-VigerAhmed HassanLadjel Bellatreche","2023","http://link.springer.com/book/10.1007/978-3-031-21595-7","Book"
"When Process Mining Meets Bioinformatics","IS Olympics: Information Systems in a Diverse World","","","","10.1007/978-3-642-29749-6_14","R. P. Jagadeesh Chandra BoseWil M. P. van der Aalst","2012","http://link.springer.com/chapter/10.1007/978-3-642-29749-6_14","Chapter"
"Decomposing Process Mining Problems Using Passages","Application and Theory of Petri Nets","","","","10.1007/978-3-642-31131-4_5","Wil M. P. van der Aalst","2012","http://link.springer.com/chapter/10.1007/978-3-642-31131-4_5","Chapter"
"E-Business and Telecommunications","Communications in Computer and Information Science","","","","10.1007/978-3-031-36840-0","Pierangela SamaratiMarten van SinderenSabrina De Capitani di VimercatiFons Wijnhoven","2023","http://link.springer.com/book/10.1007/978-3-031-36840-0","Book"
"New Trends in Database and Information Systems","Communications in Computer and Information Science","","","","10.1007/978-3-030-85082-1","Ladjel BellatrecheProf. Marlon DumasPanagiotis KarrasProf. Dr. Raimundas MatulevičiusAhmed AwadProf. Dr. Matthias WeidlichProf. Mirjana IvanovićOlaf Hartig","2021","http://link.springer.com/book/10.1007/978-3-030-85082-1","Book"
"Partial-order-based process mining: a survey and outlook","Knowledge and Information Systems","","65","1","10.1007/s10115-022-01777-3","Sander J. J. LeemansSebastiaan J. van ZelstXixi Lu","2023","http://link.springer.com/article/10.1007/s10115-022-01777-3","Article"
"Detecting cross-case associations in an event log: toward a pattern-based detection","Software and Systems Modeling","","22","6","10.1007/s10270-023-01100-w","Yael DubinskyPnina SofferIrit Hadar","2023","http://link.springer.com/article/10.1007/s10270-023-01100-w","Article"
"Graph-based feature extraction on object-centric event logs","International Journal of Data Science and Analytics","","","","10.1007/s41060-023-00428-2","Alessandro BertiJohannes HerforthMahnaz Sadat QafariWil M. P. van der Aalst","2023","http://link.springer.com/article/10.1007/s41060-023-00428-2","Article"
"PM
                
                  
                
                $$^2$$
              : A Process Mining Project Methodology","Advanced Information Systems Engineering","","","","10.1007/978-3-319-19069-3_19","Maikel L. van EckXixi LuSander J. J. LeemansWil M. P. van der Aalst","2015","http://link.springer.com/chapter/10.1007/978-3-319-19069-3_19","Chapter"
"Interactive log-delta analysis using multi-range filtering","Software and Systems Modeling","","21","3","10.1007/s10270-021-00902-0","Maxim VidgofDjordje DjuricaSaimir BalaJan Mendling","2022","http://link.springer.com/article/10.1007/s10270-021-00902-0","Article"
"Innovation Through Information Systems","Lecture Notes in Information Systems and Organisation","","","","10.1007/978-3-030-86800-0","Prof. Dr. Frederik AhlemannProf. Dr. Reinhard SchütteProf. Dr. Stefan Stieglitz","2021","http://link.springer.com/book/10.1007/978-3-030-86800-0","Book"
"New Trends in Database and Information Systems","Communications in Computer and Information Science","","","","10.1007/978-3-031-42941-5","Alberto AbellóPanos VassiliadisOscar RomeroRobert WrembelFrancesca BugiottiJohann GamperGenoveva Vargas SolarEster Zumpano","2023","http://link.springer.com/book/10.1007/978-3-031-42941-5","Book"
"The Analysis of Online Event Streams: Predicting the Next Activity for Anomaly Detection","Research Challenges in Information Science","","","","10.1007/978-3-031-05760-1_15","Suhwan LeeXixi LuHajo A. Reijers","2022","http://link.springer.com/chapter/10.1007/978-3-031-05760-1_15","Chapter"
"Process Mining Capabilities Extended to Time Series Analysis as Applied to Meteosat Water Vapor Images","Proceedings of the Future Technologies Conference (FTC) 2021, Volume 1","","","","10.1007/978-3-030-89906-6_43","Julio J. ValdésAntonio PouYaimara Céspedes-González","2022","http://link.springer.com/chapter/10.1007/978-3-030-89906-6_43","Chapter"
"Web Engineering","Lecture Notes in Computer Science","","","","10.1007/978-3-031-09917-5","Prof. Tommaso Di NoiaDr. In-Young KoDr. Markus SchedlCarmelo Ardito","2022","http://link.springer.com/book/10.1007/978-3-031-09917-5","Book"
"Conceptual Modeling","Lecture Notes in Computer Science","","","","10.1007/978-3-030-89022-3","Dr. Aditya GhoseJennifer HorkoffVítor E. Silva SouzaProf. Jeffrey ParsonsJoerg Evermann","2021","http://link.springer.com/book/10.1007/978-3-030-89022-3","Book"
"Event Log Cleaning for Business Process Analytics","Encyclopedia of Big Data Technologies","","","","10.1007/978-3-319-63962-8_87-1","Andreas Solti","2018","http://link.springer.com/referenceworkentry/10.1007/978-3-319-63962-8_87-1","ReferenceWorkEntry"
"Process Mining","Encyclopedia of Database Systems","","","","10.1007/978-1-4899-7993-3_1477-2","W. M. P. van der Aalst","2016","http://link.springer.com/referenceworkentry/10.1007/978-1-4899-7993-3_1477-2","ReferenceWorkEntry"
"Process Mining","Encyclopedia of Database Systems","","","","10.1007/978-1-4614-8265-9_1477","W. M. P. van der Aalst","2018","http://link.springer.com/referenceworkentry/10.1007/978-1-4614-8265-9_1477","ReferenceWorkEntry"
"Process Mining Challenges Perceived by Analysts: An Interview Study","Enterprise, Business-Process and Information Systems Modeling","","","","10.1007/978-3-031-07475-2_1","Lisa ZimmermannFrancesca ZerbatoBarbara Weber","2022","http://link.springer.com/chapter/10.1007/978-3-031-07475-2_1","Chapter"
"Predictive Process Mining Meets Computer Vision","Business Process Management Forum","","","","10.1007/978-3-030-58638-6_11","Vincenzo PasquadibisceglieAnnalisa AppiceGiovanna CastellanoDonato Malerba","2020","http://link.springer.com/chapter/10.1007/978-3-030-58638-6_11","Chapter"
"OTOSO: Online Trace Ordering for Structural Overviews","Process Mining Workshops","","","","10.1007/978-3-030-72693-5_17","Florian RichterAndrea MaldonadoLudwig ZellnerThomas Seidl","2021","http://link.springer.com/chapter/10.1007/978-3-030-72693-5_17","Chapter"
"Desire Lines in Big Data","Encyclopedia of Social Network Analysis and Mining","","","","10.1007/978-1-4939-7131-2_396","Wil M. P. van der Aalst","2018","http://link.springer.com/referenceworkentry/10.1007/978-1-4939-7131-2_396","ReferenceWorkEntry"
"Desire Lines in Big Data","Encyclopedia of Social Network Analysis and Mining","","","","10.1007/978-1-4614-7163-9_396-1","Wil M. P. van der Aalst","2017","http://link.springer.com/referenceworkentry/10.1007/978-1-4614-7163-9_396-1","ReferenceWorkEntry"
"Distributed Process Discovery and Conformance Checking","Fundamental Approaches to Software Engineering","","","","10.1007/978-3-642-28872-2_1","Wil M. P. van der Aalst","2012","http://link.springer.com/chapter/10.1007/978-3-642-28872-2_1","Chapter"
"Process Mining for Maintenance Decision Support","System Performance and Management Analytics","","","","10.1007/978-981-10-7323-6_23","Adithya ThaduriStephen Mayowa FamurewaAjit Kumar VermaUday Kumar","2019","http://link.springer.com/chapter/10.1007/978-981-10-7323-6_23","Chapter"
"Systematic Mapping Study on Process Mining in Agile Software Development","Software Process Improvement and Capability Determination","","","","10.1007/978-3-030-00623-5_20","Sezen ErdemOnur DemirörsFethi Rabhi","2018","http://link.springer.com/chapter/10.1007/978-3-030-00623-5_20","Chapter"
"Applying Clustering in Process Mining to Find Different Versions of a Business Process That Changes over Time","Business Process Management Workshops","","","","10.1007/978-3-642-28108-2_15","Daniela LuengoMarcos Sepúlveda","2012","http://link.springer.com/chapter/10.1007/978-3-642-28108-2_15","Chapter"
"Configurable Services in the Cloud: Supporting Variability While Enabling Cross-Organizational Process Mining","On the Move to Meaningful Internet Systems: OTM 2010","","","","10.1007/978-3-642-16934-2_5","Wil M. P. van der Aalst","2010","http://link.springer.com/chapter/10.1007/978-3-642-16934-2_5","Chapter"
"Analyzing Process Concept Drifts Based on Sensor Event Streams During Runtime","Business Process Management","","","","10.1007/978-3-030-58666-9_12","Florian StertzStefanie Rinderle-MaJuergen Mangler","2020","http://link.springer.com/chapter/10.1007/978-3-030-58666-9_12","Chapter"
"Turning event logs into process movies: animating what has really happened","Software & Systems Modeling","","15","3","10.1007/s10270-014-0432-2","Massimiliano de LeoniSuriadi SuriadiArthur H. M. ter HofstedeWil M. P. van der Aalst","2016","http://link.springer.com/article/10.1007/s10270-014-0432-2","Article"
"Computer Supported Cooperative Work and Social Computing","Communications in Computer and Information Science","","","","10.1007/978-981-99-2356-4","Yuqing SunTun LuYinzhang GuoXiaoxia SongHongfei FanDongning LiuLiping GaoBowen Du","2023","http://link.springer.com/book/10.1007/978-981-99-2356-4","Book"
"Identifying Cohorts: Recommending Drill-Downs Based on Differences in Behaviour for Process Mining","Conceptual Modeling","","","","10.1007/978-3-030-62522-1_7","Sander J. J. LeemansShiva ShabaninejadKanika GoelHassan KhosraviShazia SadiqMoe Thandar Wynn","2020","http://link.springer.com/chapter/10.1007/978-3-030-62522-1_7","Chapter"
"Multidimensional Process Mining Using Process Cubes","Enterprise, Business-Process and Information Systems Modeling","","","","10.1007/978-3-319-19237-6_7","Alfredo BoltWil M. P. van der Aalst","2015","http://link.springer.com/chapter/10.1007/978-3-319-19237-6_7","Chapter"
"An Approach for Face Validity Assessment of Agent-Based Simulation Models Through Outlier Detection with Process Mining","Enterprise Design, Operations, and Computing","","","","10.1007/978-3-031-46587-1_8","Rob BemthuisSanja Lazarova-Molnar","2024","http://link.springer.com/chapter/10.1007/978-3-031-46587-1_8","Chapter"
"Desire Lines in Big Data","Encyclopedia of Social Network Analysis and Mining","","","","10.1007/978-1-4614-6170-8_396","Wil M. P. van der Aalst","2014","http://link.springer.com/referenceworkentry/10.1007/978-1-4614-6170-8_396","ReferenceWorkEntry"
"Artificial Intelligence and Soft Computing","Lecture Notes in Computer Science","","","","10.1007/978-3-031-42505-9","Leszek RutkowskiRafał SchererMarcin KorytkowskiWitold PedryczRyszard TadeusiewiczJacek M. Zurada","2023","http://link.springer.com/book/10.1007/978-3-031-42505-9","Book"
"Visual Analytics Meets Process Mining: Challenges and Opportunities","Data-Driven Process Discovery and Analysis","","","","10.1007/978-3-319-53435-0_7","Theresia Gschwandtner","2017","http://link.springer.com/chapter/10.1007/978-3-319-53435-0_7","Chapter"
"Foundations of Process Discovery","Process Mining Handbook","","","","10.1007/978-3-031-08848-3_2","Wil M. P. van der Aalst","2022","http://link.springer.com/chapter/10.1007/978-3-031-08848-3_2","Chapter"
"A systematic literature review on the application of process mining to Industry 4.0","Knowledge and Information Systems","","","","10.1007/s10115-023-02042-x","Katsiaryna AkhramovichEstefanía SerralCarlos Cetina","2024","http://link.springer.com/article/10.1007/s10115-023-02042-x","Article"
"SAMPLE: A Semantic Approach for Multi-perspective Event Log Generation","Process Mining Workshops","","","","10.1007/978-3-031-27815-0_24","Joscha GrügerTobias GeyerDavid JilgRalph Bergmann","2023","http://link.springer.com/chapter/10.1007/978-3-031-27815-0_24","Chapter"
"Designing Process Diagrams – A Framework for Making Design Choices When Visualizing Process Mining Outputs","On the Move to Meaningful Internet Systems. OTM 2018 Conferences","","","","10.1007/978-3-030-02610-3_26","Marit SirgmetsFredrik MilaniAlexander NolteTaivo Pungas","2018","http://link.springer.com/chapter/10.1007/978-3-030-02610-3_26","Chapter"
"The ClearPath Method for Care Pathway Process Mining and Simulation","Business Process Management Workshops","","","","10.1007/978-3-030-11641-5_19","Owen A. JohnsonThamer Ba DhafariAngelina KurniatiFrank FoxEric Rojas","2019","http://link.springer.com/chapter/10.1007/978-3-030-11641-5_19","Chapter"
"Process Minding: Closing the Big Data Gap","Business Process Management","","","","10.1007/978-3-030-58666-9_1","Avigdor GalArik Senderovich","2020","http://link.springer.com/chapter/10.1007/978-3-030-58666-9_1","Chapter"
"Digital TV and Wireless Multimedia Communications","Communications in Computer and Information Science","","","","10.1007/978-981-19-2266-4","Prof. Guangtao ZhaiJun ZhouHua YangDr. Ping AnXiaokang Yang","2022","http://link.springer.com/book/10.1007/978-981-19-2266-4","Book"
"Detecting Changes in Process Behavior Using Comparative Case Clustering","Data-Driven Process Discovery and Analysis","","","","10.1007/978-3-319-53435-0_3","B. F. A. HompesJ. C. A. M. BuijsWil M. P. van der AalstP. M. DixitJ. Buurman","2017","http://link.springer.com/chapter/10.1007/978-3-319-53435-0_3","Chapter"
"What makes a good process model?","Software & Systems Modeling","","11","4","10.1007/s10270-012-0265-9","W. M. P. van der Aalst","2012","http://link.springer.com/article/10.1007/s10270-012-0265-9","Article"
"Streaming Process Discovery and Conformance Checking","Encyclopedia of Big Data Technologies","","","","10.1007/978-3-319-77525-8_103","Andrea Burattin","2019","http://link.springer.com/referenceworkentry/10.1007/978-3-319-77525-8_103","ReferenceWorkEntry"
"Streaming Process Discovery and Conformance Checking","Encyclopedia of Big Data Technologies","","","","10.1007/978-3-319-63962-8_103-2","Andrea Burattin","2022","http://link.springer.com/referenceworkentry/10.1007/978-3-319-63962-8_103-2","ReferenceWorkEntry"
"The performance assessment framework (PPAFR) for RPA implementation in a loan application process using process mining","Information Systems and e-Business Management","","21","2","10.1007/s10257-022-00602-2","Roman ŠperkaMichal Halaška","2023","http://link.springer.com/article/10.1007/s10257-022-00602-2","Article"
"Operational Support","Process Mining","","","","10.1007/978-3-662-49851-4_10","Wil van der Aalst","2016","http://link.springer.com/chapter/10.1007/978-3-662-49851-4_10","Chapter"
"Re-learning of Business Process Models from Legacy System Using Incremental Process Mining","Enterprise Information Systems","","","","10.1007/978-3-319-09492-2_19","André Cristiano KalsingCirano IochpeLucinéia Heloisa ThomGleison Samuel do Nascimento","2014","http://link.springer.com/chapter/10.1007/978-3-319-09492-2_19","Chapter"
"Efficient Declarative-Based Process Mining Using an Enhanced Framework","Complex Pattern Mining","","","","10.1007/978-3-030-36617-9_8","Stefano FerilliSergio Angelastro","2020","http://link.springer.com/chapter/10.1007/978-3-030-36617-9_8","Chapter"
"Steady State Estimation for Business Process Simulations","Business Process Management Forum","","","","10.1007/978-3-031-41623-1_11","Mahsa PourbafraniNiels LückingMatthieu LuckeWil M. P. van der Aalst","2023","http://link.springer.com/chapter/10.1007/978-3-031-41623-1_11","Chapter"
"Process Automation and Process Mining in Manufacturing","Business Process Management","","","","10.1007/978-3-030-85469-0_1","Stefanie Rinderle-MaJuergen Mangler","2021","http://link.springer.com/chapter/10.1007/978-3-030-85469-0_1","Chapter"
"Event Log Cleaning for Business Process Analytics","Encyclopedia of Big Data Technologies","","","","10.1007/978-3-319-77525-8_87","Andreas Solti","2019","http://link.springer.com/referenceworkentry/10.1007/978-3-319-77525-8_87","ReferenceWorkEntry"
"Visualizing Business Process Evolution","Enterprise, Business-Process and Information Systems Modeling","","","","10.1007/978-3-030-49418-6_12","Anton YeshchenkoDina BayomieSteven GrossJan Mendling","2020","http://link.springer.com/chapter/10.1007/978-3-030-49418-6_12","Chapter"
"Innovations in Smart Cities Applications Volume 4","Lecture Notes in Networks and Systems","","","","10.1007/978-3-030-66840-2","Prof. Dr. Mohamed Ben AhmedProf. Dr. İsmail Rakıp KarașProf. Dr. Domingos SantosDr. Olga SergeyevaProf. Anouar Abdelhakim Boudhir","2021","http://link.springer.com/book/10.1007/978-3-030-66840-2","Book"
"Introduction","Robust Process Mining with Guarantees","","","","10.1007/978-3-030-96655-3_1","Sander J. J. Leemans","2022","http://link.springer.com/chapter/10.1007/978-3-030-96655-3_1","Chapter"
"A Practical Approach for Process Mining in Production Processes","Innovations in Enterprise Information Systems Management and Engineering","","","","10.1007/978-3-319-58801-8_8","Christine NatschlägerFelix KossakChristian LettnerVerena GeistAndreas DenkmayrBeate Käferböck","2017","http://link.springer.com/chapter/10.1007/978-3-319-58801-8_8","Chapter"
"Machine Learning and Knowledge Discovery in Databases","Lecture Notes in Computer Science","","","","10.1007/978-3-031-26390-3","Massih-Reza AminiStéphane CanuAsja FischerTias GunsPetra Kralj NovakGrigorios Tsoumakas","2023","http://link.springer.com/book/10.1007/978-3-031-26390-3","Book"
"Advances in Conceptual Modeling","Lecture Notes in Computer Science","","","","10.1007/978-3-031-47112-4","Tiago Prince SalesJoão AraújoJosé BorbinhaGiancarlo Guizzardi","2023","http://link.springer.com/book/10.1007/978-3-031-47112-4","Book"
"Enhancement & Inductive visual Miner","Robust Process Mining with Guarantees","","","","10.1007/978-3-030-96655-3_9","Sander J. J. Leemans","2022","http://link.springer.com/chapter/10.1007/978-3-030-96655-3_9","Chapter"
"Business Process Management: Blockchain, Robotic Process Automation, and Central and Eastern Europe Forum","Lecture Notes in Business Information Processing","","","","10.1007/978-3-031-16168-1","Andrea MarrellaRaimundas MatulevičiusRenata GabryelczykBernhard AxmannVesna Bosilj VukšićWalid GaaloulMojca Indihar ŠtembergerAndrea KőQinghua Lu","2022","http://link.springer.com/book/10.1007/978-3-031-16168-1","Book"
"Scaling Process Mining to Turn Insights into Actions","Process Mining Handbook","","","","10.1007/978-3-031-08848-3_17","Wil M. P. van der AalstJosep Carmona","2022","http://link.springer.com/chapter/10.1007/978-3-031-08848-3_17","Chapter"
"Lights, Camera, Action! Business Process Movies for Online Process Discovery","Business Process Management Workshops","","","","10.1007/978-3-319-15895-2_34","Andrea BurattinMarta CimitileFabrizio Maria Maggi","2015","http://link.springer.com/chapter/10.1007/978-3-319-15895-2_34","Chapter"
"DyLoPro: Profiling the Dynamics of Event Logs","Business Process Management","","","","10.1007/978-3-031-41620-0_9","Brecht WuytsHans WeytjensSeppe vanden BrouckeJochen De Weerdt","2023","http://link.springer.com/chapter/10.1007/978-3-031-41620-0_9","Chapter"
"Handbook on Business Process Management 1","International Handbooks on Information Systems","","","","10.1007/978-3-642-45100-3","Jan vom BrockeMichael Rosemann","2015","http://link.springer.com/book/10.1007/978-3-642-45100-3","Book"
"Artificial Intelligence for Information Management: A Healthcare Perspective","Studies in Big Data","","","","10.1007/978-981-16-0415-7","Dr. K. G. SrinivasaDr. Siddesh G. M.Dr. S. R. Mani Sekhar","2021","http://link.springer.com/book/10.1007/978-981-16-0415-7","Book"
"Event Streams","Process Mining Techniques in Business Environments","","","","10.1007/978-3-319-17482-2_7","Andrea Burattin","2015","http://link.springer.com/chapter/10.1007/978-3-319-17482-2_7","Chapter"
"Online Decision Mining and Monitoring in Process-Aware Information Systems","Conceptual Modeling","","","","10.1007/978-3-031-17995-2_19","Beate ScheibelStefanie Rinderle-Ma","2022","http://link.springer.com/chapter/10.1007/978-3-031-17995-2_19","Chapter"
"Performance-preserving event log sampling for predictive monitoring","Journal of Intelligent Information Systems","","61","1","10.1007/s10844-022-00775-9","Mohammadreza Fani SaniMozhgan VazifehdoostiraniGyunam ParkMarco PegoraroSebastiaan J. van ZelstWil M. P. van der Aalst","2023","http://link.springer.com/article/10.1007/s10844-022-00775-9","Article"
"Event Log Sampling for Predictive Monitoring","Process Mining Workshops","","","","10.1007/978-3-030-98581-3_12","Mohammadreza Fani SaniMozhgan VazifehdoostiraniGyunam ParkMarco PegoraroSebastiaan J. van ZelstWil M. P. van der Aalst","2022","http://link.springer.com/chapter/10.1007/978-3-030-98581-3_12","Chapter"
"From Process-Agnostic to Process-Aware Automation, Mining, and Prediction","Application and Theory of Petri Nets and Concurrency","","","","10.1007/978-3-031-33620-1_1","Stefanie Rinderle-MaJanik-Vasily BenzinJuergen Mangler","2023","http://link.springer.com/chapter/10.1007/978-3-031-33620-1_1","Chapter"
"Advanced Process Discovery Techniques","Process Mining","","","","10.1007/978-3-662-49851-4_7","Wil van der Aalst","2016","http://link.springer.com/chapter/10.1007/978-3-662-49851-4_7","Chapter"
"Conformance Checking","Process Mining","","","","10.1007/978-3-662-49851-4_8","Wil van der Aalst","2016","http://link.springer.com/chapter/10.1007/978-3-662-49851-4_8","Chapter"
"Interactive Process Mining in IoT and Human Behaviour Modelling","Interactive Process Mining in Healthcare","","","","10.1007/978-3-030-53993-1_13","Juan J. LullJosé L. BayoMohsen ShiraliMona GhassemianCarlos Fernandez-Llatas","2021","http://link.springer.com/chapter/10.1007/978-3-030-53993-1_13","Chapter"
"Production at the Leading Edge of Technology","Lecture Notes in Production Engineering","","","","10.1007/978-3-030-78424-9","Prof. Dr. Bernd-Arno BehrensProf. Dr. Alexander BrosiusProf. Dr. Welf-Guntram DrosselProf. Dr. Wolfgang HintzeProf. Dr. Steffen IhlenfeldtProf. Dr. Peter Nyhuis","2022","http://link.springer.com/book/10.1007/978-3-030-78424-9","Book"
"Detecting and Identifying Data Drifts in Process Event Streams Based on Process Histories","Information Systems Engineering in Responsible Information Systems","","","","10.1007/978-3-030-21297-1_21","Florian StertzStefanie Rinderle-Ma","2019","http://link.springer.com/chapter/10.1007/978-3-030-21297-1_21","Chapter"
"Generating Reliable Process Event Streams and Time Series Data Based on Neural Networks","Enterprise, Business-Process and Information Systems Modeling","","","","10.1007/978-3-030-79186-5_6","Tobias HerbertJuergen ManglerStefanie Rinderle-Ma","2021","http://link.springer.com/chapter/10.1007/978-3-030-79186-5_6","Chapter"
"Computational Science – ICCS 2020","Lecture Notes in Computer Science","","","","10.1007/978-3-030-50423-6","Dr. Valeria V. KrzhizhanovskayaDr. Gábor ZávodszkyMichael H. LeesProf. Jack J. DongarraProf. Dr. Peter M. A. SlootSérgio BrissosJoão Teixeira","2020","http://link.springer.com/book/10.1007/978-3-030-50423-6","Book"
"Data Quality Assessment to Apply Process Mining in Production Processes","Production at the Leading Edge of Technology","","","","10.1007/978-3-030-78424-9_57","Henning NeumannMoritz Müller-RodenSeth SchmitzAndreas GützlaffGünther Schuh","2022","http://link.springer.com/chapter/10.1007/978-3-030-78424-9_57","Chapter"
"New Trends in Computer Technologies and Applications","Communications in Computer and Information Science","","","","10.1007/978-981-19-9582-8","Sun-Yuan HsiehLing-Ju HungRalf KlasingChia-Wei LeeSheng-Lung Peng","2022","http://link.springer.com/book/10.1007/978-981-19-9582-8","Book"
"Machine Learning and Principles and Practice of Knowledge Discovery in Databases","Communications in Computer and Information Science","","","","10.1007/978-3-031-23633-4","Irena KoprinskaPaolo MignoneRiccardo GuidottiSzymon JaroszewiczHolger FröningFrancesco GulloPedro M. FerreiraDamian RoqueiroGaia CeddiaSlawomir NowaczykJoão GamaRita RibeiroRicard GavaldàElio MasciariZbigniew RasEttore RitaccoFrancesca NarettoAndreas TheisslerPrzemyslaw BiecekWouter VerbekeGregor SchieleFranz PernkopfMichaela BlottIlaria BordinoIvan Luciano DanesiGiovanni PontiLorenzo SeveriniAnnalisa AppiceGiuseppina AndresiniIbéria MedeirosGuilherme GraçaLee CooperNaghmeh GhazalehJonas RichiardiDiego SaldanaKonstantinos SechidisArif CanakogluSara PidoPietro PinoliAlbert BifetSepideh Pashami","2023","http://link.springer.com/book/10.1007/978-3-031-23633-4","Book"
"Conformance Checking","Process Mining","","","","10.1007/978-3-642-19345-3_7","Wil M. P. van der Aalst","2011","http://link.springer.com/chapter/10.1007/978-3-642-19345-3_7","Chapter"
"How do I update my model? On the resilience of Predictive Process Monitoring models to change","Knowledge and Information Systems","","64","5","10.1007/s10115-022-01666-9","Williams RizziChiara Di FrancescomarinoChiara GhidiniFabrizio Maria Maggi","2022","http://link.springer.com/article/10.1007/s10115-022-01666-9","Article"
"Visualizing Token Flows Using Interactive Performance Spectra","Application and Theory of Petri Nets and Concurrency","","","","10.1007/978-3-030-51831-8_18","Wil M. P. van der AalstDaniel Tacke Genannt UnterbergVadim DenisovDirk Fahland","2020","http://link.springer.com/chapter/10.1007/978-3-030-51831-8_18","Chapter"
"Healthcare Data Visualization","Artificial Intelligence for Information Management: A Healthcare Perspective","","","","10.1007/978-981-16-0415-7_9","M. V. Manoj KumarB. S. PrashanthAditya ShastryH. A. SanjayH. R. Sneha","2021","http://link.springer.com/chapter/10.1007/978-981-16-0415-7_9","Chapter"
"Intellectual Capital, Smart Technologies and Digitalization","SIDREA Series in Accounting and Business Administration","","","","10.1007/978-3-030-80737-5","Maria Serena ChiucchiRosa LombardiDaniela Mancini","2021","http://link.springer.com/book/10.1007/978-3-030-80737-5","Book"
"Dynamic Constructs Competition Miner - Occurrence- vs. Time-Based Ageing","Data-Driven Process Discovery and Analysis","","","","10.1007/978-3-319-27243-6_4","David RedlichThomas MolkaWasif GilaniGordon BlairAwais Rashid","2015","http://link.springer.com/chapter/10.1007/978-3-319-27243-6_4","Chapter"
"Soft Computing and Signal Processing","Advances in Intelligent Systems and Computing","","","","10.1007/978-981-16-1249-7","Dr. V. Sivakumar ReddyDr. V. Kamakshi PrasadJiacun WangDr. K. T. V. Reddy","2022","http://link.springer.com/book/10.1007/978-981-16-1249-7","Book"
"Epilogue","Process Mining","","","","10.1007/978-3-662-49851-4_16","Wil van der Aalst","2016","http://link.springer.com/chapter/10.1007/978-3-662-49851-4_16","Chapter"
"Are Similar Cases Treated Similarly? A Comparison Between Process Workers","Business Information Systems","","","","10.1007/978-3-030-20482-2_14","Mark PijnenburgWojtek Kowalczyk","2019","http://link.springer.com/chapter/10.1007/978-3-030-20482-2_14","Chapter"
"Service-Oriented and Cloud Computing","Lecture Notes in Computer Science","","","","10.1007/978-3-031-46235-1","George A. PapadopoulosFlorian RademacherJacopo Soldani","2023","http://link.springer.com/book/10.1007/978-3-031-46235-1","Book"
"RT-PLG: Real Time Process Log Generator","Information Systems Architecture and Technology: Proceedings of 36th International Conference on Information Systems Architecture and Technology – ISAT 2015 – Part III","","","","10.1007/978-3-319-28564-1_11","Bernardo Nugroho YahyaYohanes KhosiawanWoosik ChoiNgoc Anh Dung Do","2016","http://link.springer.com/chapter/10.1007/978-3-319-28564-1_11","Chapter"
"Advanced Process Discovery Techniques","Process Mining","","","","10.1007/978-3-642-19345-3_6","Wil M. P. van der Aalst","2011","http://link.springer.com/chapter/10.1007/978-3-642-19345-3_6","Chapter"
"A Real-Time Method for Detecting Temporary Process Variants in Event Log Data","Business Process Management","","","","10.1007/978-3-030-85469-0_14","Sudhanshu ChouhanAnna WilbikRemco Dijkman","2021","http://link.springer.com/chapter/10.1007/978-3-030-85469-0_14","Chapter"
"Information Processing and Management of Uncertainty in Knowledge-Based Systems","Communications in Computer and Information Science","","","","10.1007/978-3-031-08974-9","Davide CiucciProf. Dr. Inés CousoJesús MedinaDominik ŚlęzakProf. Davide PetturitiProf. Dr. Bernadette Bouchon-MeunierProf. Ronald R. Yager","2022","http://link.springer.com/book/10.1007/978-3-031-08974-9","Book"
"Building User Journey Games from Multi-party Event Logs","Process Mining Workshops","","","","10.1007/978-3-031-27815-0_6","Paul KobialkaFelix MannhardtSilvia Lizeth Tapia TarifaEinar Broch Johnsen","2023","http://link.springer.com/chapter/10.1007/978-3-031-27815-0_6","Chapter"
"Artificial Intelligence in Medicine","Lecture Notes in Computer Science","","","","10.1007/978-3-031-34344-5","Jose M. JuarezMar MarcosGregor StiglicAllan Tucker","2023","http://link.springer.com/book/10.1007/978-3-031-34344-5","Book"
"Automated Analysis with Event Log Enrichment of the European Public Procurement Processes","Advances in Conceptual Modeling","","","","10.1007/978-3-031-47112-4_17","Roberto NaiEmilio SulisLaura Genga","2023","http://link.springer.com/chapter/10.1007/978-3-031-47112-4_17","Chapter"
"Evaluation","Robust Process Mining with Guarantees","","","","10.1007/978-3-030-96655-3_8","Sander J. J. Leemans","2022","http://link.springer.com/chapter/10.1007/978-3-030-96655-3_8","Chapter"
"Transforming Event Knowledge Graph to Object-Centric Event Logs: A Comparative Study for Multi-dimensional Process Analysis","Conceptual Modeling","","","","10.1007/978-3-031-47262-6_12","Shahrzad KhayatbashiOlaf HartigAmin Jalali","2023","http://link.springer.com/chapter/10.1007/978-3-031-47262-6_12","Chapter"
"Epilogue","Process Mining","","","","10.1007/978-3-642-19345-3_14","Wil M. P. van der Aalst","2011","http://link.springer.com/chapter/10.1007/978-3-642-19345-3_14","Chapter"
"A Multi-level Approach for Identifying Process Change in Cancer Pathways","Business Process Management Workshops","","","","10.1007/978-3-030-37453-2_48","Angelina Prima KurniatiCiarán McInerneyKieran ZuckerGeoff HallDavid HoggOwen Johnson","2019","http://link.springer.com/chapter/10.1007/978-3-030-37453-2_48","Chapter"
"Evaluating Predictive Business Process Monitoring Approaches on Small Event Logs","Quality of Information and Communications Technology","","","","10.1007/978-3-030-85347-1_13","Martin KäppelStefan JablonskiStefan Schönig","2021","http://link.springer.com/chapter/10.1007/978-3-030-85347-1_13","Chapter"
"Graph Autoencoders for Business Process Anomaly Detection","Business Process Management","","","","10.1007/978-3-030-85469-0_26","Siyu HuoHagen VölzerPrabhat ReddyPrerna AgarwalVatche IsahagianVinod Muthusamy","2021","http://link.springer.com/chapter/10.1007/978-3-030-85469-0_26","Chapter"
"New Trends in Database and Information Systems","Communications in Computer and Information Science","","","","10.1007/978-3-031-15743-1","Silvia ChiusanoTania CerquitelliRobert WrembelKjetil NørvågBarbara CataniaGenoveva Vargas-SolarEster Zumpano","2022","http://link.springer.com/book/10.1007/978-3-031-15743-1","Book"
"A Framework for the Multi-modal Analysis of Novel Behavior in Business Processes","Intelligent Data Engineering and Automated Learning – IDEAL 2020","","","","10.1007/978-3-030-62362-3_6","Antonino RulloAntonella GuzzoEdoardo SerraErika Tirrito","2020","http://link.springer.com/chapter/10.1007/978-3-030-62362-3_6","Chapter"
"Artificial Intelligence and Soft Computing","Lecture Notes in Computer Science","","","","10.1007/978-3-030-87986-0","Prof. Leszek RutkowskiDr. Rafał SchererMarcin KorytkowskiWitold PedryczProf. Ryszard TadeusiewiczDr. Jacek M. Zurada","2021","http://link.springer.com/book/10.1007/978-3-030-87986-0","Book"
"User Behavior Mining","Business & Information Systems Engineering","","","","10.1007/s12599-023-00848-1","Jana-Rebecca RehseLuka AbbGregor BergCarsten BormannTimotheus KampikChristian Warmuth","2024","http://link.springer.com/article/10.1007/s12599-023-00848-1","Article"
"Digital Shadows: Infrastructuring the Internet of Production","Internet of Production","","","","10.1007/978-3-031-44497-5_25","Wil van der AalstMatthias JarkeIstván KorenChristoph Quix","2024","http://link.springer.com/chapter/10.1007/978-3-031-44497-5_25","Chapter"
"Digital Shadows: Infrastructuring the Internet of Production","Internet of Production","","","","10.1007/978-3-030-98062-7_25-1","Wil M. P. van der AalstMatthias JarkeIstván KorenChristoph Quix","2023","http://link.springer.com/referenceworkentry/10.1007/978-3-030-98062-7_25-1","ReferenceWorkEntry"
"Process Analysis","Fundamentals of Business Intelligence","","","","10.1007/978-3-662-46531-8_7","Wilfried GrossmannStefanie Rinderle-Ma","2015","http://link.springer.com/chapter/10.1007/978-3-662-46531-8_7","Chapter"
"On Enabling GDPR Compliance in Business Processes Through Data-Driven Solutions","SN Computer Science","","1","4","10.1007/s42979-020-00215-x","Rashid ZamanMarwan Hassani","2020","http://link.springer.com/article/10.1007/s42979-020-00215-x","Article"
"Updating Prediction Models for Predictive Process Monitoring","Advanced Information Systems Engineering","","","","10.1007/978-3-031-07472-1_18","Alfonso E. Márquez-ChamorroIsabel A. Nepomuceno-ChamorroManuel ResinasAntonio Ruiz-Cortés","2022","http://link.springer.com/chapter/10.1007/978-3-031-07472-1_18","Chapter"
"Exposing Impediments to Insurance Claims Processing","Business Process Management Cases","","","","10.1007/978-3-319-58307-5_15","Robert AndrewsMoe WynnArthur H. M ter HofstedeJingxin XuKylie HortonPaul TaylorSue Plunkett-Cole","2018","http://link.springer.com/chapter/10.1007/978-3-319-58307-5_15","Chapter"
"Deep Learning Theory and Applications","Communications in Computer and Information Science","","","","10.1007/978-3-031-39059-3","Donatello ConteAna FredOleg GusikhinCarlo Sansone","2023","http://link.springer.com/book/10.1007/978-3-031-39059-3","Book"
"Intelligent Distributed Computing XIV","Studies in Computational Intelligence","","","","10.1007/978-3-030-96627-0","David CamachoProf. Domenico RosaciProf. Giuseppe M. L. SarnéMario Versaci","2022","http://link.springer.com/book/10.1007/978-3-030-96627-0","Book"
"Multi-perspective Process Analysis: Mining the Association Between Control Flow and Data Objects","Advanced Information Systems Engineering","","","","10.1007/978-3-031-07472-1_5","Dina BayomieKate RevoredoJan Mendling","2022","http://link.springer.com/chapter/10.1007/978-3-031-07472-1_5","Chapter"
"An Extensible Framework for Analysing Resource Behaviour Using Event Logs","Advanced Information Systems Engineering","","","","10.1007/978-3-319-07881-6_38","Anastasiia PikaMoe T. WynnColin J. FidgeArthur H. M. ter HofstedeMichael LeyerWil M. P. van der Aalst","2014","http://link.springer.com/chapter/10.1007/978-3-319-07881-6_38","Chapter"
"On the use of domain knowledge for process model repair","Software and Systems Modeling","","22","4","10.1007/s10270-022-01067-0","Kate Revoredo","2023","http://link.springer.com/article/10.1007/s10270-022-01067-0","Article"
"Conclusion","Robust Process Mining with Guarantees","","","","10.1007/978-3-030-96655-3_10","Sander J. J. Leemans","2022","http://link.springer.com/chapter/10.1007/978-3-030-96655-3_10","Chapter"
"Log-Based Understanding of Business Processes through Temporal Logic Query Checking","On the Move to Meaningful Internet Systems: OTM 2014 Conferences","","","","10.1007/978-3-662-45563-0_5","Margus RäimClaudio Di CiccioFabrizio Maria MaggiMassimo MecellaJan Mendling","2014","http://link.springer.com/chapter/10.1007/978-3-662-45563-0_5","Chapter"
"Active Anomaly Detection for Key Item Selection in Process Auditing","Process Mining Workshops","","","","10.1007/978-3-030-98581-3_13","Ruben PostIris BeerepootXixi LuStijn KasSebastiaan WiewelAngelique KoopmanHajo Reijers","2022","http://link.springer.com/chapter/10.1007/978-3-030-98581-3_13","Chapter"
"Big Data and Business Analytics: Definitions and Implications in the Business Environment","Intellectual Capital, Smart Technologies and Digitalization","","","","10.1007/978-3-030-80737-5_8","Marisa AgostiniAlessandro Spano","2021","http://link.springer.com/chapter/10.1007/978-3-030-80737-5_8","Chapter"
"Agents and Multi-agent Systems: Technologies and Applications 2023","Smart Innovation, Systems and Technologies","","","","10.1007/978-981-99-3068-5","Gordan JezicJ. Chen-BurgerM. KusekR. SperkaR. J. HowlettLakhmi C. Jain","2023","http://link.springer.com/book/10.1007/978-981-99-3068-5","Book"
"Detecting Model Changes in Organisational Processes: A Cloud-Based Approach","Service-Oriented and Cloud Computing","","","","10.1007/978-3-031-46235-1_15","J. FabraV. Gallego-FontenlaJ. C. VidalJ. García de QuirósP. ÁlvarezM. LamaA. BugarínA. Ramos-Soto","2023","http://link.springer.com/chapter/10.1007/978-3-031-46235-1_15","Chapter"
"Complex Event Processing Methods for Process Querying","Process Querying Methods","","","","10.1007/978-3-030-92875-9_17","Han van der AaAlexander ArtikisMatthias Weidlich","2022","http://link.springer.com/chapter/10.1007/978-3-030-92875-9_17","Chapter"
"Business Process Simulation Survival Guide","Handbook on Business Process Management 1","","","","10.1007/978-3-642-45100-3_15","Wil M. P. van der Aalst","2015","http://link.springer.com/chapter/10.1007/978-3-642-45100-3_15","Chapter"
"Discovery Science","Lecture Notes in Computer Science","","","","10.1007/978-3-030-88942-5","Carlos SoaresLuis Torgo","2021","http://link.springer.com/book/10.1007/978-3-030-88942-5","Book"
"Enterprise Information Systems","Lecture Notes in Business Information Processing","","","","10.1007/978-3-030-75418-1","Prof. Dr. Joaquim FilipeMichał ŚmiałekAlexander BrodskySlimane Hammoudi","2021","http://link.springer.com/book/10.1007/978-3-030-75418-1","Book"
"Composing Model-Based Analysis Tools","","","","","10.1007/978-3-030-81915-6","Dr. Robert HeinrichProf. Francisco DuránDr. Carolyn TalcottDr. Steffen Zschaler","2021","http://link.springer.com/book/10.1007/978-3-030-81915-6","Book"
"Advances in Knowledge Discovery and Data Mining","Lecture Notes in Computer Science","","","","10.1007/978-3-030-75762-5","Prof. Kamal KarlapalemHong ChengNaren RamakrishnanR. K. AgrawalP. Krishna ReddyDr. Jaideep SrivastavaAssist. Prof. Tanmoy Chakraborty","2021","http://link.springer.com/book/10.1007/978-3-030-75762-5","Book"
"The Practice of Enterprise Modeling","Lecture Notes in Business Information Processing","","","","10.1007/978-3-030-91279-6","Prof. Estefanía SerralJanis StirnaDr. Jolita RalytéProf. Jānis Grabis","2021","http://link.springer.com/book/10.1007/978-3-030-91279-6","Book"
"Process Modeling and Conformance Checking in Healthcare: A COVID-19 Case Study","Process Mining Workshops","","","","10.1007/978-3-031-27815-0_23","Elisabetta BeneventoMarco PegoraroMattia AntoniazziHarry H. BeyelViki PeevaPaul BalfanzWil M. P. van der AalstLukas MartinGernot Marx","2023","http://link.springer.com/chapter/10.1007/978-3-031-27815-0_23","Chapter"
"Introduction","Process Mining Techniques in Business Environments","","","","10.1007/978-3-319-17482-2_1","Andrea Burattin","2015","http://link.springer.com/chapter/10.1007/978-3-319-17482-2_1","Chapter"
"Computer Aided Systems Theory – EUROCAST 2022","Lecture Notes in Computer Science","","","","10.1007/978-3-031-25312-6","Roberto Moreno-DíazFranz PichlerAlexis Quesada-Arencibia","2022","http://link.springer.com/book/10.1007/978-3-031-25312-6","Book"
"Repairing Alignments of Process Models","Business & Information Systems Engineering","","62","4","10.1007/s12599-019-00601-7","Sebastiaan J. van ZelstJoos C. A. M. BuijsBorja Vázquez-BarreirosManuel LamaManuel Mucientes","2020","http://link.springer.com/article/10.1007/s12599-019-00601-7","Article"
"Foundations of Process Enhancement","Process Mining Handbook","","","","10.1007/978-3-031-08848-3_8","Massimiliano de Leoni","2022","http://link.springer.com/chapter/10.1007/978-3-031-08848-3_8","Chapter"
"An End-to-End Approach for Online Decision Mining and Decision Drift Analysis in Process-Aware Information Systems","Intelligent Information Systems","","","","10.1007/978-3-031-34674-3_3","Beate ScheibelStefanie Rinderle-Ma","2023","http://link.springer.com/chapter/10.1007/978-3-031-34674-3_3","Chapter"
"Proceedings of Second Doctoral Symposium on Computational Intelligence","Advances in Intelligent Systems and Computing","","","","10.1007/978-981-16-3346-1","Dr. Deepak GuptaDr. Ashish KhannaProf. Vineet KansalProf. Giancarlo FortinoProf. Aboul Ella Hassanien","2022","http://link.springer.com/book/10.1007/978-981-16-3346-1","Book"
"Connected, Digitalized Welding Production—Secure, Ubiquitous Utilization of Data Across Process Layers","Advanced Joining Processes","","","","10.1007/978-981-15-2957-3_8","S. MannJ. PennekampT. BrockhoffA. FarhangM. PourbafraniL. OsterM. S. UysalR. SharmaU. ReisgenK. WehrleW. M. P. van der Aalst","2020","http://link.springer.com/chapter/10.1007/978-981-15-2957-3_8","Chapter"
"Comparing Trace Similarity Metrics Across Logs and Evaluation Measures","Advanced Information Systems Engineering","","","","10.1007/978-3-031-34560-9_14","Christoffer Olling BackJakob Grue Simonsen","2023","http://link.springer.com/chapter/10.1007/978-3-031-34560-9_14","Chapter"
"Enhancing Process Models to Improve Business Performance: A Methodology and Case Studies","On the Move to Meaningful Internet Systems. OTM 2017 Conferences","","","","10.1007/978-3-319-69462-7_15","Marcus DeesMassimiliano de LeoniFelix Mannhardt","2017","http://link.springer.com/chapter/10.1007/978-3-319-69462-7_15","Chapter"
"Analyzing business process anomalies using autoencoders","Machine Learning","","107","11","10.1007/s10994-018-5702-8","Timo NolleStefan LuettgenAlexander SeeligerMax Mühlhäuser","2018","http://link.springer.com/article/10.1007/s10994-018-5702-8","Article"
"Comprehensive Survey on Deep Learning Approaches in Predictive Business Process Monitoring","Modern Approaches in Machine Learning and Cognitive Science: A Walkthrough","","","","10.1007/978-3-030-38445-6_9","Nitin HaraneSheetal Rathi","2020","http://link.springer.com/chapter/10.1007/978-3-030-38445-6_9","Chapter"
"A Framework for Online Conformance Checking","Business Process Management Workshops","","","","10.1007/978-3-319-74030-0_12","Andrea BurattinJosep Carmona","2018","http://link.springer.com/chapter/10.1007/978-3-319-74030-0_12","Chapter"
"Change Detection in Dynamic Event Attributes","Business Process Management Forum","","","","10.1007/978-3-031-16171-1_10","Jonas CremeriusMathias Weske","2022","http://link.springer.com/chapter/10.1007/978-3-031-16171-1_10","Chapter"
"Adaptable Cross-organizational Unstructured Business Processes via Dynamic Rule-based Semantic Network","Information Systems Frontiers","","22","3","10.1007/s10796-018-9886-z","Ehsan AlirezaeiSaeed Parsa","2020","http://link.springer.com/article/10.1007/s10796-018-9886-z","Article"
"Repairing Alignments: Striking the Right Nerve","Enterprise, Business-Process and Information Systems Modeling","","","","10.1007/978-3-319-39429-9_17","Borja Vázquez-BarreirosSebastian J. van ZelstJoos C. A. M. BuijsManuel LamaManuel Mucientes","2016","http://link.springer.com/chapter/10.1007/978-3-319-39429-9_17","Chapter"
"Business Process Variant Analysis Based on Mutual Fingerprints of Event Logs","Advanced Information Systems Engineering","","","","10.1007/978-3-030-49435-3_19","Farbod TaymouriMarcello La RosaJosep Carmona","2020","http://link.springer.com/chapter/10.1007/978-3-030-49435-3_19","Chapter"
"BINet: Multivariate Business Process Anomaly Detection Using Deep Learning","Business Process Management","","","","10.1007/978-3-319-98648-7_16","Timo NolleAlexander SeeligerMax Mühlhäuser","2018","http://link.springer.com/chapter/10.1007/978-3-319-98648-7_16","Chapter"
"Discovery Science","Lecture Notes in Computer Science","","","","10.1007/978-3-031-18840-4","Poncelet PascalDino Ienco","2022","http://link.springer.com/book/10.1007/978-3-031-18840-4","Book"
"Research Challenges for Business Process Models at Run-Time","Models@run.time","","","","10.1007/978-3-319-08915-7_8","David RedlichGordon BlairAwais RashidThomas MolkaWasif Gilani","2014","http://link.springer.com/chapter/10.1007/978-3-319-08915-7_8","Chapter"
"Parameter Distribution Ensemble Learning for Sudden Concept Drift Detection","Intelligent Information and Database Systems","","","","10.1007/978-3-031-21967-2_16","Khanh-Tung NguyenTrung TranAnh-Duc NguyenXuan-Hieu PhanQuang-Thuy Ha","2022","http://link.springer.com/chapter/10.1007/978-3-031-21967-2_16","Chapter"
"Web Information Systems Engineering – WISE 2023","Lecture Notes in Computer Science","","","","10.1007/978-981-99-7254-8","Feng ZhangHua WangMahmoud BarhamgiLu ChenRui Zhou","2023","http://link.springer.com/book/10.1007/978-981-99-7254-8","Book"
"Multidimensional Process Analytics","Encyclopedia of Big Data Technologies","","","","10.1007/978-3-319-63962-8_97-1","Stefanie Rinderle-Ma","2018","http://link.springer.com/referenceworkentry/10.1007/978-3-319-63962-8_97-1","ReferenceWorkEntry"
"Multidimensional Process Analytics","Encyclopedia of Big Data Technologies","","","","10.1007/978-3-319-77525-8_97","Stefanie Rinderle-Ma","2019","http://link.springer.com/referenceworkentry/10.1007/978-3-319-77525-8_97","ReferenceWorkEntry"
"Product Lifecycle Management Enabling Smart X","IFIP Advances in Information and Communication Technology","","","","10.1007/978-3-030-62807-9","Prof. Dr. Felix NyffeneggerJosé RíosLouis RivestProf. Dr. Abdelaziz Bouras","2020","http://link.springer.com/book/10.1007/978-3-030-62807-9","Book"
"Video-to-Model: Unsupervised Trace Extraction from Videos for Process Discovery and Conformance Checking in Manual Assembly","Business Process Management","","","","10.1007/978-3-030-58666-9_17","Sönke KnochShreeraman PonpathirkoottamTim Schwartz","2020","http://link.springer.com/chapter/10.1007/978-3-030-58666-9_17","Chapter"
"Predictive End-to-End Enterprise Process Network Monitoring","Business & Information Systems Engineering","","65","1","10.1007/s12599-022-00778-4","Felix OberdorfMyriam SchaschekSven WeinzierlNikolai SteinMartin MatznerChristoph M. Flath","2023","http://link.springer.com/article/10.1007/s12599-022-00778-4","Article"
"Exploring Processes and Deviations","Business Process Management Workshops","","","","10.1007/978-3-319-15895-2_26","Sander J. J. LeemansDirk FahlandWil M. P. van der Aalst","2015","http://link.springer.com/chapter/10.1007/978-3-319-15895-2_26","Chapter"
"act2vec, trace2vec, log2vec, and model2vec: Representation Learning for Business Processes","Business Process Management","","","","10.1007/978-3-319-98648-7_18","Pieter De KoninckSeppe vanden BrouckeJochen De Weerdt","2018","http://link.springer.com/chapter/10.1007/978-3-319-98648-7_18","Chapter"
"Foundations of Intelligent Systems","Lecture Notes in Computer Science","","","","10.1007/978-3-031-16564-1","Michelangelo CeciSergio FlescaElio MasciariGiuseppe MancoZbigniew W. Raś","2022","http://link.springer.com/book/10.1007/978-3-031-16564-1","Book"
"Preliminaries","Robust Process Mining with Guarantees","","","","10.1007/978-3-030-96655-3_2","Sander J. J. Leemans","2022","http://link.springer.com/chapter/10.1007/978-3-030-96655-3_2","Chapter"
"An Overview of Concept Drift Applications","Big Data Analysis: New Algorithms for a New Society","","","","10.1007/978-3-319-26989-4_4","Indrė ŽliobaitėMykola PechenizkiyJoão Gama","2016","http://link.springer.com/chapter/10.1007/978-3-319-26989-4_4","Chapter"
"Future Data and Security Engineering. Big Data, Security and Privacy, Smart City and Industry 4.0 Applications","Communications in Computer and Information Science","","","","10.1007/978-981-99-8296-7","Tran Khanh DangJosef KüngTai M. Chung","2023","http://link.springer.com/book/10.1007/978-981-99-8296-7","Book"
"Unbiased, Fine-Grained Description of Processes Performance from Event Data","Business Process Management","","","","10.1007/978-3-319-98648-7_9","Vadim DenisovDirk FahlandWil M. P. van der Aalst","2018","http://link.springer.com/chapter/10.1007/978-3-319-98648-7_9","Chapter"
"Advances in Artificial Intelligence and Applied Cognitive Computing","Transactions on Computational Science and Computational Intelligence","","","","10.1007/978-3-030-70296-0","Hamid R. ArabniaKen FerensDavid de la FuenteElena B. KozerenkoJosé Angel Olivas VarelaFernando G. Tinetti","2021","http://link.springer.com/book/10.1007/978-3-030-70296-0","Book"
"Conformance Checking","Robust Process Mining with Guarantees","","","","10.1007/978-3-030-96655-3_7","Sander J. J. Leemans","2022","http://link.springer.com/chapter/10.1007/978-3-030-96655-3_7","Chapter"
"Structural and Behavioral Biases in Process Comparison Using Models and Logs","Conceptual Modeling","","","","10.1007/978-3-030-89022-3_6","Anna KalenkovaArtem PolyvyanyyMarcello La Rosa","2021","http://link.springer.com/chapter/10.1007/978-3-030-89022-3_6","Chapter"
"Selecting Optimal Trace Clustering Pipelines with Meta-learning","Intelligent Systems","","","","10.1007/978-3-031-21686-2_11","Gabriel Marques TavaresSylvio Barbon JuniorErnesto DamianiPaolo Ceravolo","2022","http://link.springer.com/chapter/10.1007/978-3-031-21686-2_11","Chapter"
"Trace Clustering","Encyclopedia of Big Data Technologies","","","","10.1007/978-3-319-63962-8_91-1","Jochen De Weerdt","2018","http://link.springer.com/referenceworkentry/10.1007/978-3-319-63962-8_91-1","ReferenceWorkEntry"
"Computational Collective Intelligence","Lecture Notes in Computer Science","","","","10.1007/978-3-031-41456-5","Ngoc Thanh NguyenJános BotzheimLászló GulyásManuel NúñezJan TreurGottfried VossenAdrianna Kozierkiewicz","2023","http://link.springer.com/book/10.1007/978-3-031-41456-5","Book"
"Decision Mining with Time Series Data Based on Automatic Feature Generation","Advanced Information Systems Engineering","","","","10.1007/978-3-031-07472-1_1","Beate ScheibelStefanie Rinderle-Ma","2022","http://link.springer.com/chapter/10.1007/978-3-031-07472-1_1","Chapter"
"Uncertainty in Predictive Process Monitoring","Information Processing and Management of Uncertainty in Knowledge-Based Systems","","","","10.1007/978-3-031-08974-9_44","Pietro PortolaniAlessandro BrusaferriAndrea BallarinoMatteo Matteucci","2022","http://link.springer.com/chapter/10.1007/978-3-031-08974-9_44","Chapter"
"Process Model Forecasting Using Time Series Analysis of Event Sequence Data","Conceptual Modeling","","","","10.1007/978-3-030-89022-3_5","Johannes De SmedtAnton YeshchenkoArtem PolyvyanyyJochen De WeerdtJan Mendling","2021","http://link.springer.com/chapter/10.1007/978-3-030-89022-3_5","Chapter"
"Trace Clustering","Encyclopedia of Big Data Technologies","","","","10.1007/978-3-319-77525-8_91","Jochen De Weerdt","2019","http://link.springer.com/referenceworkentry/10.1007/978-3-319-77525-8_91","ReferenceWorkEntry"
"Proceedings of Third International Conference on Sustainable Expert Systems","Lecture Notes in Networks and Systems","","","","10.1007/978-981-19-7874-6","Subarna ShakyaValentina Emilia BalasWang Haoxiang","2023","http://link.springer.com/book/10.1007/978-981-19-7874-6","Book"
"Continual Model-Based Analysis","Composing Model-Based Analysis Tools","","","","10.1007/978-3-030-81915-6_6","Kenneth JohnsonMarc ZellerArthur VetterDaniel Varro","2021","http://link.springer.com/chapter/10.1007/978-3-030-81915-6_6","Chapter"
"Can I Trust My Simulation Model? Measuring the Quality of Business Process Simulation Models","Business Process Management","","","","10.1007/978-3-031-41620-0_2","David Chapela-CampaIsmail BenchekrounOpher BaronMarlon DumasDmitry KrassArik Senderovich","2023","http://link.springer.com/chapter/10.1007/978-3-031-41620-0_2","Chapter"
"Classifying and Detecting Task Executions and Routines in Processes Using Event Graphs","Business Process Management Forum","","","","10.1007/978-3-030-85440-9_13","Eva L. KlijnFelix MannhardtDirk Fahland","2021","http://link.springer.com/chapter/10.1007/978-3-030-85440-9_13","Chapter"
"Finding Process Variants in Event Logs","On the Move to Meaningful Internet Systems. OTM 2017 Conferences","","","","10.1007/978-3-319-69462-7_4","Alfredo BoltWil M. P. van der AalstMassimiliano de Leoni","2017","http://link.springer.com/chapter/10.1007/978-3-319-69462-7_4","Chapter"
"The Semantic Web","Lecture Notes in Computer Science","","","","10.1007/978-3-319-93417-4","Dr. Aldo GangemiProf. Roberto NavigliMaria-Esther VidalProf. Dr. Pascal HitzlerRaphaël TroncyLaura HollinkAnna TordaiMehwish Alam","2018","http://link.springer.com/book/10.1007/978-3-319-93417-4","Book"
"Intelligent Systems Design and Applications","Lecture Notes in Networks and Systems","","","","10.1007/978-3-031-35510-3","Ajith AbrahamSabri PllanaGabriella CasalinoKun MaAnu Bajaj","2023","http://link.springer.com/book/10.1007/978-3-031-35510-3","Book"
"Alignment-Based Trace Clustering","Conceptual Modeling","","","","10.1007/978-3-319-69904-2_24","Thomas ChatainJosep CarmonaBoudewijn van Dongen","2017","http://link.springer.com/chapter/10.1007/978-3-319-69904-2_24","Chapter"
"A Repair of Workflow Models Based on Mirroring Matrices","International Journal of Parallel Programming","","45","4","10.1007/s10766-016-0438-1","Yanan SunYuyue DuMaozhen Li","2017","http://link.springer.com/article/10.1007/s10766-016-0438-1","Article"
"A Discussion on Generalization in Next-Activity Prediction","Business Process Management Workshops","","","","10.1007/978-3-031-50974-2_2","Luka AbbPeter PfeifferPeter FettkeJana-Rebecca Rehse","2024","http://link.springer.com/chapter/10.1007/978-3-031-50974-2_2","Chapter"
"Predictive Process Monitoring in Apromore","Information Systems in the Big Data Era","","","","10.1007/978-3-319-92901-9_21","Ilya VerenichStanislav MõškovskiSimon RabocziMarlon DumasMarcello La RosaFabrizio Maria Maggi","2018","http://link.springer.com/chapter/10.1007/978-3-319-92901-9_21","Chapter"
"Product-Focused Software Process Improvement","Lecture Notes in Computer Science","","","","10.1007/978-3-031-49266-2","Regine KadgienAndreas JedlitschkaAndrea JanesValentina LenarduzziXiaozhou Li","2024","http://link.springer.com/book/10.1007/978-3-031-49266-2","Book"
"Decision Support Systems IV – Information and Knowledge Management in Decision Processes","Lecture Notes in Business Information Processing","","","","10.1007/978-3-319-21536-5","Isabelle LindenShaofeng LiuFátima DargamJorge E. Hernández","2015","http://link.springer.com/book/10.1007/978-3-319-21536-5","Book"
"Relationships Between Change Patterns in Dynamic Event Attributes","Business Process Management Workshops","","","","10.1007/978-3-031-50974-2_12","Jonas CremeriusHendrik PatzlaffMathias Weske","2024","http://link.springer.com/chapter/10.1007/978-3-031-50974-2_12","Chapter"
"An Experiment on Transfer Learning for Suffix Prediction on Event Logs","Business Process Management Workshops","","","","10.1007/978-3-031-50974-2_3","Mathieu van LuijkenIstván KetykóFelix Mannhardt","2024","http://link.springer.com/chapter/10.1007/978-3-031-50974-2_3","Chapter"
"A Tool for Business Processes Diagnostics","Service-Oriented Computing – ICSOC 2022 Workshops","","","","10.1007/978-3-031-26507-5_31","Mahsa PourbafraniFiras GharbiWil M. P. van der Aalst","2023","http://link.springer.com/chapter/10.1007/978-3-031-26507-5_31","Chapter"
"Intelligent Decision Support Systems","Biometric and Intelligent Decision Making Support","","","","10.1007/978-3-319-13659-2_2","Arturas Kaklauskas","2015","http://link.springer.com/chapter/10.1007/978-3-319-13659-2_2","Chapter"
"Advances on Intelligent Informatics and Computing","Lecture Notes on Data Engineering and Communications Technologies","","","","10.1007/978-3-030-98741-1","Dr. Faisal SaeedDr. Fathey MohammedDr. Fuad Ghaleb","2022","http://link.springer.com/book/10.1007/978-3-030-98741-1","Book"
"Discovering Characteristics that Affect Process Control Flow","Decision Support Systems IV – Information and Knowledge Management in Decision Processes","","","","10.1007/978-3-319-21536-5_5","Pavlos DeliasDaniela GrigoriMohamed Lamine MouhoubAlexis Tsoukias","2015","http://link.springer.com/chapter/10.1007/978-3-319-21536-5_5","Chapter"
"Predictive Business Process Monitoring","Encyclopedia of Big Data Technologies","","","","10.1007/978-3-319-63962-8_105-2","Chiara DiFrancescomarino","2022","http://link.springer.com/referenceworkentry/10.1007/978-3-319-63962-8_105-2","ReferenceWorkEntry"
"Proceedings of the Future Technologies Conference (FTC) 2023, Volume 1","Lecture Notes in Networks and Systems","","","","10.1007/978-3-031-47454-5","Kohei Arai","2023","http://link.springer.com/book/10.1007/978-3-031-47454-5","Book"
"Leveraging Applications of Formal Methods, Verification and Validation. Practice","Lecture Notes in Computer Science","","","","10.1007/978-3-031-19762-8","Tiziana MargariaBernhard Steffen","2022","http://link.springer.com/book/10.1007/978-3-031-19762-8","Book"
"Addressing Concept Drifts Using Deep Learning for Heart Disease Prediction: A Review","Proceedings of Second Doctoral Symposium on Computational Intelligence","","","","10.1007/978-981-16-3346-1_13","Ketan Sanjay DesaleSwati V. Shinde","2022","http://link.springer.com/chapter/10.1007/978-981-16-3346-1_13","Chapter"
"Time-Based Trace Clustering for Evolution-Aware Security Audits","Business Process Management Workshops","","","","10.1007/978-3-642-28115-0_45","Thomas Stocker","2012","http://link.springer.com/chapter/10.1007/978-3-642-28115-0_45","Chapter"
"Artificial Intelligence  in Education. Posters and Late Breaking Results, Workshops and Tutorials, Industry and Innovation Tracks, Practitioners’ and Doctoral Consortium","Lecture Notes in Computer Science","","","","10.1007/978-3-031-11647-6","Dr. Maria Mercedes RodrigoProf. Noburu MatsudaProf. Alexandra I. CristeaDr. Vania Dimitrova","2022","http://link.springer.com/book/10.1007/978-3-031-11647-6","Book"
"Generalized Alignment-Based Trace Clustering of Process Behavior","Application and Theory of Petri Nets and Concurrency","","","","10.1007/978-3-030-21571-2_14","Mathilde BoltenhagenThomas ChatainJosep Carmona","2019","http://link.springer.com/chapter/10.1007/978-3-030-21571-2_14","Chapter"
"Preparation","Conformance Checking","","","","10.1007/978-3-319-99414-7_6","Josep CarmonaBoudewijn van DongenAndreas SoltiMatthias Weidlich","2018","http://link.springer.com/chapter/10.1007/978-3-319-99414-7_6","Chapter"
"Digital Marketplaces Unleashed","","","","","10.1007/978-3-662-49275-8","Prof. Dr. Claudia Linnhoff-PopienDr. Ralf SchneiderMichael Zaddach","2018","http://link.springer.com/book/10.1007/978-3-662-49275-8","Book"
"Hybrid Intelligent Systems","Lecture Notes in Networks and Systems","","","","10.1007/978-3-031-27409-1","Ajith AbrahamTzung-Pei HongKetan KotechaKun MaPooja Manghirmalani MishraNiketa Gandhi","2023","http://link.springer.com/book/10.1007/978-3-031-27409-1","Book"
"Predictive Business Process Monitoring via Generative Adversarial Nets: The Case of Next Event Prediction","Business Process Management","","","","10.1007/978-3-030-58666-9_14","Farbod TaymouriMarcello La RosaSarah ErfaniZahra Dasht BozorgiIlya Verenich","2020","http://link.springer.com/chapter/10.1007/978-3-030-58666-9_14","Chapter"
"Incremental Predictive Process Monitoring: The Next Activity Case","Business Process Management","","","","10.1007/978-3-030-85469-0_10","Stephen PauwelsToon Calders","2021","http://link.springer.com/chapter/10.1007/978-3-030-85469-0_10","Chapter"
"A Novel Multi-perspective Trace Clustering Technique for IoT-Enhanced Processes: A Case Study in Smart Manufacturing","Business Process Management","","","","10.1007/978-3-031-41620-0_23","Yannis BertrandJochen De WeerdtEstefanía Serral","2023","http://link.springer.com/chapter/10.1007/978-3-031-41620-0_23","Chapter"
"Process Outcome Prediction: CNN vs. LSTM (with Attention)","Business Process Management Workshops","","","","10.1007/978-3-030-66498-5_24","Hans WeytjensJochen De Weerdt","2020","http://link.springer.com/chapter/10.1007/978-3-030-66498-5_24","Chapter"
"Process Model Repair Meets Theory Revision - Initial Ideas","The Practice of Enterprise Modeling","","","","10.1007/978-3-030-91279-6_13","Kate Revoredo","2021","http://link.springer.com/chapter/10.1007/978-3-030-91279-6_13","Chapter"
"Special section of BPMDS’2021 business process improvement","Software and Systems Modeling","","22","6","10.1007/s10270-023-01139-9","Adriano AugustoSelmin NurcanRainer Schmidt","2023","http://link.springer.com/article/10.1007/s10270-023-01139-9","Article"
"The Interplay Between High-Level Problems and the Process Instances that Give Rise to Them","Business Process Management Forum","","","","10.1007/978-3-031-41623-1_9","Bianka BakullariJules van ThoorDirk FahlandWil M. P. van der Aalst","2023","http://link.springer.com/chapter/10.1007/978-3-031-41623-1_9","Chapter"
"Intelligent Computing","Lecture Notes in Networks and Systems","","","","10.1007/978-3-030-80126-7","Prof. Dr. Kohei Arai","2021","http://link.springer.com/book/10.1007/978-3-030-80126-7","Book"
"Relational Data Mining in the Era of Big Data","A Comprehensive Guide Through the Italian Database Research Over the Last 25 Years","","","","10.1007/978-3-319-61893-7_19","Annalisa AppiceMichelangelo CeciDonato Malerba","2018","http://link.springer.com/chapter/10.1007/978-3-319-61893-7_19","Chapter"
"Robust and Generalizable Predictive Models for Business Processes","Business Process Management","","","","10.1007/978-3-030-85469-0_9","Praveen VenkateswaranVinod MuthusamyVatche IsahagianNalini Venkatasubramanian","2021","http://link.springer.com/chapter/10.1007/978-3-030-85469-0_9","Chapter"
"Encyclopedia of Complexity and Systems Science","","","","","10.1007/978-0-387-30440-3","Robert A. Meyers Ph. D.","2009","http://link.springer.com/referencework/10.1007/978-0-387-30440-3","ReferenceWork"
"Data-aware process discovery for malware detection: an empirical study","Machine Learning","","112","4","10.1007/s10994-022-06154-3","Mario Luca BernardiMarta CimitileFabrizio Maria Maggi","2023","http://link.springer.com/article/10.1007/s10994-022-06154-3","Article"
"The Alignment of Formal, Structured and Unstructured Process Descriptions","Application and Theory of Petri Nets and Concurrency","","","","10.1007/978-3-319-57861-3_1","Josep Carmona","2017","http://link.springer.com/chapter/10.1007/978-3-319-57861-3_1","Chapter"
"Artificial Intelligence Applications and Innovations","IFIP Advances in Information and Communication Technology","","","","10.1007/978-3-031-08337-2","Ilias MaglogiannisLazaros IliadisProf. John MacintyrePaulo Cortez","2022","http://link.springer.com/book/10.1007/978-3-031-08337-2","Book"
"Control-Flow Business Process Summarization via Activity Contraction","Intelligent Data Engineering and Automated Learning – IDEAL 2019","","","","10.1007/978-3-030-33617-2_25","Valeria FiondaGianluigi Greco","2019","http://link.springer.com/chapter/10.1007/978-3-030-33617-2_25","Chapter"
"Timed Process Interventions: Causal Inference vs. Reinforcement Learning","Business Process Management Workshops","","","","10.1007/978-3-031-50974-2_19","Hans WeytjensWouter VerbekeJochen De Weerdt","2024","http://link.springer.com/chapter/10.1007/978-3-031-50974-2_19","Chapter"
"Conclusions and Future Work","Process Mining Techniques in Business Environments","","","","10.1007/978-3-319-17482-2_18","Andrea Burattin","2015","http://link.springer.com/chapter/10.1007/978-3-319-17482-2_18","Chapter"
"Higher Education Learning Methodologies and Technologies Online","Communications in Computer and Information Science","","","","10.1007/978-3-031-29800-4","Giovanni FulantelliDaniel BurgosGabriella CasalinoMarta CimitileGiosuè Lo BoscoDavide Taibi","2023","http://link.springer.com/book/10.1007/978-3-031-29800-4","Book"
"Business Process Deviance Mining","Encyclopedia of Big Data Technologies","","","","10.1007/978-3-319-63962-8_100-1","Francesco FolinoLuigi Pontieri","2018","http://link.springer.com/referenceworkentry/10.1007/978-3-319-63962-8_100-1","ReferenceWorkEntry"
"Business Process Deviance Mining","Encyclopedia of Big Data Technologies","","","","10.1007/978-3-319-77525-8_100","Francesco FolinoLuigi Pontieri","2019","http://link.springer.com/referenceworkentry/10.1007/978-3-319-77525-8_100","ReferenceWorkEntry"
"AI for in-line vehicle sequence controlling: development and evaluation of an adaptive machine learning artifact to predict sequence deviations in a mixed-model production line","Flexible Services and Manufacturing Journal","","34","3","10.1007/s10696-021-09430-x","Maximilian StauderNiklas Kühl","2022","http://link.springer.com/article/10.1007/s10696-021-09430-x","Article"
"Technologies and Applications for Big Data Value","","","","","10.1007/978-3-030-78307-5","Dr. Edward CurryProf. Dr. Sören AuerDr. Arne J. BerreDr. Andreas MetzgerProf. Maria S. PerezProf. Sonja Zillner","2022","http://link.springer.com/book/10.1007/978-3-030-78307-5","Book"
"Creating Unbiased Public Benchmark Datasets with Data Leakage Prevention for Predictive Process Monitoring","Business Process Management Workshops","","","","10.1007/978-3-030-94343-1_2","Hans WeytjensJochen De Weerdt","2022","http://link.springer.com/chapter/10.1007/978-3-030-94343-1_2","Chapter"
"Proceedings of Eighth International Congress on Information and Communication Technology","Lecture Notes in Networks and Systems","","","","10.1007/978-981-99-3243-6","Xin-She YangR. Simon SherrattNilanjan DeyAmit Joshi","2023","http://link.springer.com/book/10.1007/978-981-99-3243-6","Book"
"Wireless Algorithms, Systems, and Applications","Lecture Notes in Computer Science","","","","10.1007/978-3-031-19214-2","Lei WangMichael SegalJenhui ChenTie Qiu","2022","http://link.springer.com/book/10.1007/978-3-031-19214-2","Book"
"Learning Uncertainty with Artificial Neural Networks for Improved Remaining Time Prediction of Business Processes","Business Process Management","","","","10.1007/978-3-030-85469-0_11","Hans WeytjensJochen De Weerdt","2021","http://link.springer.com/chapter/10.1007/978-3-030-85469-0_11","Chapter"
"Periodic Pattern Mining","","","","","10.1007/978-981-16-3964-7","R. Uday KiranPhilippe Fournier-VigerJose M. LunaJerry Chun-Wei LinAnirban Mondal","2021","http://link.springer.com/book/10.1007/978-981-16-3964-7","Book"
"Exogenous Shocks and Business Process Management","Business & Information Systems Engineering","","64","5","10.1007/s12599-021-00740-w","Maximilian RöglingerRalf PlattfautVincent BorghoffGeorgi KerpedzhievJörg BeckerDaniel BeverungenJan vom BrockeAmy Van LooyAdela del-Río-OrtegaStefanie Rinderle-MaMichael RosemannFlavia Maria SantoroPeter Trkman","2022","http://link.springer.com/article/10.1007/s12599-021-00740-w","Article"
"LoGo: Combining Local and Global Techniques for Predictive Business Process Monitoring","Advanced Information Systems Engineering","","","","10.1007/978-3-030-49435-3_18","Kristof BöhmerStefanie Rinderle-Ma","2020","http://link.springer.com/chapter/10.1007/978-3-030-49435-3_18","Chapter"
"Integrating Artificial Intelligence and Visualization for Visual Knowledge Discovery","Studies in Computational Intelligence","","","","10.1007/978-3-030-93119-3","Dr. Boris KovalerchukDr. Kawa NazemiRăzvan AndonieDr. Nuno DatiaDr. Ebad Banissi","2022","http://link.springer.com/book/10.1007/978-3-030-93119-3","Book"
"Proceedings of the 4th International Conference on Big Data Analytics for Cyber-Physical System in Smart City - Volume 1","Lecture Notes on Data Engineering and Communications Technologies","","","","10.1007/978-981-99-0880-6","Mohammed AtiquzzamanNeil YenZheng Xu","2023","http://link.springer.com/book/10.1007/978-981-99-0880-6","Book"
"Testing Software and Systems","Lecture Notes in Computer Science","","","","10.1007/978-3-031-04673-5","David ClarkProf. Dr. Hector MenendezAna Rosa Cavalli","2022","http://link.springer.com/book/10.1007/978-3-031-04673-5","Book"
"Understanding Context with ContextViewer – Tool for Visualization and Initial Preprocessing of Mobile Sensors Data","Modeling and Using Context","","","","10.1007/978-3-319-25591-0_6","Szymon BobekSebastian DziadzioPaweł JaciówMateusz ŚlażyńskiGrzegorz J. Nalepa","2015","http://link.springer.com/chapter/10.1007/978-3-319-25591-0_6","Chapter"
"20+ Years of Analytics on Complex Data: Impact, Issues, Challenges and Contributions","A Comprehensive Guide Through the Italian Database Research Over the Last 25 Years","","","","10.1007/978-3-319-61893-7_21","Stefano BastaGiuseppe MancoElio MasciariLuigi Pontieri","2018","http://link.springer.com/chapter/10.1007/978-3-319-61893-7_21","Chapter"
"Innovations in Bio-Inspired Computing and Applications","Lecture Notes in Networks and Systems","","","","10.1007/978-3-030-96299-9","Dr. Ajith AbrahamDr. Ana Maria MadureiraDr. Arturas KaklauskasDr. Niketa GandhiDr. Anu BajajDr. Azah Kamilah MudaDr. Dalia KriksciunieneDr. João Carlos Ferreira","2022","http://link.springer.com/book/10.1007/978-3-030-96299-9","Book"
"Database and Expert Systems Applications","Lecture Notes in Computer Science","","","","10.1007/978-3-031-39821-6","Christine StraussToshiyuki AmagasaGabriele KotsisA Min TjoaIsmail Khalil","2023","http://link.springer.com/book/10.1007/978-3-031-39821-6","Book"
"Service-Oriented Computing","Lecture Notes in Computer Science","","","","10.1007/978-3-031-48421-6","Flavia MontiStefanie Rinderle-MaAntonio Ruiz CortésZibin ZhengMassimo Mecella","2023","http://link.springer.com/book/10.1007/978-3-031-48421-6","Book"
"Software Architecture","Lecture Notes in Computer Science","","","","10.1007/978-3-031-15116-3","Prof. Patrizia ScandurraMatthias GalsterProf. Raffaela MirandolaProf. Dr. Danny Weyns","2022","http://link.springer.com/book/10.1007/978-3-031-15116-3","Book"
"Computational Collective Intelligence","Lecture Notes in Computer Science","","","","10.1007/978-3-030-88081-1","Prof. Ngoc Thanh NguyenLazaros IliadisIlias MaglogiannisBogdan Trawiński","2021","http://link.springer.com/book/10.1007/978-3-030-88081-1","Book"
"Encyclopedia of GIS","","","","","10.1007/978-3-319-17885-1","Shashi ShekharHui XiongXun Zhou","2017","http://link.springer.com/referencework/10.1007/978-3-319-17885-1","ReferenceWork"
"Product-Focused Software Process Improvement","Lecture Notes in Computer Science","","","","10.1007/978-3-031-21388-5","Davide TaibiMarco KuhrmannTommi MikkonenJil KlünderPekka Abrahamsson","2022","http://link.springer.com/book/10.1007/978-3-031-21388-5","Book"
"Proceedings of International Conference on Emerging Technologies and Intelligent Systems","Lecture Notes in Networks and Systems","","","","10.1007/978-3-030-85990-9","Dr. Mostafa Al-EmranDr. Mohammed A. Al-SharafiDr. Mohammed N. Al-KabiProf. Khaled Shaalan","2022","http://link.springer.com/book/10.1007/978-3-030-85990-9","Book"
"Granular, Fuzzy, and Soft Computing","Encyclopedia of Complexity and Systems Science Series","","","","10.1007/978-1-0716-2628-3","Tsau-Young LinChurn-Jung LiauJanusz Kacprzyk","2023","http://link.springer.com/referencework/10.1007/978-1-0716-2628-3","ReferenceWork"
"Adapting Case Management Techniques to Achieve Software Process Flexibility","Managing Software Process Evolution","","","","10.1007/978-3-319-31545-4_11","Marian Benner-WicknerMatthias BookVolker Gruhn","2016","http://link.springer.com/chapter/10.1007/978-3-319-31545-4_11","Chapter"
"Artificial Intelligence Research","Communications in Computer and Information Science","","","","10.1007/978-3-031-49002-6","Anban PillayEdgar JembereAurona J. Gerber","2023","http://link.springer.com/book/10.1007/978-3-031-49002-6","Book"
"Innovative Data Communication Technologies and Application","Lecture Notes on Data Engineering and Communications Technologies","","","","10.1007/978-981-16-7167-8","Dr. Jennifer S. RajDr. Khaled KamelDr. Pavel Lafata","2022","http://link.springer.com/book/10.1007/978-981-16-7167-8","Book"
"IoT data stream analytics","Annals of Telecommunications","","75","9 - 10","10.1007/s12243-020-00811-1","Albert BifetJoão Gama","2020","http://link.springer.com/article/10.1007/s12243-020-00811-1","Article"
"Predicting Remaining Cycle Time from Ongoing Cases: A Survival Analysis-Based Approach","Process Mining Workshops","","","","10.1007/978-3-030-72693-5_8","Fadi BaskharonAhmed AwadChiara Di Francescomarino","2021","http://link.springer.com/chapter/10.1007/978-3-030-72693-5_8","Chapter"
"Machine Learning for Data Science Handbook","","","","","10.1007/978-3-031-24628-9","Lior RokachOded MaimonErez Shmueli","2023","http://link.springer.com/book/10.1007/978-3-031-24628-9","Book"
"Advances in Production Management Systems. Artificial Intelligence for Sustainable and Resilient Production Systems","IFIP Advances in Information and Communication Technology","","","","10.1007/978-3-030-85874-2","Alexandre DolguiProf. Alain BernardDavid LemoineGregor von CieminskiDavid Romero","2021","http://link.springer.com/book/10.1007/978-3-030-85874-2","Book"
"Proceedings of the 4th International Conference on Big Data Analytics for Cyber-Physical System in Smart City - Volume 2","Lecture Notes on Data Engineering and Communications Technologies","","","","10.1007/978-981-99-1157-8","Mohammed AtiquzzamanNeil Yuwen YenZheng Xu","2023","http://link.springer.com/book/10.1007/978-981-99-1157-8","Book"
"Shape Your Process: Discovering Declarative Business Processes from Positive and Negative Traces Taking into Account User Preferences","Enterprise Design, Operations, and Computing","","","","10.1007/978-3-031-17604-3_13","Federico ChesaniChiara Di FrancescomarinoChiara GhidiniGiulia GrundlerDaniela LoretiFabrizio Maria MaggiPaola MelloMarco MontaliSergio Tessaris","2022","http://link.springer.com/chapter/10.1007/978-3-031-17604-3_13","Chapter"
"International Conference on Advanced Intelligent Systems for Sustainable Development","Lecture Notes in Networks and Systems","","","","10.1007/978-3-031-35248-5","Janusz KacprzykMostafa EzziyyaniValentina Emilia Balas","2023","http://link.springer.com/book/10.1007/978-3-031-35248-5","Book"
"Proceedings of the ICR’22 International Conference on Innovations in Computing Research","Advances in Intelligent Systems and Computing","","","","10.1007/978-3-031-14054-9","Dr. Kevin DaimiAbeer Al Sadoon","2022","http://link.springer.com/book/10.1007/978-3-031-14054-9","Book"
"The Data Science Lab at LMU Munich: Leveraging Knowledge Transfer, Implementing Collaborative Projects, and Promoting Future Data Science Talents","Digital Marketplaces Unleashed","","","","10.1007/978-3-662-49275-8_49","Thomas SeidlPeer KrögerTobias EmrichMatthias SchubertGregor JosséFlorian Richter","2018","http://link.springer.com/chapter/10.1007/978-3-662-49275-8_49","Chapter"
"Towards Automating Semantic Relationship Awareness in Operational Technology Monitoring","Future Data and Security Engineering. Big Data, Security and Privacy, Smart City and Industry 4.0 Applications","","","","10.1007/978-981-99-8296-7_39","Wieland SchwingerElisabeth KapsammerWerner RetschitzeggerBirgit PröllDavid GrafNorbert BaumgartnerJohannes SchönböckH. Zaunmair","2023","http://link.springer.com/chapter/10.1007/978-981-99-8296-7_39","Chapter"
"Proceedings of 2022 Chinese Intelligent Systems Conference","Lecture Notes in Electrical Engineering","","","","10.1007/978-981-19-6226-4","Yingmin JiaWeicun ZhangYongling FuShoujun Zhao","2022","http://link.springer.com/book/10.1007/978-981-19-6226-4","Book"
"Proceedings of International Conference on Computational Intelligence, Data Science and Cloud Computing","Algorithms for Intelligent Systems","","","","10.1007/978-981-19-1657-1","Dr. Lopa MandalDr. Joao Manuel R. S. TavaresDr. Valentina E. Balas","2022","http://link.springer.com/book/10.1007/978-981-19-1657-1","Book"
"Handbook on Artificial Intelligence-Empowered Applied Software Engineering","Artificial Intelligence-Enhanced Software and Systems Engineering","","","","10.1007/978-3-031-08202-3","Maria VirvouGeorge A. TsihrintzisNikolaos G. BourbakisLakhmi C. Jain","2022","http://link.springer.com/book/10.1007/978-3-031-08202-3","Book"
"Modeling recurring concepts in data streams: a graph-based framework","Knowledge and Information Systems","","55","1","10.1007/s10115-017-1070-0","Zahra AhmadiStefan Kramer","2018","http://link.springer.com/article/10.1007/s10115-017-1070-0","Article"
"25 Years of Applications of Logic Programming in Italy","A 25-Year Perspective on Logic Programming","","","","10.1007/978-3-642-14309-0_14","Alessandro Dal PalùPaolo Torroni","2010","http://link.springer.com/chapter/10.1007/978-3-642-14309-0_14","Chapter"
"Knowledge Science, Engineering and Management","Lecture Notes in Computer Science","","","","10.1007/978-3-031-40283-8","Zhi JinYuncheng JiangRobert Andrei BuchmannYaxin BiAna-Maria GhiranWenjun Ma","2023","http://link.springer.com/book/10.1007/978-3-031-40283-8","Book"
"Analysis and data mining of intellectual property using GRNN and SVM","Personal and Ubiquitous Computing","","24","1","10.1007/s00779-019-01344-8","Liying Li","2020","http://link.springer.com/article/10.1007/s00779-019-01344-8","Article"
"Advances in Intelligent Data Analysis and Applications","Smart Innovation, Systems and Technologies","","","","10.1007/978-981-16-5036-9","Dr. Jeng-Shyang PanDr. Valentina Emilia BalasProf. Dr. Chien-Ming Chen","2022","http://link.springer.com/book/10.1007/978-981-16-5036-9","Book"
"Intelligent Systems and Applications","Lecture Notes in Networks and Systems","","","","10.1007/978-3-031-16075-2","Kohei Arai","2023","http://link.springer.com/book/10.1007/978-3-031-16075-2","Book"
"Advanced Information Networking and Applications","Lecture Notes in Networks and Systems","","","","10.1007/978-3-030-99619-2","Prof. Dr. Leonard BarolliProf. Farookh HussainProf. Tomoya Enokido","2022","http://link.springer.com/book/10.1007/978-3-030-99619-2","Book"
"Intelligent Computing and Applications","Smart Innovation, Systems and Technologies","","","","10.1007/978-981-19-4162-7","B. Narendra Kumar RaoR. BalasubramanianShiuh-Jeng WangRichi Nayak","2023","http://link.springer.com/book/10.1007/978-981-19-4162-7","Book"
"Clustering Raw Sensor Data in Process Logs to Detect Data Streams","Cooperative Information Systems","","","","10.1007/978-3-031-46846-9_25","Matthias EhrendorferJuergen ManglerStefanie Rinderle-Ma","2024","http://link.springer.com/chapter/10.1007/978-3-031-46846-9_25","Chapter"
"Digital Technologies and Applications","Lecture Notes in Networks and Systems","","","","10.1007/978-3-030-73882-2","Prof. Saad MotahhirDr. Badre Bossoufi","2021","http://link.springer.com/book/10.1007/978-3-030-73882-2","Book"
"Intelligent Sustainable Systems","Lecture Notes in Networks and Systems","","","","10.1007/978-981-16-6369-7","Prof. Atulya K. NagarProf. Dharm Singh JatDr. Gabriela Marín-RaventósDr. Durgesh Kumar Mishra","2022","http://link.springer.com/book/10.1007/978-981-16-6369-7","Book"
"Intelligent Computing","Lecture Notes in Networks and Systems","","","","10.1007/978-3-031-10461-9","Prof. Dr. Kohei Arai","2022","http://link.springer.com/book/10.1007/978-3-031-10461-9","Book"
"Sensor Data Stream Selection and Aggregation for the Ex Post Discovery of Impact Factors on Process Outcomes","Intelligent Information Systems","","","","10.1007/978-3-030-79108-7_4","Matthias EhrendorferJuergen ManglerStefanie Rinderle-Ma","2021","http://link.springer.com/chapter/10.1007/978-3-030-79108-7_4","Chapter"
"Intelligent Systems Design and Applications","Lecture Notes in Networks and Systems","","","","10.1007/978-3-031-27440-4","Ajith AbrahamSabri PllanaGabriella CasalinoKun MaAnu Bajaj","2023","http://link.springer.com/book/10.1007/978-3-031-27440-4","Book"
"Rough Sets","Lecture Notes in Computer Science","","","","10.1007/978-3-031-50959-9","Andrea CampagnerOliver Urs LenzShuyin XiaDominik ŚlęzakJarosław WąsJingTao Yao","2023","http://link.springer.com/book/10.1007/978-3-031-50959-9","Book"
"Multi-perspective Anomaly Detection in Business Process Execution Events","On the Move to Meaningful Internet Systems: OTM 2016 Conferences","","","","10.1007/978-3-319-48472-3_5","Kristof BöhmerStefanie Rinderle-Ma","2016","http://link.springer.com/chapter/10.1007/978-3-319-48472-3_5","Chapter"
"Education, Research and Business Technologies","Smart Innovation, Systems and Technologies","","","","10.1007/978-981-16-8866-9","Assoc. Prof. Cristian CiureaProf. Cătălin BojaProf. Paul PocatiluAssoc. Prof. Mihai Doinea","2022","http://link.springer.com/book/10.1007/978-981-16-8866-9","Book"
"Big Data Semantics","Journal on Data Semantics","","7","2","10.1007/s13740-018-0086-2","Paolo CeravoloAntonia AzziniMarco AngeliniTiziana CatarciPhilippe Cudré-MaurouxErnesto DamianiAlexandra MazakMaurice Van KeulenMustafa JarrarGiuseppe SantucciKai-Uwe SattlerMonica ScannapiecoManuel WimmerRobert WrembelFadi Zaraket","2018","http://link.springer.com/article/10.1007/s13740-018-0086-2","Article"
"Development Methodologies for Big Data Analytics Systems","Transactions on Computational Science and Computational Intelligence","","","","10.1007/978-3-031-40956-1","Manuel MoraFen WangJorge Marx GomezHector Duran-Limon","2024","http://link.springer.com/book/10.1007/978-3-031-40956-1","Book"
"AIxIA 2023 – Advances in Artificial Intelligence","Lecture Notes in Computer Science","","","","10.1007/978-3-031-47546-7","Roberto BasiliDomenico LemboCarla LimongelliAndrea Orlandini","2023","http://link.springer.com/book/10.1007/978-3-031-47546-7","Book"
"ProLoD: An Efficient Framework for Processing Logistics Data","On the Move to Meaningful Internet Systems. OTM 2017 Conferences","","","","10.1007/978-3-319-69462-7_44","Mohammad AlShaerYehia TaherRafiqul HaqueMohand-Saïd HacidMohamed Dbouk","2017","http://link.springer.com/chapter/10.1007/978-3-319-69462-7_44","Chapter"
"Digitalisierung und Künstliche Intelligenz in der Produktion","","","","","10.1007/978-3-658-32773-6","Prof. Dr. Andreas Mockenhaupt","2021","http://link.springer.com/book/10.1007/978-3-658-32773-6","Book"
"Big Data and Security","Communications in Computer and Information Science","","","","10.1007/978-981-99-3300-6","Yuan TianTinghuai MaQingshan JiangQi LiuMuhammad Khurram Khan","2023","http://link.springer.com/book/10.1007/978-981-99-3300-6","Book"
"Assessing the Impact of Context Data on Process Outcomes During Runtime","Service-Oriented Computing","","","","10.1007/978-3-030-91431-8_1","Matthias EhrendorferJuergen ManglerStefanie Rinderle-Ma","2021","http://link.springer.com/chapter/10.1007/978-3-030-91431-8_1","Chapter"